ISO-10303-21;
HEADER;
FILE_DESCRIPTION (( 'STEP AP214' ),
    '1' );
FILE_NAME ('SLI9670AQ20FW1311XUMA1.STEP',
    '2020-12-18T09:07:02',
    ( '' ),
    ( '' ),
    'SwSTEP 2.0',
    'SolidWorks 2018',
    '' );
FILE_SCHEMA (( 'AUTOMOTIVE_DESIGN' ));
ENDSEC;

DATA;
#1 = CARTESIAN_POINT ( 'NONE',  ( 0.3700000000000013833, 0.000000000000000000, -2.100000000000000089 ) ) ;
#2 = LINE ( 'NONE', #1346, #1587 ) ;
#3 = EDGE_CURVE ( 'NONE', #8814, #9801, #2945, .T. ) ;
#4 = ORIENTED_EDGE ( 'NONE', *, *, #5022, .F. ) ;
#5 = DIRECTION ( 'NONE',  ( 1.000000000000000000, -0.000000000000000000, 0.000000000000000000 ) ) ;
#6 = AXIS2_PLACEMENT_3D ( 'NONE', #1282, #8209, #5127 ) ;
#7 = DIRECTION ( 'NONE',  ( 1.000000000000000000, 0.000000000000000000, -3.614007241618325499E-15 ) ) ;
#8 = LINE ( 'NONE', #7109, #7973 ) ;
#9 = DIRECTION ( 'NONE',  ( -0.000000000000000000, -1.000000000000000000, -0.000000000000000000 ) ) ;
#10 = VERTEX_POINT ( 'NONE', #1641 ) ;
#11 = CARTESIAN_POINT ( 'NONE',  ( -0.8699999999999996625, 0.2000000000000000111, 2.100000000000000977 ) ) ;
#12 = ORIENTED_EDGE ( 'NONE', *, *, #7740, .T. ) ;
#13 = VECTOR ( 'NONE', #6697, 1000.000000000000000 ) ;
#14 = ADVANCED_FACE ( 'NONE', ( #7028 ), #119, .F. ) ;
#15 = CARTESIAN_POINT ( 'NONE',  ( 2.100000000000001865, 0.6664761515876249653, 0.3699999999999996625 ) ) ;
#16 = AXIS2_PLACEMENT_3D ( 'NONE', #9914, #784, #9978 ) ;
#17 = DIRECTION ( 'NONE',  ( 0.000000000000000000, -0.000000000000000000, -1.000000000000000000 ) ) ;
#18 = DIRECTION ( 'NONE',  ( -0.000000000000000000, -1.000000000000000000, -0.000000000000000000 ) ) ;
#19 = ORIENTED_EDGE ( 'NONE', *, *, #9653, .T. ) ;
#20 = CARTESIAN_POINT ( 'NONE',  ( 0.000000000000000000, 0.2000000000000000111, 0.000000000000000000 ) ) ;
#21 = EDGE_CURVE ( 'NONE', #8405, #237, #6303, .T. ) ;
#22 = CARTESIAN_POINT ( 'NONE',  ( 1.870000000000001883, 0.2000000000000000111, 2.100000000000000089 ) ) ;
#23 = CARTESIAN_POINT ( 'NONE',  ( 2.500000000000002220, 0.1999999999999999833, -0.1300000000000003375 ) ) ;
#24 = LINE ( 'NONE', #285, #7988 ) ;
#25 = ORIENTED_EDGE ( 'NONE', *, *, #4643, .T. ) ;
#26 = VECTOR ( 'NONE', #9202, 1000.000000000000000 ) ;
#28 = ADVANCED_FACE ( 'NONE', ( #4725 ), #2471, .T. ) ;
#27 = ORIENTED_EDGE ( 'NONE', *, *, #3707, .F. ) ;
#29 = DIRECTION ( 'NONE',  ( -1.000000000000000000, 0.000000000000000000, 0.000000000000000000 ) ) ;
#30 = CARTESIAN_POINT ( 'NONE',  ( 1.800000000000000044, 0.000000000000000000, -1.799999999999999822 ) ) ;
#31 = DIRECTION ( 'NONE',  ( 0.000000000000000000, -1.000000000000000000, 0.000000000000000000 ) ) ;
#32 = FACE_OUTER_BOUND ( 'NONE', #715, .T. ) ;
#33 = ORIENTED_EDGE ( 'NONE', *, *, #5285, .F. ) ;
#34 = EDGE_CURVE ( 'NONE', #6631, #9977, #2209, .T. ) ;
#35 = VECTOR ( 'NONE', #8818, 1000.000000000000000 ) ;
#36 = ORIENTED_EDGE ( 'NONE', *, *, #2283, .F. ) ;
#37 = DIRECTION ( 'NONE',  ( 1.000000000000000000, 0.000000000000000000, 0.000000000000000000 ) ) ;
#38 = CARTESIAN_POINT ( 'NONE',  ( -2.100000000000001865, 0.1999999999999999833, -0.6300000000000003375 ) ) ;
#39 = VERTEX_POINT ( 'NONE', #8512 ) ;
#40 = DIRECTION ( 'NONE',  ( 0.000000000000000000, 0.000000000000000000, -1.000000000000000000 ) ) ;
#41 = DIRECTION ( 'NONE',  ( 0.000000000000000000, -0.000000000000000000, -1.000000000000000000 ) ) ;
#43 = COLOUR_RGB ( '',0.7921568627450980005, 0.8196078431372548767, 0.9333333333333333481 ) ;
#42 = AXIS2_PLACEMENT_3D ( 'NONE', #2936, #9111, #2213 ) ;
#44 = DIRECTION ( 'NONE',  ( 0.000000000000000000, -0.000000000000000000, -1.000000000000000000 ) ) ;
#45 = ORIENTED_EDGE ( 'NONE', *, *, #4485, .F. ) ;
#46 = DIRECTION ( 'NONE',  ( 0.000000000000000000, -0.000000000000000000, 1.000000000000000000 ) ) ;
#47 = ORIENTED_EDGE ( 'NONE', *, *, #672, .T. ) ;
#48 = EDGE_CURVE ( 'NONE', #1746, #5139, #6082, .T. ) ;
#49 = LINE ( 'NONE', #9865, #5387 ) ;
#50 =( NAMED_UNIT ( * ) PLANE_ANGLE_UNIT ( ) SI_UNIT ( $, .RADIAN. ) );
#51 = CARTESIAN_POINT ( 'NONE',  ( 2.100000000000001865, 0.1999999999999999833, -1.130000000000000338 ) ) ;
#52 = LINE ( 'NONE', #2818, #912 ) ;
#53 = CARTESIAN_POINT ( 'NONE',  ( 2.100000000000001865, 0.05000000000000002359, 0.8699999999999996625 ) ) ;
#54 = PLANE ( 'NONE',  #6287 ) ;
#55 = CARTESIAN_POINT ( 'NONE',  ( -0.1299999999999981726, 0.1999999999999999833, 2.100000000000000089 ) ) ;
#56 = VECTOR ( 'NONE', #4289, 1000.000000000000000 ) ;
#57 = ORIENTED_EDGE ( 'NONE', *, *, #3866, .F. ) ;
#58 = DIRECTION ( 'NONE',  ( 0.000000000000000000, -1.000000000000000000, 0.000000000000000000 ) ) ;
#59 = DIRECTION ( 'NONE',  ( 0.000000000000000000, -1.000000000000000000, 0.000000000000000000 ) ) ;
#60 = VERTEX_POINT ( 'NONE', #3172 ) ;
#61 = DIRECTION ( 'NONE',  ( 1.000000000000000000, -0.000000000000000000, -3.614007241618342065E-15 ) ) ;
#62 = FILL_AREA_STYLE ('',( #804 ) ) ;
#63 = AXIS2_PLACEMENT_3D ( 'NONE', #9097, #6212, #4430 ) ;
#64 = FACE_OUTER_BOUND ( 'NONE', #2309, .T. ) ;
#65 = EDGE_CURVE ( 'NONE', #7588, #8405, #6418, .T. ) ;
#66 = AXIS2_PLACEMENT_3D ( 'NONE', #8857, #6515, #8087 ) ;
#67 = VECTOR ( 'NONE', #4260, 1000.000000000000000 ) ;
#68 = EDGE_LOOP ( 'NONE', ( #1089, #2978, #2112, #981 ) ) ;
#69 = LINE ( 'NONE', #8086, #185 ) ;
#70 = AXIS2_PLACEMENT_3D ( 'NONE', #4064, #7209, #1862 ) ;
#71 = ORIENTED_EDGE ( 'NONE', *, *, #4267, .T. ) ;
#72 = ADVANCED_FACE ( 'NONE', ( #6189 ), #933, .F. ) ;
#73 = VECTOR ( 'NONE', #9008, 1000.000000000000000 ) ;
#74 = DIRECTION ( 'NONE',  ( -0.000000000000000000, -1.000000000000000000, -0.000000000000000000 ) ) ;
#75 = CARTESIAN_POINT ( 'NONE',  ( 0.8700000000000009948, 0.1999999999999999833, 2.500000000000000444 ) ) ;
#76 = DIRECTION ( 'NONE',  ( 0.000000000000000000, -1.000000000000000000, 0.000000000000000000 ) ) ;
#77 = LINE ( 'NONE', #1423, #2641 ) ;
#78 = ORIENTED_EDGE ( 'NONE', *, *, #9201, .T. ) ;
#79 = VECTOR ( 'NONE', #1109, 1000.000000000000000 ) ;
#80 = CLOSED_SHELL ( 'NONE', ( #5948, #280, #3137, #4358, #3934, #3989 ) ) ;
#81 = DIRECTION ( 'NONE',  ( -0.000000000000000000, -1.000000000000000000, -0.000000000000000000 ) ) ;
#82 = CARTESIAN_POINT ( 'NONE',  ( 0.000000000000000000, 0.2000000000000000111, 0.000000000000000000 ) ) ;
#83 = FACE_OUTER_BOUND ( 'NONE', #811, .T. ) ;
#84 = ADVANCED_FACE ( 'NONE', ( #4383 ), #2674, .F. ) ;
#85 = EDGE_CURVE ( 'NONE', #6621, #4004, #7967, .T. ) ;
#86 = LINE ( 'NONE', #4416, #693 ) ;
#87 = VERTEX_POINT ( 'NONE', #3142 ) ;
#88 = VECTOR ( 'NONE', #7357, 1000.000000000000000 ) ;
#89 = ORIENTED_EDGE ( 'NONE', *, *, #3775, .F. ) ;
#90 = CARTESIAN_POINT ( 'NONE',  ( -0.3699999999999996625, 0.2000000000000000111, 2.100000000000000977 ) ) ;
#91 = DIRECTION ( 'NONE',  ( 1.000000000000000000, -0.000000000000000000, -0.000000000000000000 ) ) ;
#92 = CARTESIAN_POINT ( 'NONE',  ( -2.100000000000001865, 0.1999999999999999833, 0.1299999999999981726 ) ) ;
#93 = VERTEX_POINT ( 'NONE', #2773 ) ;
#94 = PLANE ( 'NONE',  #1483 ) ;
#95 = VECTOR ( 'NONE', #1835, 1000.000000000000000 ) ;
#96 = ORIENTED_EDGE ( 'NONE', *, *, #9639, .F. ) ;
#97 = ORIENTED_EDGE ( 'NONE', *, *, #6225, .T. ) ;
#98 = EDGE_CURVE ( 'NONE', #9042, #7543, #2565, .T. ) ;
#99 = CARTESIAN_POINT ( 'NONE',  ( -1.869999999999999440, 0.1999999999999999833, 2.500000000000001332 ) ) ;
#100 = CARTESIAN_POINT ( 'NONE',  ( -1.629999999999998117, 0.2000000000000000111, 2.100000000000000089 ) ) ;
#101 = VECTOR ( 'NONE', #9021, 1000.000000000000000 ) ;
#102 = ORIENTED_EDGE ( 'NONE', *, *, #10006, .F. ) ;
#103 = LINE ( 'NONE', #4573, #8675 ) ;
#104 = ORIENTED_EDGE ( 'NONE', *, *, #4147, .F. ) ;
#105 = LINE ( 'NONE', #5281, #7942 ) ;
#106 = CLOSED_SHELL ( 'NONE', ( #2124, #1655, #639, #181, #2373, #7870 ) ) ;
#107 = CARTESIAN_POINT ( 'NONE',  ( 0.8700000000000009948, 0.000000000000000000, 2.500000000000000444 ) ) ;
#108 = CARTESIAN_POINT ( 'NONE',  ( 0.3700000000000018274, 0.2000000000000005107, 2.499999999999999556 ) ) ;
#109 = CARTESIAN_POINT ( 'NONE',  ( 0.8700000000000009948, 0.6664761515876257425, 2.500000000000000444 ) ) ;
#110 = VECTOR ( 'NONE', #1773, 1000.000000000000000 ) ;
#111 = EDGE_LOOP ( 'NONE', ( #9927, #6910, #9268, #345 ) ) ;
#112 = EDGE_CURVE ( 'NONE', #3973, #9151, #3405, .T. ) ;
#113 = DIRECTION ( 'NONE',  ( -0.000000000000000000, -1.000000000000000000, -0.000000000000000000 ) ) ;
#114 = LINE ( 'NONE', #6325, #3518 ) ;
#115 = EDGE_LOOP ( 'NONE', ( #4660, #5682, #1198, #8657 ) ) ;
#117 = ADVANCED_FACE ( 'NONE', ( #2328 ), #4944, .F. ) ;
#116 = LINE ( 'NONE', #8919, #6678 ) ;
#118 = MECHANICAL_DESIGN_GEOMETRIC_PRESENTATION_REPRESENTATION (  '', ( #1494 ), #647 ) ;
#119 = PLANE ( 'NONE',  #8993 ) ;
#120 = ORIENTED_EDGE ( 'NONE', *, *, #2253, .T. ) ;
#121 = DIRECTION ( 'NONE',  ( 0.000000000000000000, -0.000000000000000000, 1.000000000000000000 ) ) ;
#122 = DIRECTION ( 'NONE',  ( -0.000000000000000000, -1.000000000000000000, -0.000000000000000000 ) ) ;
#123 = DIRECTION ( 'NONE',  ( 0.000000000000000000, 0.000000000000000000, -1.000000000000000000 ) ) ;
#124 = PLANE ( 'NONE',  #1895 ) ;
#125 = VECTOR ( 'NONE', #6650, 1000.000000000000000 ) ;
#126 = EDGE_CURVE ( 'NONE', #4004, #8115, #4612, .T. ) ;
#127 = ORIENTED_EDGE ( 'NONE', *, *, #8694, .F. ) ;
#128 =( LENGTH_UNIT ( ) NAMED_UNIT ( * ) SI_UNIT ( .MILLI., .METRE. ) );
#129 = AXIS2_PLACEMENT_3D ( 'NONE', #9681, #6498, #7380 ) ;
#130 = FACE_OUTER_BOUND ( 'NONE', #1810, .T. ) ;
#131 = ORIENTED_EDGE ( 'NONE', *, *, #5818, .T. ) ;
#132 = ORIENTED_EDGE ( 'NONE', *, *, #1417, .T. ) ;
#133 = ADVANCED_FACE ( 'NONE', ( #7735 ), #5763, .T. ) ;
#134 = CARTESIAN_POINT ( 'NONE',  ( 1.370000000000001883, 0.1999999999999999833, 2.100000000000000089 ) ) ;
#135 =( GEOMETRIC_REPRESENTATION_CONTEXT ( 3 ) GLOBAL_UNCERTAINTY_ASSIGNED_CONTEXT ( ( #9331 ) ) GLOBAL_UNIT_ASSIGNED_CONTEXT ( ( #7846, #4044, #6437 ) ) REPRESENTATION_CONTEXT ( 'NONE', 'WORKASPACE' ) );
#136 = LINE ( 'NONE', #2231, #4511 ) ;
#137 = EDGE_CURVE ( 'NONE', #7482, #7602, #6793, .T. ) ;
#138 = VERTEX_POINT ( 'NONE', #9646 ) ;
#139 = DIRECTION ( 'NONE',  ( 1.000000000000000000, 0.000000000000000000, 0.000000000000000000 ) ) ;
#140 = SURFACE_SIDE_STYLE ('',( #5536 ) ) ;
#141 = AXIS2_PLACEMENT_3D ( 'NONE', #2275, #5278, #4623 ) ;
#142 = EDGE_LOOP ( 'NONE', ( #9044, #6324, #5602, #352 ) ) ;
#143 = MANIFOLD_SOLID_BREP ( 'LPattern4[11]', #1566 ) ;
#144 = DIRECTION ( 'NONE',  ( -0.000000000000000000, -1.000000000000000000, -0.000000000000000000 ) ) ;
#145 = EDGE_CURVE ( 'NONE', #2825, #1270, #116, .T. ) ;
#146 = VERTEX_POINT ( 'NONE', #6570 ) ;
#147 = FILL_AREA_STYLE_COLOUR ( '', #3407 ) ;
#148 = CARTESIAN_POINT ( 'NONE',  ( 2.500000000000002220, 0.1999999999999999833, -0.1300000000000003375 ) ) ;
#149 = LINE ( 'NONE', #3151, #7991 ) ;
#150 = EDGE_LOOP ( 'NONE', ( #7332, #8554, #7008, #525 ) ) ;
#151 = LINE ( 'NONE', #1567, #1010 ) ;
#152 = ORIENTED_EDGE ( 'NONE', *, *, #2372, .F. ) ;
#153 = AXIS2_PLACEMENT_3D ( 'NONE', #7159, #1786, #9490 ) ;
#154 = CARTESIAN_POINT ( 'NONE',  ( -0.3699999999999996625, 0.1999999999999999833, 2.100000000000000977 ) ) ;
#155 = CARTESIAN_POINT ( 'NONE',  ( -0.8700000000000001066, 0.04999999999999969746, -2.500000000000000444 ) ) ;
#156 = VECTOR ( 'NONE', #5250, 1000.000000000000000 ) ;
#157 = DIRECTION ( 'NONE',  ( -1.000000000000000000, 0.000000000000000000, 3.614007241618342065E-15 ) ) ;
#158 = EDGE_CURVE ( 'NONE', #5945, #536, #248, .T. ) ;
#159 = PLANE ( 'NONE',  #6141 ) ;
#160 = CARTESIAN_POINT ( 'NONE',  ( -2.100000000000001865, 0.05000000000000002359, -1.630000000000000338 ) ) ;
#161 = FILL_AREA_STYLE ('',( #259 ) ) ;
#162 = ORIENTED_EDGE ( 'NONE', *, *, #6319, .T. ) ;
#163 = FACE_OUTER_BOUND ( 'NONE', #2681, .T. ) ;
#164 = ORIENTED_EDGE ( 'NONE', *, *, #3662, .F. ) ;
#165 = ORIENTED_EDGE ( 'NONE', *, *, #3227, .T. ) ;
#166 = CARTESIAN_POINT ( 'NONE',  ( 1.629999999999999893, 0.1999999999999999833, -2.100000000000000089 ) ) ;
#167 = EDGE_CURVE ( 'NONE', #2913, #9863, #1102, .T. ) ;
#168 = CARTESIAN_POINT ( 'NONE',  ( -2.500000000000002220, 0.000000000000000000, -1.130000000000000338 ) ) ;
#169 = VERTEX_POINT ( 'NONE', #9571 ) ;
#170 = LINE ( 'NONE', #1709, #9125 ) ;
#171 = ADVANCED_FACE ( 'NONE', ( #6295 ), #343, .F. ) ;
#172 = VECTOR ( 'NONE', #5469, 1000.000000000000000 ) ;
#173 = EDGE_CURVE ( 'NONE', #8353, #9408, #1354, .T. ) ;
#174 = ORIENTED_EDGE ( 'NONE', *, *, #2662, .T. ) ;
#175 = DIRECTION ( 'NONE',  ( -0.000000000000000000, -1.000000000000000000, -0.000000000000000000 ) ) ;
#176 = ORIENTED_EDGE ( 'NONE', *, *, #6154, .T. ) ;
#177 = DIRECTION ( 'NONE',  ( 2.710505431213760691E-15, 0.000000000000000000, 1.000000000000000000 ) ) ;
#178 = DIRECTION ( 'NONE',  ( 2.710505431213760691E-15, 0.000000000000000000, 1.000000000000000000 ) ) ;
#179 = CARTESIAN_POINT ( 'NONE',  ( 0.3700000000000003286, 0.6664761515876257425, -2.500000000000000444 ) ) ;
#180 = SURFACE_STYLE_FILL_AREA ( #4317 ) ;
#181 = ADVANCED_FACE ( 'NONE', ( #4246 ), #3469, .F. ) ;
#182 = LINE ( 'NONE', #1291, #3589 ) ;
#183 = ORIENTED_EDGE ( 'NONE', *, *, #1733, .T. ) ;
#184 = EDGE_CURVE ( 'NONE', #2330, #2589, #4841, .T. ) ;
#185 = VECTOR ( 'NONE', #1180, 1000.000000000000000 ) ;
#186 = CLOSED_SHELL ( 'NONE', ( #84, #7334, #6687, #1472, #7665, #8725 ) ) ;
#187 = EDGE_CURVE ( 'NONE', #8229, #9436, #8446, .T. ) ;
#188 = DIRECTION ( 'NONE',  ( -1.000000000000000000, 0.000000000000000000, -0.000000000000000000 ) ) ;
#189 = COLOUR_RGB ( '',0.7921568627450980005, 0.8196078431372548767, 0.9333333333333333481 ) ;
#190 =( NAMED_UNIT ( * ) SI_UNIT ( $, .STERADIAN. ) SOLID_ANGLE_UNIT ( ) );
#191 = FACE_OUTER_BOUND ( 'NONE', #1217, .T. ) ;
#192 = EDGE_LOOP ( 'NONE', ( #8673, #7607, #5731, #2967 ) ) ;
#193 = ORIENTED_EDGE ( 'NONE', *, *, #9476, .T. ) ;
#194 = CARTESIAN_POINT ( 'NONE',  ( -1.369999999999999440, 0.2000000000000000111, 2.500000000000001332 ) ) ;
#195 = EDGE_CURVE ( 'NONE', #93, #4190, #2, .T. ) ;
#196 = UNCERTAINTY_MEASURE_WITH_UNIT (LENGTH_MEASURE( 1.000000000000000082E-05 ), #2429, 'distance_accuracy_value', 'NONE');
#197 = LINE ( 'NONE', #1960, #8166 ) ;
#198 = PLANE ( 'NONE',  #8390 ) ;
#199 = VECTOR ( 'NONE', #9532, 1000.000000000000000 ) ;
#200 = ORIENTED_EDGE ( 'NONE', *, *, #6796, .T. ) ;
#201 = LINE ( 'NONE', #5998, #2033 ) ;
#202 = ORIENTED_EDGE ( 'NONE', *, *, #9176, .T. ) ;
#203 = DIRECTION ( 'NONE',  ( 0.000000000000000000, -0.000000000000000000, 1.000000000000000000 ) ) ;
#204 = ORIENTED_EDGE ( 'NONE', *, *, #1012, .F. ) ;
#205 = DIRECTION ( 'NONE',  ( 0.000000000000000000, -1.000000000000000000, 0.000000000000000000 ) ) ;
#206 = LINE ( 'NONE', #7354, #3856 ) ;
#207 = DIRECTION ( 'NONE',  ( -0.000000000000000000, -1.000000000000000000, -0.000000000000000000 ) ) ;
#208 = VECTOR ( 'NONE', #379, 1000.000000000000000 ) ;
#209 = ORIENTED_EDGE ( 'NONE', *, *, #6626, .T. ) ;
#210 = SURFACE_STYLE_USAGE ( .BOTH. , #6330 ) ;
#211 = ORIENTED_EDGE ( 'NONE', *, *, #479, .F. ) ;
#212 = EDGE_CURVE ( 'NONE', #9188, #3420, #848, .T. ) ;
#213 = FACE_OUTER_BOUND ( 'NONE', #6008, .T. ) ;
#214 =( NAMED_UNIT ( * ) PLANE_ANGLE_UNIT ( ) SI_UNIT ( $, .RADIAN. ) );
#215 = ORIENTED_EDGE ( 'NONE', *, *, #547, .F. ) ;
#216 = ADVANCED_FACE ( 'NONE', ( #9527 ), #2046, .F. ) ;
#217 = PRESENTATION_STYLE_ASSIGNMENT (( #7037 ) ) ;
#218 = VERTEX_POINT ( 'NONE', #1277 ) ;
#219 = VECTOR ( 'NONE', #610, 1000.000000000000000 ) ;
#220 = CARTESIAN_POINT ( 'NONE',  ( 2.100000000000001865, 0.1999999999999999833, -1.370000000000001883 ) ) ;
#221 = CARTESIAN_POINT ( 'NONE',  ( -1.129999999999999671, 0.1999999999999999833, -2.500000000000000444 ) ) ;
#222 = CARTESIAN_POINT ( 'NONE',  ( 0.000000000000000000, 0.05000000000000000278, 0.1299999999999981726 ) ) ;
#223 = ORIENTED_EDGE ( 'NONE', *, *, #1045, .F. ) ;
#224 = DIRECTION ( 'NONE',  ( -1.000000000000000000, 0.000000000000000000, -0.000000000000000000 ) ) ;
#225 = DIRECTION ( 'NONE',  ( 1.000000000000000000, -0.000000000000000000, -0.000000000000000000 ) ) ;
#226 = CARTESIAN_POINT ( 'NONE',  ( -2.100000000000001865, 0.1999999999999999833, -1.130000000000000338 ) ) ;
#227 = CARTESIAN_POINT ( 'NONE',  ( 1.870000000000000329, 0.000000000000000000, -2.500000000000000444 ) ) ;
#228 = ORIENTED_EDGE ( 'NONE', *, *, #1305, .F. ) ;
#229 = LINE ( 'NONE', #1072, #1803 ) ;
#230 = EDGE_LOOP ( 'NONE', ( #3780, #9992, #1508, #4630 ) ) ;
#231 = ORIENTED_EDGE ( 'NONE', *, *, #4890, .T. ) ;
#232 = EDGE_CURVE ( 'NONE', #9977, #3226, #5451, .T. ) ;
#233 = ADVANCED_FACE ( 'NONE', ( #8219 ), #1371, .F. ) ;
#234 = ORIENTED_EDGE ( 'NONE', *, *, #8624, .F. ) ;
#235 = DIRECTION ( 'NONE',  ( -1.000000000000000000, 0.000000000000000000, 0.000000000000000000 ) ) ;
#236 = LINE ( 'NONE', #5214, #3272 ) ;
#237 = VERTEX_POINT ( 'NONE', #8268 ) ;
#238 = FACE_OUTER_BOUND ( 'NONE', #8834, .T. ) ;
#239 = ORIENTED_EDGE ( 'NONE', *, *, #1111, .F. ) ;
#240 = PLANE ( 'NONE',  #7081 ) ;
#241 = DIRECTION ( 'NONE',  ( 0.000000000000000000, 0.000000000000000000, -1.000000000000000000 ) ) ;
#242 =( NAMED_UNIT ( * ) PLANE_ANGLE_UNIT ( ) SI_UNIT ( $, .RADIAN. ) );
#243 = CARTESIAN_POINT ( 'NONE',  ( -0.6299999999999990052, 0.04999999999999969746, 2.500000000000000444 ) ) ;
#244 = CARTESIAN_POINT ( 'NONE',  ( -2.100000000000001865, 0.6664761515876249653, -0.1300000000000003375 ) ) ;
#245 = EDGE_CURVE ( 'NONE', #5362, #1279, #2442, .T. ) ;
#246 = CARTESIAN_POINT ( 'NONE',  ( -1.629999999999998561, 0.2000000000000000111, -2.100000000000000089 ) ) ;
#247 = CARTESIAN_POINT ( 'NONE',  ( -0.8699999999999996625, 0.1999999999999999833, 2.100000000000000977 ) ) ;
#248 = LINE ( 'NONE', #1098, #3661 ) ;
#249 = ORIENTED_EDGE ( 'NONE', *, *, #3579, .T. ) ;
#250 = LINE ( 'NONE', #9987, #1481 ) ;
#251 = AXIS2_PLACEMENT_3D ( 'NONE', #2038, #5861, #2004 ) ;
#252 = CARTESIAN_POINT ( 'NONE',  ( -2.100000000000001865, 0.1999999999999999833, -1.370000000000001883 ) ) ;
#253 = DIRECTION ( 'NONE',  ( -1.000000000000000000, 0.000000000000000000, 0.000000000000000000 ) ) ;
#254 = ORIENTED_EDGE ( 'NONE', *, *, #6591, .F. ) ;
#255 = DIRECTION ( 'NONE',  ( 1.000000000000000000, -0.000000000000000000, 0.000000000000000000 ) ) ;
#256 = EDGE_CURVE ( 'NONE', #6489, #5699, #6074, .T. ) ;
#257 = VERTEX_POINT ( 'NONE', #6713 ) ;
#258 = DIRECTION ( 'NONE',  ( 0.000000000000000000, 0.000000000000000000, -1.000000000000000000 ) ) ;
#259 = FILL_AREA_STYLE_COLOUR ( '', #9847 ) ;
#260 = DIRECTION ( 'NONE',  ( -0.000000000000000000, 0.000000000000000000, -1.000000000000000000 ) ) ;
#261 = ORIENTED_EDGE ( 'NONE', *, *, #6276, .T. ) ;
#262 = DIRECTION ( 'NONE',  ( -0.000000000000000000, -1.000000000000000000, -0.000000000000000000 ) ) ;
#263 = AXIS2_PLACEMENT_3D ( 'NONE', #2906, #619, #7534 ) ;
#264 = VERTEX_POINT ( 'NONE', #6815 ) ;
#265 = ADVANCED_FACE ( 'NONE', ( #4130 ), #8957, .T. ) ;
#266 = LINE ( 'NONE', #7094, #3423 ) ;
#267 = VERTEX_POINT ( 'NONE', #2193 ) ;
#268 = SURFACE_SIDE_STYLE ('',( #843 ) ) ;
#269 = COLOUR_RGB ( '',0.7921568627450980005, 0.8196078431372548767, 0.9333333333333333481 ) ;
#270 = DIRECTION ( 'NONE',  ( -1.000000000000000000, 0.000000000000000000, 2.710505431213760691E-15 ) ) ;
#271 = PLANE ( 'NONE',  #6293 ) ;
#272 =( GEOMETRIC_REPRESENTATION_CONTEXT ( 3 ) GLOBAL_UNCERTAINTY_ASSIGNED_CONTEXT ( ( #947 ) ) GLOBAL_UNIT_ASSIGNED_CONTEXT ( ( #8886, #3541, #1904 ) ) REPRESENTATION_CONTEXT ( 'NONE', 'WORKASPACE' ) );
#273 = VERTEX_POINT ( 'NONE', #5123 ) ;
#274 = DIRECTION ( 'NONE',  ( -1.000000000000000000, 0.000000000000000000, -0.000000000000000000 ) ) ;
#275 = EDGE_CURVE ( 'NONE', #4727, #3798, #1945, .T. ) ;
#276 = DIRECTION ( 'NONE',  ( 0.000000000000000000, -0.000000000000000000, 1.000000000000000000 ) ) ;
#277 = VECTOR ( 'NONE', #2477, 1000.000000000000000 ) ;
#278 = ORIENTED_EDGE ( 'NONE', *, *, #9602, .T. ) ;
#279 = FACE_OUTER_BOUND ( 'NONE', #7503, .T. ) ;
#280 = ADVANCED_FACE ( 'NONE', ( #6913 ), #6007, .F. ) ;
#281 = ORIENTED_EDGE ( 'NONE', *, *, #5972, .T. ) ;
#282 = ORIENTED_EDGE ( 'NONE', *, *, #637, .F. ) ;
#283 = CARTESIAN_POINT ( 'NONE',  ( -2.100000000000001865, 0.000000000000000000, -0.6300000000000003375 ) ) ;
#284 = AXIS2_PLACEMENT_3D ( 'NONE', #1629, #8562, #139 ) ;
#285 = CARTESIAN_POINT ( 'NONE',  ( 2.500000000000002220, 0.6664761515876249653, -1.630000000000000338 ) ) ;
#286 = DIRECTION ( 'NONE',  ( -1.000000000000000000, 0.000000000000000000, 3.614007241618342065E-15 ) ) ;
#287 = DIRECTION ( 'NONE',  ( 0.000000000000000000, -1.000000000000000000, 0.000000000000000000 ) ) ;
#288 = LINE ( 'NONE', #1759, #5484 ) ;
#289 = EDGE_LOOP ( 'NONE', ( #183, #33, #9773, #8989 ) ) ;
#290 = EDGE_CURVE ( 'NONE', #553, #2108, #6669, .T. ) ;
#291 = CARTESIAN_POINT ( 'NONE',  ( -2.500000000000002220, 0.6664761515876249653, 0.8699999999999996625 ) ) ;
#292 = PLANE ( 'NONE',  #3822 ) ;
#293 = DIRECTION ( 'NONE',  ( -1.000000000000000000, 0.000000000000000000, 0.000000000000000000 ) ) ;
#294 = SURFACE_STYLE_USAGE ( .BOTH. , #7948 ) ;
#295 = EDGE_LOOP ( 'NONE', ( #9055, #4934, #7848, #2268 ) ) ;
#296 = VECTOR ( 'NONE', #9486, 1000.000000000000000 ) ;
#297 = LINE ( 'NONE', #7931, #9713 ) ;
#298 = VECTOR ( 'NONE', #8718, 1000.000000000000000 ) ;
#299 = VERTEX_POINT ( 'NONE', #9022 ) ;
#300 = PLANE ( 'NONE',  #8924 ) ;
#301 = EDGE_LOOP ( 'NONE', ( #3199, #9968, #2971, #8799 ) ) ;
#302 = EDGE_CURVE ( 'NONE', #736, #4410, #2929, .T. ) ;
#303 = CARTESIAN_POINT ( 'NONE',  ( -1.370000000000000107, 0.04999999999999969746, -2.500000000000000444 ) ) ;
#304 = LINE ( 'NONE', #2155, #8272 ) ;
#305 = PLANE ( 'NONE',  #3330 ) ;
#306 = DIRECTION ( 'NONE',  ( -0.000000000000000000, -1.000000000000000000, -0.000000000000000000 ) ) ;
#307 = LINE ( 'NONE', #9744, #4659 ) ;
#308 = ORIENTED_EDGE ( 'NONE', *, *, #6761, .F. ) ;
#309 = DIRECTION ( 'NONE',  ( 0.000000000000000000, -1.000000000000000000, 0.000000000000000000 ) ) ;
#310 = ORIENTED_EDGE ( 'NONE', *, *, #6381, .T. ) ;
#311 = CARTESIAN_POINT ( 'NONE',  ( 2.100000000000001865, 0.05000000000000000278, 0.000000000000000000 ) ) ;
#312 = VECTOR ( 'NONE', #5782, 1000.000000000000000 ) ;
#313 = EDGE_CURVE ( 'NONE', #7731, #1638, #5099, .T. ) ;
#314 = LINE ( 'NONE', #7234, #1308 ) ;
#315 = EDGE_LOOP ( 'NONE', ( #404, #6996, #6261, #5199 ) ) ;
#316 = LINE ( 'NONE', #3769, #8286 ) ;
#317 = EDGE_CURVE ( 'NONE', #1532, #4033, #9399, .T. ) ;
#318 = VERTEX_POINT ( 'NONE', #2973 ) ;
#319 = CARTESIAN_POINT ( 'NONE',  ( 1.630000000000000560, 0.2000000000000000111, 2.500000000000001332 ) ) ;
#320 = PLANE ( 'NONE',  #6171 ) ;
#321 = CARTESIAN_POINT ( 'NONE',  ( 1.129999999999999893, 0.2000000000000005107, -2.500000000000000444 ) ) ;
#322 = PLANE ( 'NONE',  #8637 ) ;
#323 = LINE ( 'NONE', #9818, #4071 ) ;
#324 = CARTESIAN_POINT ( 'NONE',  ( 2.100000000000001865, 0.1999999999999999833, 1.369999999999999662 ) ) ;
#325 = LINE ( 'NONE', #9086, #4568 ) ;
#326 = EDGE_LOOP ( 'NONE', ( #5411, #9909, #4478, #8557 ) ) ;
#327 = VECTOR ( 'NONE', #5985, 1000.000000000000000 ) ;
#328 = VERTEX_POINT ( 'NONE', #9087 ) ;
#329 = EDGE_CURVE ( 'NONE', #8595, #7591, #3395, .T. ) ;
#330 = ADVANCED_FACE ( 'NONE', ( #2555 ), #7175, .F. ) ;
#331 = ORIENTED_EDGE ( 'NONE', *, *, #9248, .F. ) ;
#332 = AXIS2_PLACEMENT_3D ( 'NONE', #4435, #2860, #1258 ) ;
#333 = DIRECTION ( 'NONE',  ( 1.000000000000000000, -0.000000000000000000, -3.614007241618342065E-15 ) ) ;
#334 = LINE ( 'NONE', #5648, #3129 ) ;
#335 = CARTESIAN_POINT ( 'NONE',  ( -2.100000000000001865, 0.1999999999999999833, 1.869999999999999662 ) ) ;
#336 = VECTOR ( 'NONE', #9715, 1000.000000000000000 ) ;
#337 = ORIENTED_EDGE ( 'NONE', *, *, #1818, .F. ) ;
#338 = FACE_OUTER_BOUND ( 'NONE', #696, .T. ) ;
#339 = EDGE_LOOP ( 'NONE', ( #8036, #6598, #8710, #9988 ) ) ;
#340 = CARTESIAN_POINT ( 'NONE',  ( -2.500000000000000888, 8.871067811865474440, 2.499999999999999556 ) ) ;
#341 = CARTESIAN_POINT ( 'NONE',  ( 2.100000000000001865, 0.6664761515876249653, 0.8699999999999996625 ) ) ;
#342 = ORIENTED_EDGE ( 'NONE', *, *, #3540, .T. ) ;
#343 = PLANE ( 'NONE',  #9941 ) ;
#344 = VECTOR ( 'NONE', #9781, 1000.000000000000000 ) ;
#345 = ORIENTED_EDGE ( 'NONE', *, *, #574, .F. ) ;
#346 = CARTESIAN_POINT ( 'NONE',  ( 0.8700000000000003286, 0.6664761515876257425, -2.500000000000000444 ) ) ;
#347 = DIRECTION ( 'NONE',  ( -1.000000000000000000, -0.000000000000000000, -0.000000000000000000 ) ) ;
#348 = LINE ( 'NONE', #6830, #8312 ) ;
#349 = VERTEX_POINT ( 'NONE', #2738 ) ;
#350 = LINE ( 'NONE', #4651, #6279 ) ;
#351 = AXIS2_PLACEMENT_3D ( 'NONE', #8729, #4136, #4896 ) ;
#352 = ORIENTED_EDGE ( 'NONE', *, *, #2545, .T. ) ;
#353 = EDGE_CURVE ( 'NONE', #1789, #9649, #7385, .T. ) ;
#354 = VECTOR ( 'NONE', #9657, 1000.000000000000000 ) ;
#355 = VERTEX_POINT ( 'NONE', #9209 ) ;
#356 = DIRECTION ( 'NONE',  ( 0.000000000000000000, 0.000000000000000000, -1.000000000000000000 ) ) ;
#357 = CARTESIAN_POINT ( 'NONE',  ( -0.3700000000000001066, 0.2000000000000000111, -2.100000000000000089 ) ) ;
#358 = DIRECTION ( 'NONE',  ( 0.000000000000000000, -1.000000000000000000, 0.000000000000000000 ) ) ;
#359 = DIRECTION ( 'NONE',  ( 0.000000000000000000, 0.000000000000000000, 1.000000000000000000 ) ) ;
#360 = LINE ( 'NONE', #4908, #7263 ) ;
#361 = CARTESIAN_POINT ( 'NONE',  ( -0.3700000000000001066, 0.6664761515876257425, -2.100000000000000089 ) ) ;
#362 = DIRECTION ( 'NONE',  ( 2.168404344971008079E-15, -0.000000000000000000, -1.000000000000000000 ) ) ;
#363 = DIRECTION ( 'NONE',  ( -0.000000000000000000, 0.000000000000000000, -1.000000000000000000 ) ) ;
#364 = DIRECTION ( 'NONE',  ( 0.000000000000000000, 0.000000000000000000, -1.000000000000000000 ) ) ;
#365 = EDGE_LOOP ( 'NONE', ( #6266, #2714, #9659, #1486 ) ) ;
#366 = CARTESIAN_POINT ( 'NONE',  ( 0.000000000000000000, 0.05000000000000000278, -2.100000000000000089 ) ) ;
#367 = EDGE_CURVE ( 'NONE', #6674, #1018, #488, .T. ) ;
#368 = VECTOR ( 'NONE', #8883, 1000.000000000000000 ) ;
#369 = ORIENTED_EDGE ( 'NONE', *, *, #9417, .F. ) ;
#370 = EDGE_CURVE ( 'NONE', #1965, #6862, #9648, .T. ) ;
#371 = VECTOR ( 'NONE', #5872, 1000.000000000000000 ) ;
#372 = ORIENTED_EDGE ( 'NONE', *, *, #4805, .T. ) ;
#373 = DIRECTION ( 'NONE',  ( 0.000000000000000000, 0.000000000000000000, 1.000000000000000000 ) ) ;
#374 = VECTOR ( 'NONE', #4275, 1000.000000000000000 ) ;
#375 = DIRECTION ( 'NONE',  ( -1.000000000000000000, 0.000000000000000000, -2.168404344971008079E-15 ) ) ;
#376 = ORIENTED_EDGE ( 'NONE', *, *, #4160, .T. ) ;
#377 = DIRECTION ( 'NONE',  ( 0.000000000000000000, -0.000000000000000000, -1.000000000000000000 ) ) ;
#378 = EDGE_LOOP ( 'NONE', ( #2920, #5345, #659, #1332 ) ) ;
#379 = DIRECTION ( 'NONE',  ( 0.000000000000000000, -1.000000000000000000, 0.000000000000000000 ) ) ;
#380 = CARTESIAN_POINT ( 'NONE',  ( 1.800000000000000044, 0.04999999999999969746, -1.799999999999999822 ) ) ;
#381 = EDGE_CURVE ( 'NONE', #8874, #2864, #5564, .T. ) ;
#382 = CARTESIAN_POINT ( 'NONE',  ( -2.500000000000002220, 0.1999999999999999833, -0.6300000000000003375 ) ) ;
#383 = LINE ( 'NONE', #666, #2568 ) ;
#384 = UNCERTAINTY_MEASURE_WITH_UNIT (LENGTH_MEASURE( 1.000000000000000082E-05 ), #2670, 'distance_accuracy_value', 'NONE');
#386 = ADVANCED_FACE ( 'NONE', ( #1468 ), #640, .F. ) ;
#385 = EDGE_LOOP ( 'NONE', ( #9332, #2179, #5021, #4877 ) ) ;
#387 = CARTESIAN_POINT ( 'NONE',  ( 0.000000000000000000, 0.2000000000000000111, 0.000000000000000000 ) ) ;
#388 = ORIENTED_EDGE ( 'NONE', *, *, #1593, .F. ) ;
#389 = ORIENTED_EDGE ( 'NONE', *, *, #2819, .F. ) ;
#390 = CARTESIAN_POINT ( 'NONE',  ( -2.500000000000001332, 8.871067811865474440, -2.500000000000000444 ) ) ;
#391 = CARTESIAN_POINT ( 'NONE',  ( -1.870000000000000107, 0.6664761515876257425, -2.100000000000000089 ) ) ;
#392 = FACE_OUTER_BOUND ( 'NONE', #2876, .T. ) ;
#393 = CARTESIAN_POINT ( 'NONE',  ( -0.3699999999999996625, 0.6664761515876257425, 2.100000000000000977 ) ) ;
#394 = EDGE_CURVE ( 'NONE', #2152, #2805, #5443, .T. ) ;
#395 = CARTESIAN_POINT ( 'NONE',  ( -0.3700000000000001066, 0.6664761515876257425, -2.500000000000000444 ) ) ;
#396 = PLANE ( 'NONE',  #8948 ) ;
#397 = ORIENTED_EDGE ( 'NONE', *, *, #775, .F. ) ;
#398 = DIRECTION ( 'NONE',  ( 0.000000000000000000, 0.000000000000000000, -1.000000000000000000 ) ) ;
#399 = MECHANICAL_DESIGN_GEOMETRIC_PRESENTATION_REPRESENTATION (  '', ( #4227 ), #8526 ) ;
#400 = VECTOR ( 'NONE', #8447, 1000.000000000000000 ) ;
#401 = CLOSED_SHELL ( 'NONE', ( #6406, #6083, #7075, #5489, #3791, #6321 ) ) ;
#402 = VECTOR ( 'NONE', #6775, 1000.000000000000000 ) ;
#403 = DIRECTION ( 'NONE',  ( -1.000000000000000000, 0.000000000000000000, 2.710505431213760691E-15 ) ) ;
#404 = ORIENTED_EDGE ( 'NONE', *, *, #9666, .F. ) ;
#405 = PLANE ( 'NONE',  #9233 ) ;
#406 = CARTESIAN_POINT ( 'NONE',  ( -2.100000000000001865, 0.6664761515876249653, -1.130000000000000338 ) ) ;
#407 = VECTOR ( 'NONE', #8043, 1000.000000000000000 ) ;
#408 = VERTEX_POINT ( 'NONE', #616 ) ;
#409 = AXIS2_PLACEMENT_3D ( 'NONE', #5765, #2015, #4274 ) ;
#410 = PLANE ( 'NONE',  #8344 ) ;
#411 = EDGE_LOOP ( 'NONE', ( #1394, #4202, #1405, #4943 ) ) ;
#412 = EDGE_CURVE ( 'NONE', #2782, #4418, #1231, .T. ) ;
#413 = VERTEX_POINT ( 'NONE', #6871 ) ;
#414 = DIRECTION ( 'NONE',  ( 5.421010862427520198E-16, 0.000000000000000000, 1.000000000000000000 ) ) ;
#415 = FACE_OUTER_BOUND ( 'NONE', #9489, .T. ) ;
#416 = FACE_OUTER_BOUND ( 'NONE', #3773, .T. ) ;
#417 = VECTOR ( 'NONE', #7, 1000.000000000000000 ) ;
#418 = ORIENTED_EDGE ( 'NONE', *, *, #5339, .F. ) ;
#419 = VERTEX_POINT ( 'NONE', #9085 ) ;
#420 =( NAMED_UNIT ( * ) PLANE_ANGLE_UNIT ( ) SI_UNIT ( $, .RADIAN. ) );
#421 = CARTESIAN_POINT ( 'NONE',  ( 0.5000000000000000000, 0.2000000000000000111, 0.000000000000000000 ) ) ;
#422 = DIRECTION ( 'NONE',  ( 0.000000000000000000, -1.000000000000000000, 0.000000000000000000 ) ) ;
#423 = VECTOR ( 'NONE', #2180, 1000.000000000000000 ) ;
#424 = CARTESIAN_POINT ( 'NONE',  ( 1.870000000000006990, 0.05000000000000000278, -5.068645156369751373E-15 ) ) ;
#425 = CARTESIAN_POINT ( 'NONE',  ( -2.100000000000001865, 0.6664761515876249653, 1.129999999999998117 ) ) ;
#426 = LINE ( 'NONE', #3739, #9944 ) ;
#427 = EDGE_CURVE ( 'NONE', #9918, #9343, #1092, .T. ) ;
#428 = DIRECTION ( 'NONE',  ( 0.000000000000000000, 0.000000000000000000, -1.000000000000000000 ) ) ;
#429 = CARTESIAN_POINT ( 'NONE',  ( -0.8700000000000001066, 0.04999999999999999584, -2.100000000000000089 ) ) ;
#430 = LINE ( 'NONE', #5237, #9126 ) ;
#431 = VERTEX_POINT ( 'NONE', #3774 ) ;
#432 = DIRECTION ( 'NONE',  ( -0.000000000000000000, -1.000000000000000000, -0.000000000000000000 ) ) ;
#433 = VECTOR ( 'NONE', #358, 1000.000000000000000 ) ;
#434 = ORIENTED_EDGE ( 'NONE', *, *, #2413, .T. ) ;
#435 = FACE_OUTER_BOUND ( 'NONE', #7422, .T. ) ;
#436 = ADVANCED_FACE ( 'NONE', ( #7495 ), #8265, .T. ) ;
#437 =( GEOMETRIC_REPRESENTATION_CONTEXT ( 3 ) GLOBAL_UNCERTAINTY_ASSIGNED_CONTEXT ( ( #814 ) ) GLOBAL_UNIT_ASSIGNED_CONTEXT ( ( #5442, #3113, #6901 ) ) REPRESENTATION_CONTEXT ( 'NONE', 'WORKASPACE' ) );
#438 = CARTESIAN_POINT ( 'NONE',  ( 1.129999999999999893, 0.04999999999999969746, -2.500000000000000444 ) ) ;
#439 =( NAMED_UNIT ( * ) SI_UNIT ( $, .STERADIAN. ) SOLID_ANGLE_UNIT ( ) );
#440 = VECTOR ( 'NONE', #4128, 1000.000000000000000 ) ;
#441 = VERTEX_POINT ( 'NONE', #1438 ) ;
#442 = FACE_OUTER_BOUND ( 'NONE', #5596, .T. ) ;
#443 = DIRECTION ( 'NONE',  ( -1.000000000000000000, 0.000000000000000000, 0.000000000000000000 ) ) ;
#444 = ORIENTED_EDGE ( 'NONE', *, *, #381, .F. ) ;
#445 = EDGE_CURVE ( 'NONE', #1946, #8700, #236, .T. ) ;
#446 = VECTOR ( 'NONE', #4614, 1000.000000000000000 ) ;
#447 = CARTESIAN_POINT ( 'NONE',  ( 1.870000000000001883, 0.2000000000000000111, 2.100000000000000089 ) ) ;
#448 = DIRECTION ( 'NONE',  ( -0.000000000000000000, -0.000000000000000000, 1.000000000000000000 ) ) ;
#449 = DIRECTION ( 'NONE',  ( 1.000000000000000000, 0.000000000000000000, -0.000000000000000000 ) ) ;
#450 = VECTOR ( 'NONE', #5307, 1000.000000000000000 ) ;
#451 = EDGE_LOOP ( 'NONE', ( #6771, #234, #3357, #6618 ) ) ;
#452 = VECTOR ( 'NONE', #1492, 1000.000000000000000 ) ;
#453 = DIRECTION ( 'NONE',  ( 0.000000000000000000, 0.000000000000000000, 1.000000000000000000 ) ) ;
#454 = DIRECTION ( 'NONE',  ( 0.000000000000000000, -1.000000000000000000, 0.000000000000000000 ) ) ;
#455 = ORIENTED_EDGE ( 'NONE', *, *, #6821, .F. ) ;
#456 = VERTEX_POINT ( 'NONE', #6988 ) ;
#457 = EDGE_CURVE ( 'NONE', #3120, #8520, #6904, .T. ) ;
#458 = MANIFOLD_SOLID_BREP ( 'LPattern4[5]', #8507 ) ;
#459 = LINE ( 'NONE', #8966, #4340 ) ;
#460 =( LENGTH_UNIT ( ) NAMED_UNIT ( * ) SI_UNIT ( .MILLI., .METRE. ) );
#461 = AXIS2_PLACEMENT_3D ( 'NONE', #3677, #5224, #3630 ) ;
#462 = LINE ( 'NONE', #8667, #4471 ) ;
#463 = VERTEX_POINT ( 'NONE', #9959 ) ;
#464 = CARTESIAN_POINT ( 'NONE',  ( 2.499999999999998668, 0.05000000000000000278, -2.500000000000000444 ) ) ;
#465 = CARTESIAN_POINT ( 'NONE',  ( 2.100000000000001865, 0.000000000000000000, -0.3700000000000018274 ) ) ;
#466 = ORIENTED_EDGE ( 'NONE', *, *, #2899, .F. ) ;
#467 = FILL_AREA_STYLE_COLOUR ( '', #4058 ) ;
#468 = DIRECTION ( 'NONE',  ( 1.000000000000000000, 0.000000000000000000, -3.614007241618325499E-15 ) ) ;
#469 = CARTESIAN_POINT ( 'NONE',  ( 2.499999999999998668, 8.871067811865474440, 2.499999999999999556 ) ) ;
#470 = PLANE ( 'NONE',  #3353 ) ;
#471 = LINE ( 'NONE', #9428, #5661 ) ;
#472 = ORIENTED_EDGE ( 'NONE', *, *, #173, .F. ) ;
#473 = SURFACE_STYLE_FILL_AREA ( #883 ) ;
#474 = ORIENTED_EDGE ( 'NONE', *, *, #4876, .F. ) ;
#475 = VECTOR ( 'NONE', #9866, 1000.000000000000000 ) ;
#476 = VERTEX_POINT ( 'NONE', #6249 ) ;
#477 = DIRECTION ( 'NONE',  ( 0.000000000000000000, -1.000000000000000000, 0.000000000000000000 ) ) ;
#478 = CARTESIAN_POINT ( 'NONE',  ( -1.629999999999999671, 0.1999999999999999833, -2.500000000000000444 ) ) ;
#479 = EDGE_CURVE ( 'NONE', #6513, #5791, #4116, .T. ) ;
#480 = FACE_OUTER_BOUND ( 'NONE', #5764, .T. ) ;
#481 = ORIENTED_EDGE ( 'NONE', *, *, #3889, .T. ) ;
#482 = LINE ( 'NONE', #2559, #4111 ) ;
#483 = VERTEX_POINT ( 'NONE', #53 ) ;
#484 = VECTOR ( 'NONE', #8873, 1000.000000000000000 ) ;
#485 = ORIENTED_EDGE ( 'NONE', *, *, #3371, .T. ) ;
#486 = PLANE ( 'NONE',  #2915 ) ;
#487 = DIRECTION ( 'NONE',  ( 0.000000000000000000, -1.000000000000000000, 0.000000000000000000 ) ) ;
#488 = LINE ( 'NONE', #3836, #7009 ) ;
#489 = AXIS2_PLACEMENT_3D ( 'NONE', #2430, #6917, #4769 ) ;
#490 = ORIENTED_EDGE ( 'NONE', *, *, #7868, .T. ) ;
#491 = ADVANCED_FACE ( 'NONE', ( #841 ), #1612, .F. ) ;
#492 = LINE ( 'NONE', #3681, #9402 ) ;
#493 = ORIENTED_EDGE ( 'NONE', *, *, #7344, .F. ) ;
#494 = EDGE_CURVE ( 'NONE', #1433, #5584, #10008, .T. ) ;
#495 = FILL_AREA_STYLE_COLOUR ( '', #1546 ) ;
#496 =( NAMED_UNIT ( * ) SI_UNIT ( $, .STERADIAN. ) SOLID_ANGLE_UNIT ( ) );
#497 = VECTOR ( 'NONE', #8169, 1000.000000000000000 ) ;
#498 = CARTESIAN_POINT ( 'NONE',  ( 2.100000000000001865, 0.1999999999999999833, -1.870000000000001883 ) ) ;
#499 = VERTEX_POINT ( 'NONE', #7019 ) ;
#500 = CARTESIAN_POINT ( 'NONE',  ( -2.500000000000002220, 0.000000000000000000, 1.869999999999999662 ) ) ;
#501 = FILL_AREA_STYLE_COLOUR ( '', #1254 ) ;
#502 = DIRECTION ( 'NONE',  ( -0.000000000000000000, -1.000000000000000000, -0.000000000000000000 ) ) ;
#503 = EDGE_CURVE ( 'NONE', #8976, #8426, #1580, .T. ) ;
#504 = ADVANCED_FACE ( 'NONE', ( #9277 ), #9346, .T. ) ;
#505 = LINE ( 'NONE', #9075, #8456 ) ;
#506 = EDGE_CURVE ( 'NONE', #6213, #7935, #3883, .T. ) ;
#507 = ORIENTED_EDGE ( 'NONE', *, *, #2425, .T. ) ;
#508 = ORIENTED_EDGE ( 'NONE', *, *, #2500, .T. ) ;
#509 = CARTESIAN_POINT ( 'NONE',  ( 1.370000000000000995, 0.6664761515876257425, 2.500000000000000444 ) ) ;
#510 = CARTESIAN_POINT ( 'NONE',  ( -2.100000000000001865, 0.1999999999999999833, 1.629999999999998117 ) ) ;
#511 = LINE ( 'NONE', #6587, #6924 ) ;
#512 = AXIS2_PLACEMENT_3D ( 'NONE', #6921, #3135, #2302 ) ;
#513 = UNCERTAINTY_MEASURE_WITH_UNIT (LENGTH_MEASURE( 1.000000000000000082E-05 ), #7972, 'distance_accuracy_value', 'NONE');
#514 = ORIENTED_EDGE ( 'NONE', *, *, #3765, .F. ) ;
#515 = CARTESIAN_POINT ( 'NONE',  ( 0.000000000000000000, 0.2000000000000000111, 0.000000000000000000 ) ) ;
#516 = EDGE_CURVE ( 'NONE', #3850, #5823, #5686, .T. ) ;
#517 = EDGE_CURVE ( 'NONE', #3453, #6520, #3153, .T. ) ;
#518 = CARTESIAN_POINT ( 'NONE',  ( 2.500000000000002220, 0.000000000000000000, 0.6299999999999982281 ) ) ;
#519 = FACE_OUTER_BOUND ( 'NONE', #4068, .T. ) ;
#520 = VERTEX_POINT ( 'NONE', #3109 ) ;
#521 = ORIENTED_EDGE ( 'NONE', *, *, #1956, .F. ) ;
#522 = DIRECTION ( 'NONE',  ( 1.000000000000000000, 0.000000000000000000, 0.000000000000000000 ) ) ;
#523 = CARTESIAN_POINT ( 'NONE',  ( 2.100000000000001865, 0.000000000000000000, 0.3699999999999996625 ) ) ;
#524 = LINE ( 'NONE', #1921, #7179 ) ;
#525 = ORIENTED_EDGE ( 'NONE', *, *, #6476, .T. ) ;
#526 = EDGE_CURVE ( 'NONE', #318, #4520, #8803, .T. ) ;
#527 = PLANE ( 'NONE',  #3700 ) ;
#528 = DIRECTION ( 'NONE',  ( 0.000000000000000000, 0.000000000000000000, -1.000000000000000000 ) ) ;
#529 = LINE ( 'NONE', #8022, #2361 ) ;
#530 = ORIENTED_EDGE ( 'NONE', *, *, #2513, .F. ) ;
#531 = DIRECTION ( 'NONE',  ( -0.000000000000000000, -0.000000000000000000, 1.000000000000000000 ) ) ;
#532 = ORIENTED_EDGE ( 'NONE', *, *, #9187, .F. ) ;
#533 = ADVANCED_FACE ( 'NONE', ( #5950 ), #9999, .T. ) ;
#534 = CARTESIAN_POINT ( 'NONE',  ( 1.129999999999999893, 0.2000000000000000111, -2.500000000000000444 ) ) ;
#535 = FACE_OUTER_BOUND ( 'NONE', #7248, .T. ) ;
#536 = VERTEX_POINT ( 'NONE', #8478 ) ;
#537 = CARTESIAN_POINT ( 'NONE',  ( 0.3700000000000003286, 0.6664761515876257425, -2.500000000000000444 ) ) ;
#538 = EDGE_LOOP ( 'NONE', ( #3685, #8250, #6314, #6670 ) ) ;
#539 = CARTESIAN_POINT ( 'NONE',  ( 0.000000000000000000, 0.05000000000000000278, 0.3699999999999996625 ) ) ;
#540 = DIRECTION ( 'NONE',  ( 0.000000000000000000, 0.000000000000000000, -1.000000000000000000 ) ) ;
#541 = LINE ( 'NONE', #3055, #8738 ) ;
#543 = LINE ( 'NONE', #3797, #8494 ) ;
#542 = STYLED_ITEM ( 'NONE', ( #217 ), #4049 ) ;
#544 = DIRECTION ( 'NONE',  ( -1.000000000000000000, 0.000000000000000000, 0.000000000000000000 ) ) ;
#545 = ORIENTED_EDGE ( 'NONE', *, *, #9653, .F. ) ;
#546 = CARTESIAN_POINT ( 'NONE',  ( 0.3700000000000009948, 0.6664761515876257425, 2.500000000000000444 ) ) ;
#547 = EDGE_CURVE ( 'NONE', #2177, #87, #1216, .T. ) ;
#548 = ADVANCED_FACE ( 'NONE', ( #6066 ), #4716, .T. ) ;
#549 = ORIENTED_EDGE ( 'NONE', *, *, #2158, .F. ) ;
#550 = CARTESIAN_POINT ( 'NONE',  ( -2.500000000000002220, 0.6664761515876249653, -1.370000000000001883 ) ) ;
#551 = VECTOR ( 'NONE', #7316, 1000.000000000000000 ) ;
#552 = LINE ( 'NONE', #1118, #1531 ) ;
#553 = VERTEX_POINT ( 'NONE', #4746 ) ;
#554 = CARTESIAN_POINT ( 'NONE',  ( 0.000000000000000000, 0.05000000000000000278, -0.8700000000000018829 ) ) ;
#555 = VERTEX_POINT ( 'NONE', #1739 ) ;
#556 = AXIS2_PLACEMENT_3D ( 'NONE', #9352, #906, #6317 ) ;
#557 = CARTESIAN_POINT ( 'NONE',  ( 1.370000000000001439, 0.2000000000000000111, -2.100000000000000089 ) ) ;
#558 = FILL_AREA_STYLE ('',( #467 ) ) ;
#559 = EDGE_CURVE ( 'NONE', #3214, #6501, #6658, .T. ) ;
#560 = DIRECTION ( 'NONE',  ( -1.000000000000000000, 0.000000000000000000, 0.000000000000000000 ) ) ;
#561 = PLANE ( 'NONE',  #8324 ) ;
#562 = FACE_OUTER_BOUND ( 'NONE', #8003, .T. ) ;
#563 = DIRECTION ( 'NONE',  ( 8.673617379884035472E-17, -0.000000000000000000, 1.000000000000000000 ) ) ;
#564 = VECTOR ( 'NONE', #6063, 1000.000000000000000 ) ;
#565 = ORIENTED_EDGE ( 'NONE', *, *, #6463, .F. ) ;
#566 = FACE_OUTER_BOUND ( 'NONE', #4872, .T. ) ;
#567 = ORIENTED_EDGE ( 'NONE', *, *, #8614, .F. ) ;
#568 = AXIS2_PLACEMENT_3D ( 'NONE', #8171, #4244, #7314 ) ;
#569 = CARTESIAN_POINT ( 'NONE',  ( 2.500000000000002220, 0.000000000000000000, -1.870000000000001883 ) ) ;
#570 = LINE ( 'NONE', #2826, #9369 ) ;
#571 = CARTESIAN_POINT ( 'NONE',  ( -2.100000000000001865, 0.1999999999999999833, 1.129999999999998117 ) ) ;
#572 = LINE ( 'NONE', #7199, #2163 ) ;
#573 = VERTEX_POINT ( 'NONE', #154 ) ;
#574 = EDGE_CURVE ( 'NONE', #1544, #9977, #2434, .T. ) ;
#575 = ORIENTED_EDGE ( 'NONE', *, *, #6476, .F. ) ;
#576 = DIRECTION ( 'NONE',  ( 1.000000000000000000, 0.000000000000000000, 0.000000000000000000 ) ) ;
#577 =( NAMED_UNIT ( * ) PLANE_ANGLE_UNIT ( ) SI_UNIT ( $, .RADIAN. ) );
#578 = VERTEX_POINT ( 'NONE', #4008 ) ;
#579 = CARTESIAN_POINT ( 'NONE',  ( 2.100000000000001865, 0.6664761515876249653, 0.6299999999999982281 ) ) ;
#580 = VECTOR ( 'NONE', #5614, 1000.000000000000000 ) ;
#581 =( NAMED_UNIT ( * ) SI_UNIT ( $, .STERADIAN. ) SOLID_ANGLE_UNIT ( ) );
#582 = PLANE ( 'NONE',  #6888 ) ;
#583 = AXIS2_PLACEMENT_3D ( 'NONE', #2314, #6158, #3767 ) ;
#584 = LINE ( 'NONE', #3431, #6639 ) ;
#585 = ORIENTED_EDGE ( 'NONE', *, *, #5562, .F. ) ;
#586 = LINE ( 'NONE', #6282, #8656 ) ;
#587 = ADVANCED_FACE ( 'NONE', ( #606 ), #935, .F. ) ;
#588 = EDGE_LOOP ( 'NONE', ( #549, #4970, #8038, #1873 ) ) ;
#589 = EDGE_CURVE ( 'NONE', #7025, #9691, #2059, .T. ) ;
#590 =( GEOMETRIC_REPRESENTATION_CONTEXT ( 3 ) GLOBAL_UNCERTAINTY_ASSIGNED_CONTEXT ( ( #8591 ) ) GLOBAL_UNIT_ASSIGNED_CONTEXT ( ( #1955, #5816, #2719 ) ) REPRESENTATION_CONTEXT ( 'NONE', 'WORKASPACE' ) );
#591 = EDGE_LOOP ( 'NONE', ( #7191, #6523, #3001, #25 ) ) ;
#592 = CARTESIAN_POINT ( 'NONE',  ( 1.800000000000000044, 0.000000000000000000, 1.799999999999999822 ) ) ;
#593 = AXIS2_PLACEMENT_3D ( 'NONE', #7938, #3337, #8707 ) ;
#594 = LINE ( 'NONE', #9819, #4946 ) ;
#595 = ORIENTED_EDGE ( 'NONE', *, *, #7326, .T. ) ;
#596 = CARTESIAN_POINT ( 'NONE',  ( 2.500000000000002220, 0.6664761515876249653, 1.129999999999998117 ) ) ;
#597 = DIRECTION ( 'NONE',  ( 1.000000000000000000, 0.000000000000000000, -5.421010862427520198E-16 ) ) ;
#598 =( LENGTH_UNIT ( ) NAMED_UNIT ( * ) SI_UNIT ( .MILLI., .METRE. ) );
#599 = VECTOR ( 'NONE', #7925, 1000.000000000000000 ) ;
#600 = ORIENTED_EDGE ( 'NONE', *, *, #878, .T. ) ;
#601 = VECTOR ( 'NONE', #5896, 1000.000000000000000 ) ;
#602 = CARTESIAN_POINT ( 'NONE',  ( 2.500000000000002220, 0.1999999999999999833, 1.369999999999999662 ) ) ;
#603 = ORIENTED_EDGE ( 'NONE', *, *, #6142, .F. ) ;
#604 = CARTESIAN_POINT ( 'NONE',  ( -0.3699999999999996625, 0.000000000000000000, 2.100000000000000977 ) ) ;
#605 = ADVANCED_FACE ( 'NONE', ( #4591 ), #8645, .F. ) ;
#606 = FACE_OUTER_BOUND ( 'NONE', #8433, .T. ) ;
#607 = ORIENTED_EDGE ( 'NONE', *, *, #2743, .T. ) ;
#608 = CARTESIAN_POINT ( 'NONE',  ( 2.499999999999998668, 0.05000000000000000278, 2.499999999999999556 ) ) ;
#609 = AXIS2_PLACEMENT_3D ( 'NONE', #4722, #3152, #7726 ) ;
#610 = DIRECTION ( 'NONE',  ( 1.000000000000000000, -0.000000000000000000, 0.000000000000000000 ) ) ;
#611 = ORIENTED_EDGE ( 'NONE', *, *, #9235, .F. ) ;
#612 = EDGE_CURVE ( 'NONE', #7933, #8143, #9640, .T. ) ;
#613 = CARTESIAN_POINT ( 'NONE',  ( -1.129999999999998117, 0.1999999999999999833, 2.100000000000000089 ) ) ;
#614 = DIRECTION ( 'NONE',  ( -0.000000000000000000, -1.000000000000000000, -0.000000000000000000 ) ) ;
#615 = VERTEX_POINT ( 'NONE', #7082 ) ;
#616 = CARTESIAN_POINT ( 'NONE',  ( -2.500000000000002220, 0.1999999999999999833, 0.6299999999999982281 ) ) ;
#617 = DIRECTION ( 'NONE',  ( -0.000000000000000000, -1.000000000000000000, -0.000000000000000000 ) ) ;
#618 = VECTOR ( 'NONE', #6817, 1000.000000000000000 ) ;
#619 = DIRECTION ( 'NONE',  ( 0.000000000000000000, -1.000000000000000000, 0.000000000000000000 ) ) ;
#620 = CARTESIAN_POINT ( 'NONE',  ( -2.100000000000001865, 0.6664761515876249653, 0.6299999999999982281 ) ) ;
#621 = LINE ( 'NONE', #2709, #3284 ) ;
#622 = PRESENTATION_LAYER_ASSIGNMENT (  '', '', ( #6198 ) ) ;
#623 = ORIENTED_EDGE ( 'NONE', *, *, #5381, .F. ) ;
#624 = VERTEX_POINT ( 'NONE', #221 ) ;
#625 = EDGE_CURVE ( 'NONE', #3424, #9069, #5087, .T. ) ;
#626 = PLANE ( 'NONE',  #6484 ) ;
#627 = DIRECTION ( 'NONE',  ( -0.000000000000000000, -1.000000000000000000, -0.000000000000000000 ) ) ;
#628 = VECTOR ( 'NONE', #3344, 1000.000000000000000 ) ;
#629 = SURFACE_SIDE_STYLE ('',( #1839 ) ) ;
#630 = DIRECTION ( 'NONE',  ( 2.710505431213760691E-15, 0.000000000000000000, 1.000000000000000000 ) ) ;
#631 = ORIENTED_EDGE ( 'NONE', *, *, #2384, .T. ) ;
#632 = AXIS2_PLACEMENT_3D ( 'NONE', #6676, #2040, #8198 ) ;
#633 = DIRECTION ( 'NONE',  ( -1.000000000000000000, 0.000000000000000000, 3.614007241618342065E-15 ) ) ;
#634 = ORIENTED_EDGE ( 'NONE', *, *, #4124, .T. ) ;
#635 = DIRECTION ( 'NONE',  ( 0.000000000000000000, -0.000000000000000000, 1.000000000000000000 ) ) ;
#636 = EDGE_LOOP ( 'NONE', ( #7236, #2127, #3106, #1143 ) ) ;
#637 = EDGE_CURVE ( 'NONE', #6186, #2440, #7833, .T. ) ;
#638 = LINE ( 'NONE', #4963, #3419 ) ;
#639 = ADVANCED_FACE ( 'NONE', ( #9879 ), #2572, .F. ) ;
#640 = PLANE ( 'NONE',  #9419 ) ;
#641 = CARTESIAN_POINT ( 'NONE',  ( 2.100000000000001865, 0.6664761515876249653, 1.869999999999999662 ) ) ;
#642 = DIRECTION ( 'NONE',  ( -0.000000000000000000, 0.000000000000000000, 1.000000000000000000 ) ) ;
#643 = UNCERTAINTY_MEASURE_WITH_UNIT (LENGTH_MEASURE( 1.000000000000000082E-05 ), #922, 'distance_accuracy_value', 'NONE');
#644 = VERTEX_POINT ( 'NONE', #1032 ) ;
#645 = CARTESIAN_POINT ( 'NONE',  ( -2.500000000000002220, 0.1999999999999999833, 0.8699999999999996625 ) ) ;
#646 = DIRECTION ( 'NONE',  ( 1.000000000000000000, 0.000000000000000000, 0.000000000000000000 ) ) ;
#648 = LINE ( 'NONE', #8473, #400 ) ;
#647 =( GEOMETRIC_REPRESENTATION_CONTEXT ( 3 ) GLOBAL_UNCERTAINTY_ASSIGNED_CONTEXT ( ( #9650 ) ) GLOBAL_UNIT_ASSIGNED_CONTEXT ( ( #9425, #1791, #5640 ) ) REPRESENTATION_CONTEXT ( 'NONE', 'WORKASPACE' ) );
#649 = VERTEX_POINT ( 'NONE', #7223 ) ;
#650 =( LENGTH_UNIT ( ) NAMED_UNIT ( * ) SI_UNIT ( .MILLI., .METRE. ) );
#651 = PLANE ( 'NONE',  #3409 ) ;
#652 = EDGE_CURVE ( 'NONE', #9832, #3837, #5555, .T. ) ;
#654 = ADVANCED_FACE ( 'NONE', ( #4362 ), #6435, .T. ) ;
#653 = EDGE_LOOP ( 'NONE', ( #1669, #886, #7387, #8362 ) ) ;
#655 = AXIS2_PLACEMENT_3D ( 'NONE', #546, #9783, #2846 ) ;
#656 = CARTESIAN_POINT ( 'NONE',  ( 1.800000000000000044, 0.000000000000000000, -1.799999999999999822 ) ) ;
#657 = FACE_OUTER_BOUND ( 'NONE', #150, .T. ) ;
#658 = ORIENTED_EDGE ( 'NONE', *, *, #3052, .F. ) ;
#659 = ORIENTED_EDGE ( 'NONE', *, *, #6432, .T. ) ;
#660 = CARTESIAN_POINT ( 'NONE',  ( -2.100000000000001865, 0.1999999999999999833, -1.130000000000000338 ) ) ;
#661 = ORIENTED_EDGE ( 'NONE', *, *, #9138, .T. ) ;
#662 = AXIS2_PLACEMENT_3D ( 'NONE', #7395, #7324, #7262 ) ;
#663 = LINE ( 'NONE', #996, #895 ) ;
#664 = EDGE_CURVE ( 'NONE', #7731, #4218, #8081, .T. ) ;
#665 = SURFACE_STYLE_FILL_AREA ( #62 ) ;
#666 = CARTESIAN_POINT ( 'NONE',  ( -2.100000000000001865, 0.6664761515876249653, 0.6299999999999982281 ) ) ;
#667 = LINE ( 'NONE', #7832, #3712 ) ;
#668 = ORIENTED_EDGE ( 'NONE', *, *, #8123, .T. ) ;
#669 = FILL_AREA_STYLE_COLOUR ( '', #3953 ) ;
#670 = ORIENTED_EDGE ( 'NONE', *, *, #5095, .T. ) ;
#671 = CARTESIAN_POINT ( 'NONE',  ( 2.500000000000002220, 0.000000000000000000, -0.1300000000000003375 ) ) ;
#672 = EDGE_CURVE ( 'NONE', #7259, #5390, #3986, .T. ) ;
#673 = VECTOR ( 'NONE', #5316, 1000.000000000000000 ) ;
#674 = LINE ( 'NONE', #4351, #4310 ) ;
#675 = DIRECTION ( 'NONE',  ( -0.000000000000000000, -1.000000000000000000, -0.000000000000000000 ) ) ;
#676 = LINE ( 'NONE', #3242, #2144 ) ;
#677 = EDGE_LOOP ( 'NONE', ( #1622, #6982, #6015, #1793 ) ) ;
#678 = FACE_OUTER_BOUND ( 'NONE', #2485, .T. ) ;
#679 = CARTESIAN_POINT ( 'NONE',  ( -0.1299999999999929268, 0.05000000000000000278, 3.523657060577696633E-16 ) ) ;
#680 = EDGE_LOOP ( 'NONE', ( #2464, #846, #9265, #7212 ) ) ;
#681 = CARTESIAN_POINT ( 'NONE',  ( -1.369999999999999440, 0.000000000000000000, 2.500000000000001332 ) ) ;
#682 = AXIS2_PLACEMENT_3D ( 'NONE', #515, #1941, #5802 ) ;
#683 = FACE_OUTER_BOUND ( 'NONE', #9423, .T. ) ;
#684 = SURFACE_SIDE_STYLE ('',( #8290 ) ) ;
#685 = EDGE_CURVE ( 'NONE', #8740, #267, #8199, .T. ) ;
#686 = FACE_OUTER_BOUND ( 'NONE', #3742, .T. ) ;
#687 = ORIENTED_EDGE ( 'NONE', *, *, #5297, .T. ) ;
#688 = VERTEX_POINT ( 'NONE', #8608 ) ;
#689 = ADVANCED_FACE ( 'NONE', ( #1687 ), #4815, .F. ) ;
#690 = CARTESIAN_POINT ( 'NONE',  ( 0.3700000000000003286, 0.000000000000000000, -2.500000000000000444 ) ) ;
#691 = PLANE ( 'NONE',  #3847 ) ;
#692 = EDGE_CURVE ( 'NONE', #9469, #4648, #7372, .T. ) ;
#693 = VECTOR ( 'NONE', #2045, 1000.000000000000000 ) ;
#694 = EDGE_LOOP ( 'NONE', ( #9220, #3293, #977, #7476 ) ) ;
#695 = VECTOR ( 'NONE', #5219, 1000.000000000000000 ) ;
#696 = EDGE_LOOP ( 'NONE', ( #6071, #9673, #4325, #8028 ) ) ;
#697 = EDGE_CURVE ( 'NONE', #8916, #257, #9991, .T. ) ;
#698 = ORIENTED_EDGE ( 'NONE', *, *, #9326, .T. ) ;
#699 = LINE ( 'NONE', #2308, #4673 ) ;
#700 = ADVANCED_FACE ( 'NONE', ( #4824 ), #6581, .T. ) ;
#701 = VECTOR ( 'NONE', #6394, 1000.000000000000000 ) ;
#702 = ORIENTED_EDGE ( 'NONE', *, *, #8897, .T. ) ;
#703 = DIRECTION ( 'NONE',  ( 1.000000000000000000, 0.000000000000000000, -5.421010862427520198E-16 ) ) ;
#704 = CARTESIAN_POINT ( 'NONE',  ( 1.870000000000001883, 0.6664761515876257425, 2.100000000000000089 ) ) ;
#705 = EDGE_LOOP ( 'NONE', ( #8052, #7464, #4391, #3641 ) ) ;
#706 = MECHANICAL_DESIGN_GEOMETRIC_PRESENTATION_REPRESENTATION (  '', ( #4346 ), #889 ) ;
#707 = CARTESIAN_POINT ( 'NONE',  ( -2.100000000000001865, 0.1999999999999999833, 1.129999999999998117 ) ) ;
#708 = DIRECTION ( 'NONE',  ( 0.000000000000000000, 1.000000000000000000, 0.000000000000000000 ) ) ;
#709 = CARTESIAN_POINT ( 'NONE',  ( -0.8699999999999994404, 0.000000000000000000, 2.500000000000001332 ) ) ;
#710 = LINE ( 'NONE', #1274, #8661 ) ;
#711 = VERTEX_POINT ( 'NONE', #2687 ) ;
#712 = EDGE_CURVE ( 'NONE', #615, #1965, #6173, .T. ) ;
#713 = DIRECTION ( 'NONE',  ( -2.710505431213760296E-15, 0.000000000000000000, -1.000000000000000000 ) ) ;
#714 = VECTOR ( 'NONE', #74, 1000.000000000000000 ) ;
#715 = EDGE_LOOP ( 'NONE', ( #7881, #152, #78, #8488 ) ) ;
#716 = VECTOR ( 'NONE', #2474, 1000.000000000000000 ) ;
#717 = FILL_AREA_STYLE ('',( #4311 ) ) ;
#718 = VERTEX_POINT ( 'NONE', #1952 ) ;
#719 = CARTESIAN_POINT ( 'NONE',  ( 2.100000000000001865, 0.1999999999999999833, 1.369999999999999662 ) ) ;
#720 = VECTOR ( 'NONE', #8854, 1000.000000000000000 ) ;
#721 = STYLED_ITEM ( 'NONE', ( #7798 ), #9840 ) ;
#722 = ORIENTED_EDGE ( 'NONE', *, *, #9718, .T. ) ;
#723 = FACE_OUTER_BOUND ( 'NONE', #7919, .T. ) ;
#724 = EDGE_CURVE ( 'NONE', #3520, #4033, #6286, .T. ) ;
#725 = ORIENTED_EDGE ( 'NONE', *, *, #6389, .F. ) ;
#726 = LINE ( 'NONE', #5085, #7376 ) ;
#727 = ORIENTED_EDGE ( 'NONE', *, *, #7095, .T. ) ;
#728 = PLANE ( 'NONE',  #7027 ) ;
#729 = DIRECTION ( 'NONE',  ( 2.710505431213760691E-15, 0.000000000000000000, 1.000000000000000000 ) ) ;
#730 = AXIS2_PLACEMENT_3D ( 'NONE', #447, #8206, #5121 ) ;
#731 = CARTESIAN_POINT ( 'NONE',  ( -2.500000000000000888, 0.05000000000000000278, 2.499999999999999556 ) ) ;
#732 = VERTEX_POINT ( 'NONE', #8007 ) ;
#733 = PRESENTATION_STYLE_ASSIGNMENT (( #3542 ) ) ;
#734 = VERTEX_POINT ( 'NONE', #6623 ) ;
#735 = DIRECTION ( 'NONE',  ( 1.000000000000000000, 0.000000000000000000, 0.000000000000000000 ) ) ;
#736 = VERTEX_POINT ( 'NONE', #5703 ) ;
#737 = CARTESIAN_POINT ( 'NONE',  ( 0.1300000000000005596, 0.2000000000000000111, 2.500000000000001332 ) ) ;
#738 = ADVANCED_FACE ( 'NONE', ( #5936 ), #320, .F. ) ;
#739 = PLANE ( 'NONE',  #2036 ) ;
#740 = AXIS2_PLACEMENT_3D ( 'NONE', #4662, #3122, #8492 ) ;
#741 = ORIENTED_EDGE ( 'NONE', *, *, #8577, .T. ) ;
#742 = DIRECTION ( 'NONE',  ( 1.000000000000000000, 0.000000000000000000, 0.000000000000000000 ) ) ;
#743 = PLANE ( 'NONE',  #583 ) ;
#744 = EDGE_CURVE ( 'NONE', #711, #5011, #8321, .T. ) ;
#745 = DIRECTION ( 'NONE',  ( -1.000000000000000000, 0.000000000000000000, 3.614007241618325499E-15 ) ) ;
#746 = LINE ( 'NONE', #1453, #7626 ) ;
#747 = ORIENTED_EDGE ( 'NONE', *, *, #4798, .F. ) ;
#748 = ORIENTED_EDGE ( 'NONE', *, *, #8394, .T. ) ;
#749 = ADVANCED_FACE ( 'NONE', ( #480 ), #4916, .T. ) ;
#750 = CARTESIAN_POINT ( 'NONE',  ( -2.100000000000001865, 0.6664761515876249653, -0.3700000000000018274 ) ) ;
#751 = VECTOR ( 'NONE', #2578, 1000.000000000000000 ) ;
#752 = EDGE_CURVE ( 'NONE', #965, #1983, #2307, .T. ) ;
#753 = ORIENTED_EDGE ( 'NONE', *, *, #5672, .F. ) ;
#754 = DIRECTION ( 'NONE',  ( 0.000000000000000000, 0.000000000000000000, -1.000000000000000000 ) ) ;
#755 = DIRECTION ( 'NONE',  ( 1.000000000000000000, -0.000000000000000000, 0.000000000000000000 ) ) ;
#756 = VECTOR ( 'NONE', #4087, 1000.000000000000000 ) ;
#757 = ORIENTED_EDGE ( 'NONE', *, *, #7445, .F. ) ;
#758 = DIRECTION ( 'NONE',  ( 0.000000000000000000, -0.000000000000000000, 1.000000000000000000 ) ) ;
#759 = VECTOR ( 'NONE', #6316, 1000.000000000000000 ) ;
#760 = STYLED_ITEM ( 'NONE', ( #3911 ), #7024 ) ;
#761 = ORIENTED_EDGE ( 'NONE', *, *, #1336, .F. ) ;
#762 = EDGE_CURVE ( 'NONE', #463, #772, #3265, .T. ) ;
#763 = DIRECTION ( 'NONE',  ( 0.000000000000000000, 0.000000000000000000, 1.000000000000000000 ) ) ;
#764 = LINE ( 'NONE', #2095, #5138 ) ;
#765 = ORIENTED_EDGE ( 'NONE', *, *, #820, .T. ) ;
#766 =( NAMED_UNIT ( * ) SI_UNIT ( $, .STERADIAN. ) SOLID_ANGLE_UNIT ( ) );
#767 = SURFACE_STYLE_FILL_AREA ( #8056 ) ;
#768 = ORIENTED_EDGE ( 'NONE', *, *, #8267, .T. ) ;
#769 = CARTESIAN_POINT ( 'NONE',  ( -1.629999999999999005, 0.6664761515876257425, 2.500000000000000444 ) ) ;
#770 = DIRECTION ( 'NONE',  ( 1.000000000000000000, 0.000000000000000000, -3.614007241618325499E-15 ) ) ;
#771 = CARTESIAN_POINT ( 'NONE',  ( 2.100000000000001865, 0.6664761515876249653, 0.3699999999999996625 ) ) ;
#772 = VERTEX_POINT ( 'NONE', #8146 ) ;
#773 = LINE ( 'NONE', #7705, #6455 ) ;
#774 = ORIENTED_EDGE ( 'NONE', *, *, #8816, .F. ) ;
#775 = EDGE_CURVE ( 'NONE', #1201, #5945, #2806, .T. ) ;
#776 = ORIENTED_EDGE ( 'NONE', *, *, #5735, .F. ) ;
#777 = DIRECTION ( 'NONE',  ( -1.000000000000000000, 0.000000000000000000, -0.000000000000000000 ) ) ;
#778 = AXIS2_PLACEMENT_3D ( 'NONE', #5667, #7902, #5597 ) ;
#779 = VECTOR ( 'NONE', #454, 1000.000000000000000 ) ;
#780 = ADVANCED_FACE ( 'NONE', ( #5814 ), #6472, .F. ) ;
#781 = VECTOR ( 'NONE', #3833, 1000.000000000000000 ) ;
#782 = VECTOR ( 'NONE', #4920, 1000.000000000000000 ) ;
#783 = ORIENTED_EDGE ( 'NONE', *, *, #5153, .T. ) ;
#784 = DIRECTION ( 'NONE',  ( 0.000000000000000000, -1.000000000000000000, 0.000000000000000000 ) ) ;
#785 = DIRECTION ( 'NONE',  ( 1.000000000000000000, 0.000000000000000000, 0.000000000000000000 ) ) ;
#786 = ORIENTED_EDGE ( 'NONE', *, *, #7858, .T. ) ;
#787 = CARTESIAN_POINT ( 'NONE',  ( 2.500000000000002220, 0.1999999999999999833, -1.630000000000000338 ) ) ;
#788 = CARTESIAN_POINT ( 'NONE',  ( -2.100000000000001865, 0.1999999999999999833, 1.629999999999998117 ) ) ;
#789 = VECTOR ( 'NONE', #3854, 1000.000000000000000 ) ;
#790 = PLANE ( 'NONE',  #63 ) ;
#791 = AXIS2_PLACEMENT_3D ( 'NONE', #2636, #2525, #4905 ) ;
#792 = ADVANCED_FACE ( 'NONE', ( #4235 ), #5068, .F. ) ;
#793 = LINE ( 'NONE', #5145, #5898 ) ;
#794 = ORIENTED_EDGE ( 'NONE', *, *, #4337, .F. ) ;
#795 = EDGE_CURVE ( 'NONE', #5811, #8083, #4488, .T. ) ;
#796 = VERTEX_POINT ( 'NONE', #1106 ) ;
#797 = DIRECTION ( 'NONE',  ( -1.000000000000000000, 0.000000000000000000, -0.000000000000000000 ) ) ;
#798 = FILL_AREA_STYLE ('',( #4624 ) ) ;
#799 = LINE ( 'NONE', #9485, #5176 ) ;
#800 = DIRECTION ( 'NONE',  ( 0.000000000000000000, -1.000000000000000000, 0.000000000000000000 ) ) ;
#801 = FACE_OUTER_BOUND ( 'NONE', #5151, .T. ) ;
#802 = ORIENTED_EDGE ( 'NONE', *, *, #2184, .F. ) ;
#803 = LINE ( 'NONE', #3795, #452 ) ;
#804 = FILL_AREA_STYLE_COLOUR ( '', #6595 ) ;
#805 = ORIENTED_EDGE ( 'NONE', *, *, #6234, .F. ) ;
#806 = AXIS2_PLACEMENT_3D ( 'NONE', #4387, #7379, #7410 ) ;
#807 = EDGE_CURVE ( 'NONE', #5577, #3167, #8671, .T. ) ;
#808 = VECTOR ( 'NONE', #4996, 1000.000000000000000 ) ;
#809 = DIRECTION ( 'NONE',  ( -2.710505431213760296E-15, 0.000000000000000000, -1.000000000000000000 ) ) ;
#810 = VECTOR ( 'NONE', #3314, 1000.000000000000000 ) ;
#811 = EDGE_LOOP ( 'NONE', ( #7432, #2300, #9637, #9596 ) ) ;
#812 = LINE ( 'NONE', #6637, #7699 ) ;
#813 = EDGE_LOOP ( 'NONE', ( #9306, #4100, #4541, #3525 ) ) ;
#814 = UNCERTAINTY_MEASURE_WITH_UNIT (LENGTH_MEASURE( 1.000000000000000082E-05 ), #5442, 'distance_accuracy_value', 'NONE');
#815 = ORIENTED_EDGE ( 'NONE', *, *, #2513, .T. ) ;
#816 = VECTOR ( 'NONE', #6268, 1000.000000000000000 ) ;
#817 = PLANE ( 'NONE',  #7771 ) ;
#818 = ORIENTED_EDGE ( 'NONE', *, *, #3890, .F. ) ;
#819 = ORIENTED_EDGE ( 'NONE', *, *, #9912, .T. ) ;
#820 = EDGE_CURVE ( 'NONE', #2177, #8872, #229, .T. ) ;
#821 = EDGE_LOOP ( 'NONE', ( #2479, #9510, #5487, #3598 ) ) ;
#822 = DIRECTION ( 'NONE',  ( -5.421010862427520198E-16, 0.000000000000000000, -1.000000000000000000 ) ) ;
#823 = ORIENTED_EDGE ( 'NONE', *, *, #2563, .F. ) ;
#824 = LINE ( 'NONE', #2432, #8543 ) ;
#825 = EDGE_LOOP ( 'NONE', ( #953, #530, #4066, #8549 ) ) ;
#826 = ADVANCED_FACE ( 'NONE', ( #7715 ), #5204, .T. ) ;
#827 = CARTESIAN_POINT ( 'NONE',  ( -2.100000000000001865, 0.6664761515876249653, -1.370000000000001883 ) ) ;
#828 = PRESENTATION_LAYER_ASSIGNMENT (  '', '', ( #1494 ) ) ;
#829 = VECTOR ( 'NONE', #3801, 1000.000000000000000 ) ;
#830 = ORIENTED_EDGE ( 'NONE', *, *, #1720, .T. ) ;
#831 = LINE ( 'NONE', #3531, #6780 ) ;
#832 = CARTESIAN_POINT ( 'NONE',  ( -2.500000000000002220, 0.6664761515876249653, 1.629999999999998117 ) ) ;
#833 = DIRECTION ( 'NONE',  ( 2.168404344971008079E-15, -0.000000000000000000, -1.000000000000000000 ) ) ;
#834 = DIRECTION ( 'NONE',  ( 0.000000000000000000, 1.000000000000000000, 0.000000000000000000 ) ) ;
#835 = ORIENTED_EDGE ( 'NONE', *, *, #6796, .F. ) ;
#836 = CARTESIAN_POINT ( 'NONE',  ( -2.100000000000001865, 0.6664761515876249653, 1.869999999999999662 ) ) ;
#837 = EDGE_CURVE ( 'NONE', #4701, #7869, #8431, .T. ) ;
#838 = PLANE ( 'NONE',  #9738 ) ;
#839 = EDGE_CURVE ( 'NONE', #3646, #5393, #4706, .T. ) ;
#840 = DIRECTION ( 'NONE',  ( 0.000000000000000000, -1.000000000000000000, 0.000000000000000000 ) ) ;
#841 = FACE_OUTER_BOUND ( 'NONE', #1376, .T. ) ;
#842 = ORIENTED_EDGE ( 'NONE', *, *, #9871, .F. ) ;
#843 = SURFACE_STYLE_FILL_AREA ( #8838 ) ;
#844 = ORIENTED_EDGE ( 'NONE', *, *, #4798, .T. ) ;
#845 = ADVANCED_FACE ( 'NONE', ( #9761 ), #7454, .T. ) ;
#846 = ORIENTED_EDGE ( 'NONE', *, *, #8185, .F. ) ;
#847 = CARTESIAN_POINT ( 'NONE',  ( 2.100000000000001865, 0.1999999999999999833, -1.130000000000000338 ) ) ;
#848 = LINE ( 'NONE', #4417, #6542 ) ;
#849 = EDGE_CURVE ( 'NONE', #1983, #5011, #6882, .T. ) ;
#850 = VERTEX_POINT ( 'NONE', #6660 ) ;
#851 = LINE ( 'NONE', #8994, #4498 ) ;
#852 = DIRECTION ( 'NONE',  ( 0.000000000000000000, 0.000000000000000000, -1.000000000000000000 ) ) ;
#853 = DIRECTION ( 'NONE',  ( 0.000000000000000000, -1.000000000000000000, 0.000000000000000000 ) ) ;
#854 = AXIS2_PLACEMENT_3D ( 'NONE', #7413, #3471, #5873 ) ;
#855 = CARTESIAN_POINT ( 'NONE',  ( 0.6300000000000005596, 0.2000000000000000111, 2.500000000000001332 ) ) ;
#856 = AXIS2_PLACEMENT_3D ( 'NONE', #8439, #2297, #1448 ) ;
#857 = LINE ( 'NONE', #4737, #1951 ) ;
#858 = CARTESIAN_POINT ( 'NONE',  ( -2.100000000000001865, 0.6664761515876249653, 1.629999999999998117 ) ) ;
#859 = PLANE ( 'NONE',  #9134 ) ;
#860 = VERTEX_POINT ( 'NONE', #4429 ) ;
#861 = ORIENTED_EDGE ( 'NONE', *, *, #7753, .F. ) ;
#862 = DIRECTION ( 'NONE',  ( -1.000000000000000000, 0.000000000000000000, 3.614007241618342065E-15 ) ) ;
#863 = LINE ( 'NONE', #226, #6694 ) ;
#864 = DIRECTION ( 'NONE',  ( 1.000000000000000000, 0.000000000000000000, -3.614007241618325499E-15 ) ) ;
#865 = DIRECTION ( 'NONE',  ( 2.168404344971008079E-15, -0.000000000000000000, -1.000000000000000000 ) ) ;
#866 = ORIENTED_EDGE ( 'NONE', *, *, #3992, .T. ) ;
#867 = DIRECTION ( 'NONE',  ( 5.421010862427520198E-16, 0.000000000000000000, 1.000000000000000000 ) ) ;
#868 = CARTESIAN_POINT ( 'NONE',  ( 2.500000000000002220, 0.1999999999999999833, 0.1299999999999981726 ) ) ;
#869 = ORIENTED_EDGE ( 'NONE', *, *, #9407, .F. ) ;
#870 = EDGE_CURVE ( 'NONE', #578, #4935, #6531, .T. ) ;
#871 = DIRECTION ( 'NONE',  ( 0.000000000000000000, 1.000000000000000000, 0.000000000000000000 ) ) ;
#872 = DIRECTION ( 'NONE',  ( 1.000000000000000000, 0.000000000000000000, -3.614007241618325499E-15 ) ) ;
#873 = ORIENTED_EDGE ( 'NONE', *, *, #3889, .F. ) ;
#874 = LINE ( 'NONE', #6373, #759 ) ;
#875 = ORIENTED_EDGE ( 'NONE', *, *, #4524, .F. ) ;
#876 = DIRECTION ( 'NONE',  ( 0.000000000000000000, 1.000000000000000000, 0.000000000000000000 ) ) ;
#877 = DIRECTION ( 'NONE',  ( 0.000000000000000000, 0.000000000000000000, -1.000000000000000000 ) ) ;
#878 = EDGE_CURVE ( 'NONE', #2722, #3396, #8920, .T. ) ;
#879 = DIRECTION ( 'NONE',  ( 0.000000000000000000, -0.000000000000000000, 1.000000000000000000 ) ) ;
#880 = ORIENTED_EDGE ( 'NONE', *, *, #8523, .F. ) ;
#881 = EDGE_CURVE ( 'NONE', #736, #9566, #6776, .T. ) ;
#882 = LINE ( 'NONE', #2900, #3306 ) ;
#883 = FILL_AREA_STYLE ('',( #6972 ) ) ;
#884 = PLANE ( 'NONE',  #8867 ) ;
#885 = MANIFOLD_SOLID_BREP ( 'LPattern4[14]', #2995 ) ;
#886 = ORIENTED_EDGE ( 'NONE', *, *, #4337, .T. ) ;
#887 = CARTESIAN_POINT ( 'NONE',  ( 2.500000000000002220, 0.6664761515876249653, 1.369999999999999662 ) ) ;
#888 = CARTESIAN_POINT ( 'NONE',  ( -1.870000000000000107, 0.2000000000000000111, -2.100000000000000089 ) ) ;
#889 =( GEOMETRIC_REPRESENTATION_CONTEXT ( 3 ) GLOBAL_UNCERTAINTY_ASSIGNED_CONTEXT ( ( #7272 ) ) GLOBAL_UNIT_ASSIGNED_CONTEXT ( ( #6855, #4497, #2204 ) ) REPRESENTATION_CONTEXT ( 'NONE', 'WORKASPACE' ) );
#890 = ORIENTED_EDGE ( 'NONE', *, *, #8642, .F. ) ;
#891 = ADVANCED_FACE ( 'NONE', ( #5078 ), #8217, .T. ) ;
#892 = ORIENTED_EDGE ( 'NONE', *, *, #6663, .T. ) ;
#893 = ORIENTED_EDGE ( 'NONE', *, *, #894, .T. ) ;
#894 = EDGE_CURVE ( 'NONE', #4935, #9601, #9629, .T. ) ;
#895 = VECTOR ( 'NONE', #7974, 1000.000000000000000 ) ;
#896 = DIRECTION ( 'NONE',  ( 2.710505431213760691E-15, 0.000000000000000000, 1.000000000000000000 ) ) ;
#897 = LINE ( 'NONE', #7787, #5019 ) ;
#898 = DIRECTION ( 'NONE',  ( -5.421010862427520198E-16, 0.000000000000000000, -1.000000000000000000 ) ) ;
#899 = CARTESIAN_POINT ( 'NONE',  ( 2.100000000000001865, 0.05000000000000002359, -1.870000000000001883 ) ) ;
#900 = FACE_OUTER_BOUND ( 'NONE', #7694, .T. ) ;
#901 = CARTESIAN_POINT ( 'NONE',  ( -0.6299999999999990052, 0.6664761515876257425, 2.500000000000000444 ) ) ;
#902 = ORIENTED_EDGE ( 'NONE', *, *, #692, .F. ) ;
#903 = CARTESIAN_POINT ( 'NONE',  ( -1.799999999999999600, 0.1999999999999996503, -1.800000000000000266 ) ) ;
#904 = CARTESIAN_POINT ( 'NONE',  ( -2.100000000000001865, 0.1999999999999999833, -0.3700000000000018274 ) ) ;
#905 = CLOSED_SHELL ( 'NONE', ( #9046, #6969, #4035, #689, #6308, #1809 ) ) ;
#906 = DIRECTION ( 'NONE',  ( 0.000000000000000000, 1.000000000000000000, 0.000000000000000000 ) ) ;
#907 = CARTESIAN_POINT ( 'NONE',  ( -2.100000000000001865, 0.1999999999999999833, -0.6300000000000003375 ) ) ;
#908 = AXIS2_PLACEMENT_3D ( 'NONE', #9831, #708, #8329 ) ;
#909 = DIRECTION ( 'NONE',  ( 1.000000000000000000, 0.000000000000000000, -3.614007241618325499E-15 ) ) ;
#910 = PRESENTATION_STYLE_ASSIGNMENT (( #4306 ) ) ;
#911 = EDGE_CURVE ( 'NONE', #9766, #6034, #1568, .T. ) ;
#912 = VECTOR ( 'NONE', #3507, 1000.000000000000000 ) ;
#913 = CARTESIAN_POINT ( 'NONE',  ( 2.499999999999998668, 0.05000000000000000278, -2.500000000000000444 ) ) ;
#914 = LINE ( 'NONE', #6946, #9716 ) ;
#915 = ORIENTED_EDGE ( 'NONE', *, *, #1446, .F. ) ;
#916 = AXIS2_PLACEMENT_3D ( 'NONE', #4986, #1914, #2713 ) ;
#917 = CARTESIAN_POINT ( 'NONE',  ( 1.630000000000000338, 0.1999999999999999833, 2.100000000000000977 ) ) ;
#918 = ORIENTED_EDGE ( 'NONE', *, *, #2529, .T. ) ;
#919 = DIRECTION ( 'NONE',  ( 1.000000000000000000, 0.000000000000000000, 0.000000000000000000 ) ) ;
#920 = FACE_OUTER_BOUND ( 'NONE', #7079, .T. ) ;
#921 = CARTESIAN_POINT ( 'NONE',  ( -2.500000000000002220, 0.1999999999999999833, 1.129999999999998117 ) ) ;
#922 =( LENGTH_UNIT ( ) NAMED_UNIT ( * ) SI_UNIT ( .MILLI., .METRE. ) );
#923 = VECTOR ( 'NONE', #453, 1000.000000000000000 ) ;
#924 = EDGE_LOOP ( 'NONE', ( #8904, #3232, #7428, #3287 ) ) ;
#925 = FACE_OUTER_BOUND ( 'NONE', #6054, .T. ) ;
#926 = ORIENTED_EDGE ( 'NONE', *, *, #2603, .T. ) ;
#927 = DIRECTION ( 'NONE',  ( 1.000000000000000000, -0.000000000000000000, 0.000000000000000000 ) ) ;
#928 = AXIS2_PLACEMENT_3D ( 'NONE', #244, #1977, #7381 ) ;
#929 = EDGE_CURVE ( 'NONE', #8221, #3704, #7113, .T. ) ;
#930 = EDGE_LOOP ( 'NONE', ( #9324, #5637, #830, #2960 ) ) ;
#931 = LINE ( 'NONE', #7558, #4670 ) ;
#932 = ORIENTED_EDGE ( 'NONE', *, *, #6404, .F. ) ;
#933 = PLANE ( 'NONE',  #2943 ) ;
#934 = DIRECTION ( 'NONE',  ( -1.000000000000000000, 0.000000000000000000, -0.000000000000000000 ) ) ;
#935 = PLANE ( 'NONE',  #2219 ) ;
#936 = CARTESIAN_POINT ( 'NONE',  ( 2.100000000000001865, 0.05000000000000002359, -0.8700000000000018829 ) ) ;
#937 = ORIENTED_EDGE ( 'NONE', *, *, #5972, .F. ) ;
#938 = CARTESIAN_POINT ( 'NONE',  ( -2.100000000000001865, 0.6664761515876249653, -1.370000000000001883 ) ) ;
#939 = CARTESIAN_POINT ( 'NONE',  ( -2.500000000000002220, 0.6664761515876249653, -0.8700000000000018829 ) ) ;
#940 =( NAMED_UNIT ( * ) SI_UNIT ( $, .STERADIAN. ) SOLID_ANGLE_UNIT ( ) );
#941 = LINE ( 'NONE', #8037, #3118 ) ;
#942 = FACE_OUTER_BOUND ( 'NONE', #1328, .T. ) ;
#943 = ORIENTED_EDGE ( 'NONE', *, *, #9037, .F. ) ;
#944 = VECTOR ( 'NONE', #7122, 1000.000000000000000 ) ;
#945 = VERTEX_POINT ( 'NONE', #9070 ) ;
#946 = EDGE_CURVE ( 'NONE', #5823, #7025, #594, .T. ) ;
#947 = UNCERTAINTY_MEASURE_WITH_UNIT (LENGTH_MEASURE( 1.000000000000000082E-05 ), #8886, 'distance_accuracy_value', 'NONE');
#948 = ADVANCED_FACE ( 'NONE', ( #9269 ), #6722, .F. ) ;
#949 = CARTESIAN_POINT ( 'NONE',  ( -2.500000000000002220, 0.1999999999999999833, -1.630000000000000338 ) ) ;
#950 = LINE ( 'NONE', #3504, #7823 ) ;
#951 = VERTEX_POINT ( 'NONE', #4395 ) ;
#952 = VECTOR ( 'NONE', #8498, 1000.000000000000000 ) ;
#953 = ORIENTED_EDGE ( 'NONE', *, *, #9633, .T. ) ;
#954 = LINE ( 'NONE', #3671, #9874 ) ;
#955 = ORIENTED_EDGE ( 'NONE', *, *, #8267, .F. ) ;
#956 = AXIS2_PLACEMENT_3D ( 'NONE', #8982, #4382, #6707 ) ;
#957 = CARTESIAN_POINT ( 'NONE',  ( 2.100000000000001865, 0.6664761515876249653, -1.870000000000001883 ) ) ;
#958 = SURFACE_SIDE_STYLE ('',( #7431 ) ) ;
#959 = ORIENTED_EDGE ( 'NONE', *, *, #7427, .F. ) ;
#960 = VECTOR ( 'NONE', #9583, 1000.000000000000000 ) ;
#961 = ORIENTED_EDGE ( 'NONE', *, *, #8342, .T. ) ;
#962 = EDGE_CURVE ( 'NONE', #4592, #499, #824, .T. ) ;
#963 = CARTESIAN_POINT ( 'NONE',  ( 0.1299999999999998934, 0.6664761515876257425, -2.100000000000000089 ) ) ;
#964 = VECTOR ( 'NONE', #3290, 1000.000000000000000 ) ;
#965 = VERTEX_POINT ( 'NONE', #9370 ) ;
#966 = CARTESIAN_POINT ( 'NONE',  ( 0.6300000000000005596, 0.2000000000000000111, 2.500000000000001332 ) ) ;
#967 = VECTOR ( 'NONE', #9864, 1000.000000000000000 ) ;
#968 = CARTESIAN_POINT ( 'NONE',  ( -1.369999999999999662, 0.2000000000000000111, 2.100000000000000977 ) ) ;
#969 = EDGE_LOOP ( 'NONE', ( #1732, #5523, #2354, #4072 ) ) ;
#970 = DIRECTION ( 'NONE',  ( 0.000000000000000000, 0.000000000000000000, 1.000000000000000000 ) ) ;
#971 = DIRECTION ( 'NONE',  ( 0.000000000000000000, -0.000000000000000000, -1.000000000000000000 ) ) ;
#972 = DIRECTION ( 'NONE',  ( 1.000000000000000000, 0.000000000000000000, 0.000000000000000000 ) ) ;
#973 = VECTOR ( 'NONE', #9509, 1000.000000000000000 ) ;
#974 = EDGE_CURVE ( 'NONE', #3574, #5080, #3974, .T. ) ;
#975 = VERTEX_POINT ( 'NONE', #2733 ) ;
#976 = CARTESIAN_POINT ( 'NONE',  ( 2.100000000000001865, 0.6664761515876249653, -0.6300000000000003375 ) ) ;
#977 = ORIENTED_EDGE ( 'NONE', *, *, #7390, .T. ) ;
#978 = PRESENTATION_LAYER_ASSIGNMENT (  '', '', ( #1176 ) ) ;
#979 = CARTESIAN_POINT ( 'NONE',  ( 2.000000000000000000, 0.000000000000000000, 0.000000000000000000 ) ) ;
#980 = VERTEX_POINT ( 'NONE', #6963 ) ;
#981 = ORIENTED_EDGE ( 'NONE', *, *, #8243, .T. ) ;
#982 = LINE ( 'NONE', #5305, #8225 ) ;
#983 = ORIENTED_EDGE ( 'NONE', *, *, #4146, .T. ) ;
#984 =( NAMED_UNIT ( * ) SI_UNIT ( $, .STERADIAN. ) SOLID_ANGLE_UNIT ( ) );
#985 = AXIS2_PLACEMENT_3D ( 'NONE', #2088, #2051, #8995 ) ;
#986 = CLOSED_SHELL ( 'NONE', ( #4635, #8605, #3842, #6136, #9829, #2908 ) ) ;
#987 = DIRECTION ( 'NONE',  ( 0.000000000000000000, 0.000000000000000000, -1.000000000000000000 ) ) ;
#988 = EDGE_CURVE ( 'NONE', #3040, #2712, #950, .T. ) ;
#989 = CARTESIAN_POINT ( 'NONE',  ( -0.6299999999999990052, 0.2000000000000000111, 2.500000000000000444 ) ) ;
#990 = FACE_OUTER_BOUND ( 'NONE', #993, .T. ) ;
#992 = ADVANCED_FACE ( 'NONE', ( #1925 ), #410, .F. ) ;
#991 = ORIENTED_EDGE ( 'NONE', *, *, #724, .T. ) ;
#993 = EDGE_LOOP ( 'NONE', ( #8891, #1284, #2395, #3611 ) ) ;
#994 = VECTOR ( 'NONE', #7923, 1000.000000000000000 ) ;
#995 = ORIENTED_EDGE ( 'NONE', *, *, #7858, .F. ) ;
#996 = CARTESIAN_POINT ( 'NONE',  ( 0.1300000000000003375, 0.6664761515876257425, 2.100000000000000977 ) ) ;
#997 = DIRECTION ( 'NONE',  ( -0.000000000000000000, -1.000000000000000000, -0.000000000000000000 ) ) ;
#998 = PLANE ( 'NONE',  #3378 ) ;
#999 = LINE ( 'NONE', #8130, #8978 ) ;
#1000 = FILL_AREA_STYLE ('',( #1035 ) ) ;
#1001 = DIRECTION ( 'NONE',  ( 0.000000000000000000, 0.000000000000000000, -1.000000000000000000 ) ) ;
#1002 = EDGE_CURVE ( 'NONE', #6482, #4282, #7247, .T. ) ;
#1003 = CARTESIAN_POINT ( 'NONE',  ( -2.500000000000002220, 0.6664761515876249653, 1.869999999999999662 ) ) ;
#1004 = CARTESIAN_POINT ( 'NONE',  ( 0.000000000000000000, 0.2000000000000000111, 0.000000000000000000 ) ) ;
#1005 = ORIENTED_EDGE ( 'NONE', *, *, #6099, .T. ) ;
#1006 = DIRECTION ( 'NONE',  ( -0.000000000000000000, -1.000000000000000000, -0.000000000000000000 ) ) ;
#1007 = ORIENTED_EDGE ( 'NONE', *, *, #8702, .F. ) ;
#1008 = LINE ( 'NONE', #5671, #277 ) ;
#1009 = ORIENTED_EDGE ( 'NONE', *, *, #212, .T. ) ;
#1010 = VECTOR ( 'NONE', #809, 1000.000000000000000 ) ;
#1011 = ORIENTED_EDGE ( 'NONE', *, *, #4243, .T. ) ;
#1012 = EDGE_CURVE ( 'NONE', #8623, #8976, #710, .T. ) ;
#1013 = SURFACE_STYLE_USAGE ( .BOTH. , #8727 ) ;
#1014 = ORIENTED_EDGE ( 'NONE', *, *, #3099, .T. ) ;
#1015 = EDGE_CURVE ( 'NONE', #945, #9250, #8308, .T. ) ;
#1016 = CARTESIAN_POINT ( 'NONE',  ( -0.8699999999999994404, 0.2000000000000000111, 2.500000000000001332 ) ) ;
#1017 = LINE ( 'NONE', #8764, #4645 ) ;
#1018 = VERTEX_POINT ( 'NONE', #5157 ) ;
#1019 = CARTESIAN_POINT ( 'NONE',  ( -2.500000000000000888, 0.05000000000000000278, 2.499999999999999556 ) ) ;
#1020 = DIRECTION ( 'NONE',  ( 0.000000000000000000, 0.000000000000000000, -1.000000000000000000 ) ) ;
#1021 = ORIENTED_EDGE ( 'NONE', *, *, #2084, .T. ) ;
#1022 = CARTESIAN_POINT ( 'NONE',  ( -0.1299999999999986167, 0.000000000000000000, -2.100000000000000089 ) ) ;
#1023 = CARTESIAN_POINT ( 'NONE',  ( -0.8700000000000001066, 0.6664761515876257425, -2.100000000000000089 ) ) ;
#1024 = AXIS2_PLACEMENT_3D ( 'NONE', #469, #428, #5851 ) ;
#1025 = VECTOR ( 'NONE', #6648, 1000.000000000000000 ) ;
#1026 = LINE ( 'NONE', #9483, #8871 ) ;
#1027 = ORIENTED_EDGE ( 'NONE', *, *, #7455, .F. ) ;
#1028 = EDGE_CURVE ( 'NONE', #8309, #9631, #5202, .T. ) ;
#1029 = VERTEX_POINT ( 'NONE', #2844 ) ;
#1030 = EDGE_CURVE ( 'NONE', #7090, #6532, #4228, .T. ) ;
#1031 = ADVANCED_FACE ( 'NONE', ( #9869 ), #7471, .F. ) ;
#1032 = CARTESIAN_POINT ( 'NONE',  ( 2.500000000000002220, 0.000000000000000000, 0.8699999999999996625 ) ) ;
#1033 = PLANE ( 'NONE',  #4914 ) ;
#1034 = LINE ( 'NONE', #7350, #9461 ) ;
#1035 = FILL_AREA_STYLE_COLOUR ( '', #1649 ) ;
#1036 = DIRECTION ( 'NONE',  ( 0.000000000000000000, -1.000000000000000000, 0.000000000000000000 ) ) ;
#1037 = DIRECTION ( 'NONE',  ( -1.000000000000000000, 0.000000000000000000, 0.000000000000000000 ) ) ;
#1038 = CARTESIAN_POINT ( 'NONE',  ( 2.500000000000002220, 0.04999999999999969746, 0.1299999999999981726 ) ) ;
#1039 = LINE ( 'NONE', #7136, #1761 ) ;
#1040 = ORIENTED_EDGE ( 'NONE', *, *, #9106, .T. ) ;
#1041 = CARTESIAN_POINT ( 'NONE',  ( 2.500000000000002220, 0.04999999999999969746, 1.129999999999998117 ) ) ;
#1042 = VECTOR ( 'NONE', #1220, 1000.000000000000000 ) ;
#1043 = ORIENTED_EDGE ( 'NONE', *, *, #9456, .T. ) ;
#1044 = AXIS2_PLACEMENT_3D ( 'NONE', #1680, #8646, #9442 ) ;
#1045 = EDGE_CURVE ( 'NONE', #951, #3453, #3753, .T. ) ;
#1046 = LINE ( 'NONE', #5852, #6350 ) ;
#1047 = ADVANCED_FACE ( 'NONE', ( #3640 ), #3570, .T. ) ;
#1048 = AXIS2_PLACEMENT_3D ( 'NONE', #9915, #1938, #6365 ) ;
#1049 = CARTESIAN_POINT ( 'NONE',  ( 1.370000000000000995, 0.2000000000000000111, 2.500000000000000444 ) ) ;
#1050 = ORIENTED_EDGE ( 'NONE', *, *, #1890, .T. ) ;
#1051 = VECTOR ( 'NONE', #7811, 1000.000000000000000 ) ;
#1052 = PRESENTATION_LAYER_ASSIGNMENT (  '', '', ( #7819 ) ) ;
#1053 = EDGE_LOOP ( 'NONE', ( #4895, #9119, #2668, #873 ) ) ;
#1054 = DIRECTION ( 'NONE',  ( 0.000000000000000000, -0.000000000000000000, 1.000000000000000000 ) ) ;
#1055 = DIRECTION ( 'NONE',  ( 0.000000000000000000, 0.000000000000000000, -1.000000000000000000 ) ) ;
#1056 = DIRECTION ( 'NONE',  ( 0.000000000000000000, -0.000000000000000000, 1.000000000000000000 ) ) ;
#1057 = LINE ( 'NONE', #9261, #808 ) ;
#1058 = CARTESIAN_POINT ( 'NONE',  ( -2.100000000000001865, 0.1999999999999999833, -0.1300000000000003375 ) ) ;
#1059 = DIRECTION ( 'NONE',  ( 2.168404344971008079E-15, -0.000000000000000000, -1.000000000000000000 ) ) ;
#1060 = FACE_OUTER_BOUND ( 'NONE', #9060, .T. ) ;
#1061 = ORIENTED_EDGE ( 'NONE', *, *, #6810, .T. ) ;
#1062 = LINE ( 'NONE', #9764, #5189 ) ;
#1063 = DIRECTION ( 'NONE',  ( -1.000000000000000000, 0.000000000000000000, 0.000000000000000000 ) ) ;
#1064 = VERTEX_POINT ( 'NONE', #5866 ) ;
#1065 = EDGE_CURVE ( 'NONE', #2734, #3517, #4583, .T. ) ;
#1066 = ORIENTED_EDGE ( 'NONE', *, *, #1805, .F. ) ;
#1067 = DIRECTION ( 'NONE',  ( 1.000000000000000000, -0.000000000000000000, -0.000000000000000000 ) ) ;
#1068 = ORIENTED_EDGE ( 'NONE', *, *, #6130, .T. ) ;
#1069 = ORIENTED_EDGE ( 'NONE', *, *, #8379, .T. ) ;
#1070 = LINE ( 'NONE', #7945, #9157 ) ;
#1071 = PLANE ( 'NONE',  #3912 ) ;
#1072 = CARTESIAN_POINT ( 'NONE',  ( 1.370000000000000995, 0.2000000000000000111, 2.500000000000000444 ) ) ;
#1073 = CARTESIAN_POINT ( 'NONE',  ( 1.870000000000001883, 0.6664761515876257425, 2.100000000000000089 ) ) ;
#1074 = ORIENTED_EDGE ( 'NONE', *, *, #6276, .F. ) ;
#1075 = PLANE ( 'NONE',  #662 ) ;
#1076 = CARTESIAN_POINT ( 'NONE',  ( -2.100000000000001865, 0.1999999999999999833, 1.869999999999999662 ) ) ;
#1077 = CARTESIAN_POINT ( 'NONE',  ( 0.000000000000000000, 0.05000000000000000278, -1.870000000000001883 ) ) ;
#1078 = CARTESIAN_POINT ( 'NONE',  ( -1.870000000000000107, 0.04999999999999999584, -2.500000000000000444 ) ) ;
#1079 = DIRECTION ( 'NONE',  ( -0.000000000000000000, -0.000000000000000000, 1.000000000000000000 ) ) ;
#1080 = VERTEX_POINT ( 'NONE', #4414 ) ;
#1081 = CARTESIAN_POINT ( 'NONE',  ( 1.870000000000000995, 0.6664761515876257425, 2.500000000000000444 ) ) ;
#1082 = CARTESIAN_POINT ( 'NONE',  ( 0.6299999999999991163, 0.05000000000000000278, -3.415236843329333051E-16 ) ) ;
#1083 = AXIS2_PLACEMENT_3D ( 'NONE', #5140, #7518, #468 ) ;
#1084 = EDGE_LOOP ( 'NONE', ( #3489, #9208, #8545, #5965 ) ) ;
#1085 = SURFACE_STYLE_FILL_AREA ( #9970 ) ;
#1086 = ORIENTED_EDGE ( 'NONE', *, *, #2460, .F. ) ;
#1087 = LINE ( 'NONE', #6450, #1343 ) ;
#1088 = EDGE_CURVE ( 'NONE', #8849, #7254, #7484, .T. ) ;
#1089 = ORIENTED_EDGE ( 'NONE', *, *, #9067, .F. ) ;
#1090 = CARTESIAN_POINT ( 'NONE',  ( 2.100000000000001865, 0.1999999999999999833, -0.6300000000000003375 ) ) ;
#1091 = DIRECTION ( 'NONE',  ( 0.000000000000000000, 0.000000000000000000, -1.000000000000000000 ) ) ;
#1092 = LINE ( 'NONE', #3800, #7727 ) ;
#1093 = ORIENTED_EDGE ( 'NONE', *, *, #3125, .F. ) ;
#1094 = CARTESIAN_POINT ( 'NONE',  ( 1.370000000000000329, 0.000000000000000000, -2.500000000000000444 ) ) ;
#1095 = LINE ( 'NONE', #4939, #3268 ) ;
#1096 = DIRECTION ( 'NONE',  ( 1.000000000000000000, -0.000000000000000000, 0.000000000000000000 ) ) ;
#1097 = ORIENTED_EDGE ( 'NONE', *, *, #2899, .T. ) ;
#1098 = CARTESIAN_POINT ( 'NONE',  ( 2.499999999999998668, 0.05000000000000000278, 2.499999999999999556 ) ) ;
#1099 = EDGE_CURVE ( 'NONE', #419, #6890, #5805, .T. ) ;
#1100 = DIRECTION ( 'NONE',  ( 0.000000000000000000, 0.000000000000000000, 1.000000000000000000 ) ) ;
#1101 = CARTESIAN_POINT ( 'NONE',  ( -2.100000000000001865, 0.1999999999999999833, 0.6299999999999982281 ) ) ;
#1102 = LINE ( 'NONE', #1864, #7841 ) ;
#1103 = ORIENTED_EDGE ( 'NONE', *, *, #7176, .F. ) ;
#1104 = ADVANCED_FACE ( 'NONE', ( #9380 ), #6644, .F. ) ;
#1105 = VECTOR ( 'NONE', #5521, 1000.000000000000000 ) ;
#1106 = CARTESIAN_POINT ( 'NONE',  ( -2.100000000000001865, 0.05000000000000002359, 0.1299999999999981726 ) ) ;
#1107 = DIRECTION ( 'NONE',  ( 1.000000000000000000, -0.000000000000000000, 0.000000000000000000 ) ) ;
#1108 = VERTEX_POINT ( 'NONE', #2812 ) ;
#1109 = DIRECTION ( 'NONE',  ( 0.000000000000000000, 0.000000000000000000, -1.000000000000000000 ) ) ;
#1110 = DIRECTION ( 'NONE',  ( 1.000000000000000000, 0.000000000000000000, 0.000000000000000000 ) ) ;
#1111 = EDGE_CURVE ( 'NONE', #9246, #7303, #3139, .T. ) ;
#1112 = EDGE_LOOP ( 'NONE', ( #2904, #2683, #4979, #165 ) ) ;
#1113 = DIRECTION ( 'NONE',  ( -0.000000000000000000, -1.000000000000000000, -0.000000000000000000 ) ) ;
#1114 = CARTESIAN_POINT ( 'NONE',  ( 0.000000000000000000, 0.2000000000000000111, 0.000000000000000000 ) ) ;
#1115 = STYLED_ITEM ( 'NONE', ( #8000 ), #5923 ) ;
#1116 = DIRECTION ( 'NONE',  ( -0.000000000000000000, 0.000000000000000000, 1.000000000000000000 ) ) ;
#1117 = EDGE_LOOP ( 'NONE', ( #9813, #9108, #5417, #2686 ) ) ;
#1118 = CARTESIAN_POINT ( 'NONE',  ( -1.629999999999999671, 0.2000000000000000111, -2.500000000000000444 ) ) ;
#1119 = VECTOR ( 'NONE', #9447, 1000.000000000000000 ) ;
#1120 = ORIENTED_EDGE ( 'NONE', *, *, #2020, .F. ) ;
#1121 = CARTESIAN_POINT ( 'NONE',  ( 1.800000000000000044, 0.1999999999999996503, 1.799999999999999822 ) ) ;
#1122 = VECTOR ( 'NONE', #2766, 1000.000000000000000 ) ;
#1123 = ORIENTED_EDGE ( 'NONE', *, *, #6613, .T. ) ;
#1124 = DIRECTION ( 'NONE',  ( 1.000000000000000000, 0.000000000000000000, -0.000000000000000000 ) ) ;
#1125 = VECTOR ( 'NONE', #3952, 1000.000000000000000 ) ;
#1126 = FILL_AREA_STYLE ('',( #1861 ) ) ;
#1127 = PLANE ( 'NONE',  #6112 ) ;
#1128 = VERTEX_POINT ( 'NONE', #8629 ) ;
#1129 = CARTESIAN_POINT ( 'NONE',  ( -2.500000000000000888, 0.05000000000000000278, 2.499999999999999556 ) ) ;
#1130 =( NAMED_UNIT ( * ) SI_UNIT ( $, .STERADIAN. ) SOLID_ANGLE_UNIT ( ) );
#1131 = EDGE_CURVE ( 'NONE', #7621, #3571, #3253, .T. ) ;
#1132 = CARTESIAN_POINT ( 'NONE',  ( -0.1299999999999996991, 0.6664761515876257425, -2.500000000000000444 ) ) ;
#1133 = FACE_OUTER_BOUND ( 'NONE', #4194, .T. ) ;
#1134 = VERTEX_POINT ( 'NONE', #7038 ) ;
#1135 = VECTOR ( 'NONE', #2146, 1000.000000000000000 ) ;
#1136 = ORIENTED_EDGE ( 'NONE', *, *, #6419, .F. ) ;
#1137 = DIRECTION ( 'NONE',  ( 2.710505431213760691E-15, 0.000000000000000000, 1.000000000000000000 ) ) ;
#1138 = AXIS2_PLACEMENT_3D ( 'NONE', #4484, #6743, #2940 ) ;
#1139 = DIRECTION ( 'NONE',  ( -1.000000000000000000, 0.000000000000000000, 0.000000000000000000 ) ) ;
#1140 = PLANE ( 'NONE',  #2348 ) ;
#1141 = CARTESIAN_POINT ( 'NONE',  ( -2.100000000000001865, 0.000000000000000000, 1.869999999999999662 ) ) ;
#1142 = DIRECTION ( 'NONE',  ( 0.000000000000000000, 0.000000000000000000, 1.000000000000000000 ) ) ;
#1143 = ORIENTED_EDGE ( 'NONE', *, *, #3995, .T. ) ;
#1144 = EDGE_CURVE ( 'NONE', #2957, #6993, #9506, .T. ) ;
#1145 = CARTESIAN_POINT ( 'NONE',  ( 0.3700000000000018274, 0.2000000000000000111, 2.100000000000000089 ) ) ;
#1146 = CARTESIAN_POINT ( 'NONE',  ( -1.629999999999999005, 0.000000000000000000, 2.500000000000000444 ) ) ;
#1147 = CARTESIAN_POINT ( 'NONE',  ( 2.500000000000002220, 0.04999999999999969746, 0.3699999999999996625 ) ) ;
#1148 = ORIENTED_EDGE ( 'NONE', *, *, #6810, .F. ) ;
#1149 = CARTESIAN_POINT ( 'NONE',  ( -2.500000000000002220, 0.6664761515876249653, -1.370000000000001883 ) ) ;
#1150 = DIRECTION ( 'NONE',  ( 0.000000000000000000, 1.000000000000000000, 0.000000000000000000 ) ) ;
#1151 = ORIENTED_EDGE ( 'NONE', *, *, #3719, .F. ) ;
#1152 = LINE ( 'NONE', #1611, #9114 ) ;
#1153 = ADVANCED_FACE ( 'NONE', ( #2534 ), #3939, .T. ) ;
#1155 = FACE_OUTER_BOUND ( 'NONE', #5603, .T. ) ;
#1154 = PRESENTATION_LAYER_ASSIGNMENT (  '', '', ( #5428 ) ) ;
#1156 = VERTEX_POINT ( 'NONE', #75 ) ;
#1157 = VERTEX_POINT ( 'NONE', #108 ) ;
#1158 = SURFACE_SIDE_STYLE ('',( #767 ) ) ;
#1159 = EDGE_CURVE ( 'NONE', #2977, #6899, #1792, .T. ) ;
#1160 = DIRECTION ( 'NONE',  ( -0.000000000000000000, -1.000000000000000000, -0.000000000000000000 ) ) ;
#1161 = LINE ( 'NONE', #3785, #9828 ) ;
#1162 = CARTESIAN_POINT ( 'NONE',  ( 0.6299999999999998934, 0.04999999999999969746, -2.500000000000000444 ) ) ;
#1163 = FACE_OUTER_BOUND ( 'NONE', #3937, .T. ) ;
#1164 =( LENGTH_UNIT ( ) NAMED_UNIT ( * ) SI_UNIT ( .MILLI., .METRE. ) );
#1165 = VECTOR ( 'NONE', #3693, 1000.000000000000000 ) ;
#1166 = ORIENTED_EDGE ( 'NONE', *, *, #3023, .F. ) ;
#1167 =( NAMED_UNIT ( * ) PLANE_ANGLE_UNIT ( ) SI_UNIT ( $, .RADIAN. ) );
#1168 = ORIENTED_EDGE ( 'NONE', *, *, #3384, .F. ) ;
#1169 = PLANE ( 'NONE',  #409 ) ;
#1170 = AXIS2_PLACEMENT_3D ( 'NONE', #9707, #5116, #4264 ) ;
#1171 = VECTOR ( 'NONE', #5962, 1000.000000000000000 ) ;
#1172 = EDGE_CURVE ( 'NONE', #8842, #4489, #4933, .T. ) ;
#1173 = LINE ( 'NONE', #1339, #2508 ) ;
#1174 = EDGE_LOOP ( 'NONE', ( #9367, #2291, #7468, #7496 ) ) ;
#1175 = DIRECTION ( 'NONE',  ( -0.000000000000000000, -1.000000000000000000, -0.000000000000000000 ) ) ;
#1176 = STYLED_ITEM ( 'NONE', ( #6405 ), #458 ) ;
#1177 = VERTEX_POINT ( 'NONE', #9334 ) ;
#1178 = CARTESIAN_POINT ( 'NONE',  ( 1.370000000000001439, 0.1999999999999999833, -2.100000000000000089 ) ) ;
#1179 = DIRECTION ( 'NONE',  ( -1.000000000000000000, 0.000000000000000000, 0.000000000000000000 ) ) ;
#1180 = DIRECTION ( 'NONE',  ( 1.000000000000000000, -0.000000000000000000, -0.000000000000000000 ) ) ;
#1181 = CARTESIAN_POINT ( 'NONE',  ( -1.129999999999998117, 0.000000000000000000, 2.100000000000000089 ) ) ;
#1182 =( NAMED_UNIT ( * ) PLANE_ANGLE_UNIT ( ) SI_UNIT ( $, .RADIAN. ) );
#1183 = CARTESIAN_POINT ( 'NONE',  ( 1.130000000000000338, 0.000000000000000000, 2.100000000000000977 ) ) ;
#1184 = DIRECTION ( 'NONE',  ( -1.000000000000000000, 0.000000000000000000, 3.614007241618342065E-15 ) ) ;
#1185 = AXIS2_PLACEMENT_3D ( 'NONE', #8008, #9551, #5739 ) ;
#1186 = VECTOR ( 'NONE', #544, 1000.000000000000000 ) ;
#1187 = EDGE_LOOP ( 'NONE', ( #2575, #4413, #7493, #5332 ) ) ;
#1188 = LINE ( 'NONE', #4477, #695 ) ;
#1189 = ORIENTED_EDGE ( 'NONE', *, *, #1190, .T. ) ;
#1190 = EDGE_CURVE ( 'NONE', #5044, #1856, #4685, .T. ) ;
#1191 = ORIENTED_EDGE ( 'NONE', *, *, #4820, .F. ) ;
#1192 = PRESENTATION_LAYER_ASSIGNMENT (  '', '', ( #7273 ) ) ;
#1193 = DIRECTION ( 'NONE',  ( -0.000000000000000000, -1.000000000000000000, -0.000000000000000000 ) ) ;
#1194 = CARTESIAN_POINT ( 'NONE',  ( 3.000000000000000000, 0.2000000000000000111, 0.000000000000000000 ) ) ;
#1195 = EDGE_CURVE ( 'NONE', #9677, #8696, #6507, .T. ) ;
#1196 = PLANE ( 'NONE',  #9401 ) ;
#1197 = LINE ( 'NONE', #3294, #1784 ) ;
#1198 = ORIENTED_EDGE ( 'NONE', *, *, #5512, .T. ) ;
#1199 = VECTOR ( 'NONE', #8934, 1000.000000000000000 ) ;
#1200 = DIRECTION ( 'NONE',  ( -1.000000000000000000, 0.000000000000000000, 3.614007241618325499E-15 ) ) ;
#1201 = VERTEX_POINT ( 'NONE', #2493 ) ;
#1202 = VECTOR ( 'NONE', #6017, 1000.000000000000000 ) ;
#1203 = DIRECTION ( 'NONE',  ( -2.710505431213760296E-15, 0.000000000000000000, -1.000000000000000000 ) ) ;
#1204 = ORIENTED_EDGE ( 'NONE', *, *, #2678, .T. ) ;
#1205 = DIRECTION ( 'NONE',  ( 1.000000000000000000, -0.000000000000000000, 0.000000000000000000 ) ) ;
#1206 = CARTESIAN_POINT ( 'NONE',  ( -2.100000000000001865, 0.1999999999999999833, 0.6299999999999982281 ) ) ;
#1207 = LINE ( 'NONE', #9301, #9984 ) ;
#1208 = ORIENTED_EDGE ( 'NONE', *, *, #329, .T. ) ;
#1209 = LINE ( 'NONE', #9197, #2054 ) ;
#1210 = MECHANICAL_DESIGN_GEOMETRIC_PRESENTATION_REPRESENTATION (  '', ( #6198 ), #2248 ) ;
#1211 = ADVANCED_FACE ( 'NONE', ( #7813 ), #884, .F. ) ;
#1212 = ORIENTED_EDGE ( 'NONE', *, *, #9871, .T. ) ;
#1213 = EDGE_CURVE ( 'NONE', #2090, #7602, #2174, .T. ) ;
#1214 = MANIFOLD_SOLID_BREP ( 'LPattern4[13]', #905 ) ;
#1215 = PLANE ( 'NONE',  #916 ) ;
#1216 = LINE ( 'NONE', #5492, #1458 ) ;
#1217 = EDGE_LOOP ( 'NONE', ( #6093, #7924, #8009, #4828 ) ) ;
#1218 = DIRECTION ( 'NONE',  ( -1.000000000000000000, 0.000000000000000000, -0.000000000000000000 ) ) ;
#1219 = DIRECTION ( 'NONE',  ( 0.000000000000000000, -1.000000000000000000, 0.000000000000000000 ) ) ;
#1220 = DIRECTION ( 'NONE',  ( 0.000000000000000000, 0.000000000000000000, -1.000000000000000000 ) ) ;
#1221 = SURFACE_SIDE_STYLE ('',( #4755 ) ) ;
#1222 = LINE ( 'NONE', #8805, #9171 ) ;
#1223 = FACE_OUTER_BOUND ( 'NONE', #378, .T. ) ;
#1224 =( LENGTH_UNIT ( ) NAMED_UNIT ( * ) SI_UNIT ( .MILLI., .METRE. ) );
#1225 = CARTESIAN_POINT ( 'NONE',  ( -1.129999999999998561, 0.6664761515876257425, -2.100000000000000089 ) ) ;
#1226 = CARTESIAN_POINT ( 'NONE',  ( 0.6300000000000005596, 0.04999999999999969746, 2.500000000000001332 ) ) ;
#1227 = ORIENTED_EDGE ( 'NONE', *, *, #9938, .F. ) ;
#1228 = CARTESIAN_POINT ( 'NONE',  ( 2.100000000000001865, 0.6664761515876249653, -0.6300000000000003375 ) ) ;
#1229 = EDGE_CURVE ( 'NONE', #3756, #2666, #471, .T. ) ;
#1230 = ADVANCED_FACE ( 'NONE', ( #8777 ), #8668, .F. ) ;
#1231 = LINE ( 'NONE', #1470, #9177 ) ;
#1232 = ORIENTED_EDGE ( 'NONE', *, *, #5843, .F. ) ;
#1233 = EDGE_CURVE ( 'NONE', #8773, #2589, #334, .T. ) ;
#1234 = EDGE_LOOP ( 'NONE', ( #1674, #6893, #5230, #3320 ) ) ;
#1235 = CARTESIAN_POINT ( 'NONE',  ( -1.800000000000000044, 5.291168824543142968, 1.799999999999999822 ) ) ;
#1236 = DIRECTION ( 'NONE',  ( 0.000000000000000000, -0.000000000000000000, 1.000000000000000000 ) ) ;
#1237 = CARTESIAN_POINT ( 'NONE',  ( 3.500000000000000000, 0.000000000000000000, 0.000000000000000000 ) ) ;
#1238 = FACE_OUTER_BOUND ( 'NONE', #3873, .T. ) ;
#1239 = EDGE_LOOP ( 'NONE', ( #4851, #2918, #9644, #9158 ) ) ;
#1240 = AXIS2_PLACEMENT_3D ( 'NONE', #3943, #4708, #758 ) ;
#1241 = CLOSED_SHELL ( 'NONE', ( #2235, #6229, #2224, #7585, #1031, #9636 ) ) ;
#1242 = DIRECTION ( 'NONE',  ( 1.000000000000000000, -0.000000000000000000, -0.000000000000000000 ) ) ;
#1243 = CARTESIAN_POINT ( 'NONE',  ( 1.870000000000001883, 0.000000000000000000, 2.100000000000000089 ) ) ;
#1244 = EDGE_CURVE ( 'NONE', #2482, #7861, #3496, .T. ) ;
#1245 = CARTESIAN_POINT ( 'NONE',  ( 0.8700000000000018829, 0.1999999999999999833, 2.100000000000000089 ) ) ;
#1246 = DIRECTION ( 'NONE',  ( 0.000000000000000000, 0.000000000000000000, 1.000000000000000000 ) ) ;
#1247 = FACE_OUTER_BOUND ( 'NONE', #6563, .T. ) ;
#1248 = ORIENTED_EDGE ( 'NONE', *, *, #2253, .F. ) ;
#1249 = ORIENTED_EDGE ( 'NONE', *, *, #5879, .T. ) ;
#1250 = PLANE ( 'NONE',  #3526 ) ;
#1251 = MECHANICAL_DESIGN_GEOMETRIC_PRESENTATION_REPRESENTATION (  '', ( #721 ), #135 ) ;
#1252 = CARTESIAN_POINT ( 'NONE',  ( -2.500000000000002220, 0.6664761515876249653, -1.870000000000001883 ) ) ;
#1253 = DIRECTION ( 'NONE',  ( 0.000000000000000000, 0.000000000000000000, 1.000000000000000000 ) ) ;
#1254 = COLOUR_RGB ( '',0.7921568627450980005, 0.8196078431372548767, 0.9333333333333333481 ) ;
#1255 = EDGE_CURVE ( 'NONE', #5726, #9544, #5793, .T. ) ;
#1256 = FILL_AREA_STYLE ('',( #2068 ) ) ;
#1257 = CARTESIAN_POINT ( 'NONE',  ( -2.500000000000002220, 0.000000000000000000, -0.1300000000000003375 ) ) ;
#1258 = DIRECTION ( 'NONE',  ( -1.000000000000000000, 0.000000000000000000, 0.000000000000000000 ) ) ;
#1259 = ORIENTED_EDGE ( 'NONE', *, *, #4281, .F. ) ;
#1260 = DIRECTION ( 'NONE',  ( -2.168404344971008079E-15, 0.000000000000000000, 1.000000000000000000 ) ) ;
#1261 = AXIS2_PLACEMENT_3D ( 'NONE', #3752, #2161, #1286 ) ;
#1262 = LINE ( 'NONE', #9348, #9098 ) ;
#1263 = EDGE_LOOP ( 'NONE', ( #2453, #5705, #7013, #8191 ) ) ;
#1264 = FACE_OUTER_BOUND ( 'NONE', #1187, .T. ) ;
#1265 = ADVANCED_FACE ( 'NONE', ( #7238 ), #7926, .F. ) ;
#1266 = ORIENTED_EDGE ( 'NONE', *, *, #3150, .T. ) ;
#1267 = CARTESIAN_POINT ( 'NONE',  ( -0.3699999999999994404, 0.6664761515876257425, 2.500000000000001332 ) ) ;
#1268 = PLANE ( 'NONE',  #8504 ) ;
#1269 = LINE ( 'NONE', #8823, #8132 ) ;
#1270 = VERTEX_POINT ( 'NONE', #5586 ) ;
#1271 = PLANE ( 'NONE',  #8039 ) ;
#1272 = CARTESIAN_POINT ( 'NONE',  ( -2.500000000000002220, 0.000000000000000000, -1.630000000000000338 ) ) ;
#1273 = AXIS2_PLACEMENT_3D ( 'NONE', #406, #1898, #5830 ) ;
#1274 = CARTESIAN_POINT ( 'NONE',  ( 1.870000000000000995, 0.1999999999999999833, 2.500000000000000444 ) ) ;
#1275 = ORIENTED_EDGE ( 'NONE', *, *, #4640, .F. ) ;
#1276 = CARTESIAN_POINT ( 'NONE',  ( -2.100000000000001865, 0.000000000000000000, -0.1300000000000003375 ) ) ;
#1277 = CARTESIAN_POINT ( 'NONE',  ( 1.629999999999999893, 0.000000000000000000, -2.500000000000000444 ) ) ;
#1278 = EDGE_CURVE ( 'NONE', #9091, #8378, #5926, .T. ) ;
#1280 = ADVANCED_FACE ( 'NONE', ( #4096 ), #1127, .F. ) ;
#1279 = VERTEX_POINT ( 'NONE', #9463 ) ;
#1281 = CARTESIAN_POINT ( 'NONE',  ( 1.870000000000001439, 0.6664761515876257425, -2.100000000000000089 ) ) ;
#1282 = CARTESIAN_POINT ( 'NONE',  ( 0.000000000000000000, 0.000000000000000000, 1.000000000000000000 ) ) ;
#1283 = CARTESIAN_POINT ( 'NONE',  ( -1.370000000000000107, 0.000000000000000000, -2.100000000000000089 ) ) ;
#1284 = ORIENTED_EDGE ( 'NONE', *, *, #5700, .T. ) ;
#1285 = ORIENTED_EDGE ( 'NONE', *, *, #2384, .F. ) ;
#1286 = DIRECTION ( 'NONE',  ( 0.000000000000000000, 0.000000000000000000, -1.000000000000000000 ) ) ;
#1287 = COLOUR_RGB ( '',0.7921568627450980005, 0.8196078431372548767, 0.9333333333333333481 ) ;
#1288 = DIRECTION ( 'NONE',  ( 0.000000000000000000, -0.000000000000000000, -1.000000000000000000 ) ) ;
#1289 = VECTOR ( 'NONE', #7690, 1000.000000000000000 ) ;
#1290 = EDGE_CURVE ( 'NONE', #6485, #7134, #2047, .T. ) ;
#1291 = CARTESIAN_POINT ( 'NONE',  ( -0.6299999999999990052, 0.000000000000000000, 2.500000000000000444 ) ) ;
#1292 = DIRECTION ( 'NONE',  ( 0.000000000000000000, 0.000000000000000000, -1.000000000000000000 ) ) ;
#1293 = CARTESIAN_POINT ( 'NONE',  ( 2.500000000000002220, 0.000000000000000000, 1.629999999999998117 ) ) ;
#1294 = LINE ( 'NONE', #2859, #8881 ) ;
#1295 = ORIENTED_EDGE ( 'NONE', *, *, #4411, .T. ) ;
#1296 = CARTESIAN_POINT ( 'NONE',  ( -2.100000000000001865, 0.6664761515876249653, -0.6300000000000003375 ) ) ;
#1297 = ORIENTED_EDGE ( 'NONE', *, *, #6732, .T. ) ;
#1298 = LINE ( 'NONE', #9472, #9234 ) ;
#1299 = CARTESIAN_POINT ( 'NONE',  ( 0.3700000000000013833, 0.04999999999999999584, -2.100000000000000089 ) ) ;
#1300 = LINE ( 'NONE', #6329, #6859 ) ;
#1301 = ORIENTED_EDGE ( 'NONE', *, *, #9868, .F. ) ;
#1302 = EDGE_CURVE ( 'NONE', #3148, #1578, #5194, .T. ) ;
#1303 = LINE ( 'NONE', #7154, #5042 ) ;
#1304 = EDGE_LOOP ( 'NONE', ( #2281, #8632, #7921, #3725 ) ) ;
#1305 = EDGE_CURVE ( 'NONE', #2388, #8520, #8419, .T. ) ;
#1306 = CARTESIAN_POINT ( 'NONE',  ( -0.1299999999999981726, 0.000000000000000000, 2.100000000000000089 ) ) ;
#1307 = CARTESIAN_POINT ( 'NONE',  ( -2.500000000000002220, 0.6664761515876249653, 0.6299999999999982281 ) ) ;
#1308 = VECTOR ( 'NONE', #8756, 1000.000000000000000 ) ;
#1309 = ORIENTED_EDGE ( 'NONE', *, *, #7840, .F. ) ;
#1310 = LINE ( 'NONE', #3176, #9245 ) ;
#1311 = CARTESIAN_POINT ( 'NONE',  ( -2.500000000000002220, 0.000000000000000000, -1.870000000000001883 ) ) ;
#1312 = PLANE ( 'NONE',  #6 ) ;
#1313 = ORIENTED_EDGE ( 'NONE', *, *, #5879, .F. ) ;
#1314 = AXIS2_PLACEMENT_3D ( 'NONE', #2993, #6032, #1464 ) ;
#1315 = ADVANCED_FACE ( 'NONE', ( #213 ), #271, .T. ) ;
#1316 = ORIENTED_EDGE ( 'NONE', *, *, #1720, .F. ) ;
#1317 = EDGE_CURVE ( 'NONE', #3436, #9109, #8190, .T. ) ;
#1318 = PRESENTATION_STYLE_ASSIGNMENT (( #8930 ) ) ;
#1319 = DIRECTION ( 'NONE',  ( 1.000000000000000000, 0.000000000000000000, -0.000000000000000000 ) ) ;
#1320 = VECTOR ( 'NONE', #2117, 1000.000000000000000 ) ;
#1321 = EDGE_LOOP ( 'NONE', ( #1227, #4505, #7311, #2870 ) ) ;
#1322 = LINE ( 'NONE', #2167, #327 ) ;
#1323 = CARTESIAN_POINT ( 'NONE',  ( 2.100000000000001865, 0.000000000000000000, -0.8700000000000018829 ) ) ;
#1324 = ORIENTED_EDGE ( 'NONE', *, *, #3613, .F. ) ;
#1325 = CARTESIAN_POINT ( 'NONE',  ( 2.100000000000001865, 0.05000000000000002359, -1.130000000000000338 ) ) ;
#1326 = DIRECTION ( 'NONE',  ( 0.000000000000000000, -1.000000000000000000, 0.000000000000000000 ) ) ;
#1327 = DIRECTION ( 'NONE',  ( -1.000000000000000000, 0.000000000000000000, 3.614007241618325499E-15 ) ) ;
#1328 = EDGE_LOOP ( 'NONE', ( #1043, #164, #866, #6140 ) ) ;
#1329 = VERTEX_POINT ( 'NONE', #6458 ) ;
#1330 = VERTEX_POINT ( 'NONE', #3323 ) ;
#1331 = FACE_OUTER_BOUND ( 'NONE', #6305, .T. ) ;
#1332 = ORIENTED_EDGE ( 'NONE', *, *, #4368, .T. ) ;
#1333 = DIRECTION ( 'NONE',  ( -2.710505431213760296E-15, 0.000000000000000000, -1.000000000000000000 ) ) ;
#1334 = DIRECTION ( 'NONE',  ( 0.000000000000000000, 1.000000000000000000, 0.000000000000000000 ) ) ;
#1335 = ORIENTED_EDGE ( 'NONE', *, *, #4906, .F. ) ;
#1336 = EDGE_CURVE ( 'NONE', #8906, #4675, #2907, .T. ) ;
#1337 = CARTESIAN_POINT ( 'NONE',  ( 1.129999999999999893, 0.05000000000000000278, 0.000000000000000000 ) ) ;
#1338 = VECTOR ( 'NONE', #9793, 1000.000000000000000 ) ;
#1339 = CARTESIAN_POINT ( 'NONE',  ( -2.100000000000001865, 0.000000000000000000, 0.1299999999999981726 ) ) ;
#1340 = ORIENTED_EDGE ( 'NONE', *, *, #167, .F. ) ;
#1341 = LINE ( 'NONE', #671, #9272 ) ;
#1342 = ORIENTED_EDGE ( 'NONE', *, *, #2039, .F. ) ;
#1343 = VECTOR ( 'NONE', #6382, 1000.000000000000000 ) ;
#1344 = ORIENTED_EDGE ( 'NONE', *, *, #195, .T. ) ;
#1345 = CARTESIAN_POINT ( 'NONE',  ( 2.100000000000001865, 0.1999999999999999833, 0.3699999999999996625 ) ) ;
#1346 = CARTESIAN_POINT ( 'NONE',  ( 0.8700000000000014388, 0.000000000000000000, -2.100000000000000089 ) ) ;
#1347 =( GEOMETRIC_REPRESENTATION_CONTEXT ( 3 ) GLOBAL_UNCERTAINTY_ASSIGNED_CONTEXT ( ( #4718 ) ) GLOBAL_UNIT_ASSIGNED_CONTEXT ( ( #1164, #8918, #8880 ) ) REPRESENTATION_CONTEXT ( 'NONE', 'WORKASPACE' ) );
#1348 = VERTEX_POINT ( 'NONE', #4942 ) ;
#1349 = VECTOR ( 'NONE', #540, 1000.000000000000000 ) ;
#1350 = EDGE_CURVE ( 'NONE', #2206, #8204, #7703, .T. ) ;
#1351 = EDGE_LOOP ( 'NONE', ( #9971, #9018, #5167, #1706 ) ) ;
#1352 = DIRECTION ( 'NONE',  ( -0.000000000000000000, 0.000000000000000000, 1.000000000000000000 ) ) ;
#1353 = CARTESIAN_POINT ( 'NONE',  ( 1.370000000000001883, 0.6664761515876257425, 2.100000000000000089 ) ) ;
#1354 = LINE ( 'NONE', #5013, #8559 ) ;
#1355 = SURFACE_SIDE_STYLE ('',( #6483 ) ) ;
#1356 = ORIENTED_EDGE ( 'NONE', *, *, #5132, .F. ) ;
#1357 = DIRECTION ( 'NONE',  ( -1.000000000000000000, 0.000000000000000000, -1.204669080539449344E-16 ) ) ;
#1358 = EDGE_CURVE ( 'NONE', #8581, #4592, #5421, .T. ) ;
#1360 = ADVANCED_FACE ( 'NONE', ( #2412 ), #1758, .T. ) ;
#1359 = ORIENTED_EDGE ( 'NONE', *, *, #5285, .T. ) ;
#1361 = DIRECTION ( 'NONE',  ( -2.710505431213760296E-15, 0.000000000000000000, -1.000000000000000000 ) ) ;
#1362 = ORIENTED_EDGE ( 'NONE', *, *, #5563, .T. ) ;
#1363 = DIRECTION ( 'NONE',  ( 1.000000000000000000, 0.000000000000000000, 1.204669080539449344E-16 ) ) ;
#1364 = DIRECTION ( 'NONE',  ( 1.000000000000000000, 0.000000000000000000, -0.000000000000000000 ) ) ;
#1365 = DIRECTION ( 'NONE',  ( -0.000000000000000000, 0.000000000000000000, 1.000000000000000000 ) ) ;
#1366 = FACE_OUTER_BOUND ( 'NONE', #6853, .T. ) ;
#1367 = AXIS2_PLACEMENT_3D ( 'NONE', #2933, #2107, #9082 ) ;
#1368 = ORIENTED_EDGE ( 'NONE', *, *, #9572, .T. ) ;
#1369 = CARTESIAN_POINT ( 'NONE',  ( 0.000000000000000000, 0.2000000000000000111, 0.000000000000000000 ) ) ;
#1370 = EDGE_CURVE ( 'NONE', #4426, #7067, #2665, .T. ) ;
#1371 = PLANE ( 'NONE',  #263 ) ;
#1372 = ADVANCED_FACE ( 'NONE', ( #6042 ), #6680, .T. ) ;
#1373 = EDGE_CURVE ( 'NONE', #10, #8112, #8299, .T. ) ;
#1374 = CARTESIAN_POINT ( 'NONE',  ( 2.499999999999998668, 0.05000000000000000278, -2.500000000000000444 ) ) ;
#1375 = LINE ( 'NONE', #847, #8724 ) ;
#1376 = EDGE_LOOP ( 'NONE', ( #4860, #1667, #7069, #223 ) ) ;
#1377 = FACE_OUTER_BOUND ( 'NONE', #1174, .T. ) ;
#1378 = ORIENTED_EDGE ( 'NONE', *, *, #8270, .F. ) ;
#1379 = DIRECTION ( 'NONE',  ( 0.000000000000000000, 0.000000000000000000, -1.000000000000000000 ) ) ;
#1380 =( NAMED_UNIT ( * ) PLANE_ANGLE_UNIT ( ) SI_UNIT ( $, .RADIAN. ) );
#1381 = LINE ( 'NONE', #7291, #3435 ) ;
#1382 = CARTESIAN_POINT ( 'NONE',  ( -0.6299999999999996714, 0.2000000000000000111, -2.500000000000000444 ) ) ;
#1383 = ORIENTED_EDGE ( 'NONE', *, *, #3811, .T. ) ;
#1384 = EDGE_CURVE ( 'NONE', #7933, #3566, #7475, .T. ) ;
#1385 =( NAMED_UNIT ( * ) SI_UNIT ( $, .STERADIAN. ) SOLID_ANGLE_UNIT ( ) );
#1386 = DIRECTION ( 'NONE',  ( 0.000000000000000000, -1.000000000000000000, 0.000000000000000000 ) ) ;
#1387 = CARTESIAN_POINT ( 'NONE',  ( -1.800000000000000044, 0.1999999999999996503, -1.800000000000000266 ) ) ;
#1388 = VECTOR ( 'NONE', #4342, 1000.000000000000000 ) ;
#1389 = CARTESIAN_POINT ( 'NONE',  ( 0.000000000000000000, 0.05000000000000000278, -0.6300000000000003375 ) ) ;
#1390 =( GEOMETRIC_REPRESENTATION_CONTEXT ( 3 ) GLOBAL_UNCERTAINTY_ASSIGNED_CONTEXT ( ( #7565 ) ) GLOBAL_UNIT_ASSIGNED_CONTEXT ( ( #6902, #3524, #3485 ) ) REPRESENTATION_CONTEXT ( 'NONE', 'WORKASPACE' ) );
#1391 = ORIENTED_EDGE ( 'NONE', *, *, #9330, .F. ) ;
#1392 = PLANE ( 'NONE',  #5404 ) ;
#1393 = AXIS2_PLACEMENT_3D ( 'NONE', #901, #6371, #157 ) ;
#1394 = ORIENTED_EDGE ( 'NONE', *, *, #2483, .F. ) ;
#1395 = DIRECTION ( 'NONE',  ( -1.000000000000000000, 0.000000000000000000, 0.000000000000000000 ) ) ;
#1396 = ORIENTED_EDGE ( 'NONE', *, *, #7115, .F. ) ;
#1397 = DIRECTION ( 'NONE',  ( 0.000000000000000000, -1.000000000000000000, 0.000000000000000000 ) ) ;
#1398 = DIRECTION ( 'NONE',  ( -1.000000000000000000, 0.000000000000000000, -0.000000000000000000 ) ) ;
#1399 = ORIENTED_EDGE ( 'NONE', *, *, #3335, .F. ) ;
#1400 = VECTOR ( 'NONE', #7965, 1000.000000000000000 ) ;
#1401 = DIRECTION ( 'NONE',  ( 0.000000000000000000, 1.000000000000000000, 0.000000000000000000 ) ) ;
#1403 = LINE ( 'NONE', #6196, #1999 ) ;
#1402 = STYLED_ITEM ( 'NONE', ( #5690 ), #3637 ) ;
#1404 = FACE_OUTER_BOUND ( 'NONE', #4549, .T. ) ;
#1405 = ORIENTED_EDGE ( 'NONE', *, *, #7041, .F. ) ;
#1406 = DIRECTION ( 'NONE',  ( 0.000000000000000000, 0.000000000000000000, -1.000000000000000000 ) ) ;
#1407 = EDGE_CURVE ( 'NONE', #6621, #3787, #1057, .T. ) ;
#1408 = ORIENTED_EDGE ( 'NONE', *, *, #3634, .T. ) ;
#1409 = CARTESIAN_POINT ( 'NONE',  ( -2.100000000000001865, 0.1999999999999999833, 1.129999999999998117 ) ) ;
#1410 = DIRECTION ( 'NONE',  ( -1.000000000000000000, 0.000000000000000000, 2.710505431213760691E-15 ) ) ;
#1411 = VECTOR ( 'NONE', #5949, 1000.000000000000000 ) ;
#1412 = ADVANCED_FACE ( 'NONE', ( #5183 ), #2581, .F. ) ;
#1413 = VECTOR ( 'NONE', #4007, 1000.000000000000000 ) ;
#1414 = VECTOR ( 'NONE', #9699, 1000.000000000000000 ) ;
#1415 = ORIENTED_EDGE ( 'NONE', *, *, #5420, .T. ) ;
#1416 = CARTESIAN_POINT ( 'NONE',  ( -1.129999999999999671, 0.6664761515876257425, -2.500000000000000444 ) ) ;
#1417 = EDGE_CURVE ( 'NONE', #4751, #7698, #6374, .T. ) ;
#1418 = ORIENTED_EDGE ( 'NONE', *, *, #589, .F. ) ;
#1419 = EDGE_CURVE ( 'NONE', #3787, #5262, #699, .T. ) ;
#1420 = DIRECTION ( 'NONE',  ( -0.000000000000000000, -1.000000000000000000, -0.000000000000000000 ) ) ;
#1421 = CARTESIAN_POINT ( 'NONE',  ( -1.129999999999998561, 0.2000000000000000111, -2.100000000000000089 ) ) ;
#1422 = PRESENTATION_STYLE_ASSIGNMENT (( #8750 ) ) ;
#1423 = CARTESIAN_POINT ( 'NONE',  ( -2.500000000000000888, 0.05000000000000000278, 2.499999999999999556 ) ) ;
#1424 = ADVANCED_FACE ( 'NONE', ( #7353 ), #9545, .T. ) ;
#1425 = FACE_OUTER_BOUND ( 'NONE', #2271, .T. ) ;
#1426 = ORIENTED_EDGE ( 'NONE', *, *, #1682, .F. ) ;
#1427 = DIRECTION ( 'NONE',  ( 2.710505431213760691E-15, 0.000000000000000000, 1.000000000000000000 ) ) ;
#1428 = ORIENTED_EDGE ( 'NONE', *, *, #6932, .F. ) ;
#1429 = DIRECTION ( 'NONE',  ( -0.000000000000000000, -1.000000000000000000, -0.000000000000000000 ) ) ;
#1430 = FACE_OUTER_BOUND ( 'NONE', #8155, .T. ) ;
#1431 = DIRECTION ( 'NONE',  ( -1.000000000000000000, 0.000000000000000000, -0.000000000000000000 ) ) ;
#1432 = LINE ( 'NONE', #6814, #4461 ) ;
#1433 = VERTEX_POINT ( 'NONE', #2502 ) ;
#1434 = VECTOR ( 'NONE', #1585, 1000.000000000000000 ) ;
#1435 = EDGE_CURVE ( 'NONE', #5663, #2066, #6636, .T. ) ;
#1436 = DIRECTION ( 'NONE',  ( 0.000000000000000000, 0.000000000000000000, 1.000000000000000000 ) ) ;
#1437 = ORIENTED_EDGE ( 'NONE', *, *, #8442, .T. ) ;
#1438 = CARTESIAN_POINT ( 'NONE',  ( 2.499999999999998668, 0.05000000000000000278, 2.499999999999999556 ) ) ;
#1439 = EDGE_LOOP ( 'NONE', ( #902, #955, #753, #9887 ) ) ;
#1440 = FACE_OUTER_BOUND ( 'NONE', #4512, .T. ) ;
#1441 = DIRECTION ( 'NONE',  ( -1.000000000000000000, 0.000000000000000000, 0.000000000000000000 ) ) ;
#1442 = VECTOR ( 'NONE', #7068, 1000.000000000000000 ) ;
#1443 = ORIENTED_EDGE ( 'NONE', *, *, #2262, .T. ) ;
#1444 = LINE ( 'NONE', #5136, #1199 ) ;
#1445 = ORIENTED_EDGE ( 'NONE', *, *, #1593, .T. ) ;
#1446 = EDGE_CURVE ( 'NONE', #1714, #9631, #9973, .T. ) ;
#1447 =( GEOMETRIC_REPRESENTATION_CONTEXT ( 3 ) GLOBAL_UNCERTAINTY_ASSIGNED_CONTEXT ( ( #2010 ) ) GLOBAL_UNIT_ASSIGNED_CONTEXT ( ( #460, #420, #9692 ) ) REPRESENTATION_CONTEXT ( 'NONE', 'WORKASPACE' ) );
#1448 = DIRECTION ( 'NONE',  ( 0.000000000000000000, 0.000000000000000000, -1.000000000000000000 ) ) ;
#1449 = ORIENTED_EDGE ( 'NONE', *, *, #7226, .F. ) ;
#1450 = FACE_OUTER_BOUND ( 'NONE', #8733, .T. ) ;
#1451 = EDGE_LOOP ( 'NONE', ( #6348, #9409, #2060, #8074 ) ) ;
#1452 = LINE ( 'NONE', #2896, #2539 ) ;
#1453 = CARTESIAN_POINT ( 'NONE',  ( 2.100000000000001865, 0.1999999999999999833, -0.8700000000000018829 ) ) ;
#1454 = UNCERTAINTY_MEASURE_WITH_UNIT (LENGTH_MEASURE( 1.000000000000000082E-05 ), #128, 'distance_accuracy_value', 'NONE');
#1455 = ORIENTED_EDGE ( 'NONE', *, *, #6998, .T. ) ;
#1456 = DIRECTION ( 'NONE',  ( 1.000000000000000000, 0.000000000000000000, -5.421010862427520198E-16 ) ) ;
#1457 = DIRECTION ( 'NONE',  ( 1.000000000000000000, 0.000000000000000000, -0.000000000000000000 ) ) ;
#1458 = VECTOR ( 'NONE', #865, 1000.000000000000000 ) ;
#1459 = ORIENTED_EDGE ( 'NONE', *, *, #4593, .T. ) ;
#1460 = ADVANCED_FACE ( 'NONE', ( #7465 ), #2567, .T. ) ;
#1461 = FACE_OUTER_BOUND ( 'NONE', #1321, .T. ) ;
#1462 = CARTESIAN_POINT ( 'NONE',  ( 0.000000000000000000, 0.2000000000000000111, 0.000000000000000000 ) ) ;
#1463 = ORIENTED_EDGE ( 'NONE', *, *, #3158, .F. ) ;
#1464 = DIRECTION ( 'NONE',  ( 2.710505431213760691E-15, 0.000000000000000000, 1.000000000000000000 ) ) ;
#1465 = EDGE_CURVE ( 'NONE', #7180, #4569, #459, .T. ) ;
#1466 = CARTESIAN_POINT ( 'NONE',  ( -2.500000000000002220, 0.6664761515876249653, -1.630000000000000338 ) ) ;
#1467 = CARTESIAN_POINT ( 'NONE',  ( 0.000000000000000000, 0.2000000000000000111, 0.000000000000000000 ) ) ;
#1468 = FACE_OUTER_BOUND ( 'NONE', #4302, .T. ) ;
#1469 = ORIENTED_EDGE ( 'NONE', *, *, #8495, .T. ) ;
#1470 = CARTESIAN_POINT ( 'NONE',  ( -2.100000000000001865, 0.6664761515876249653, -1.370000000000001883 ) ) ;
#1471 = EDGE_LOOP ( 'NONE', ( #8992, #4097, #6167, #7786 ) ) ;
#1472 = ADVANCED_FACE ( 'NONE', ( #3614 ), #3581, .F. ) ;
#1473 = CARTESIAN_POINT ( 'NONE',  ( -2.100000000000001865, 0.1999999999999999833, -1.130000000000000338 ) ) ;
#1474 = CARTESIAN_POINT ( 'NONE',  ( -0.6299999999999982281, 0.6664761515876257425, 2.100000000000000089 ) ) ;
#1475 = VECTOR ( 'NONE', #2531, 1000.000000000000000 ) ;
#1476 = ORIENTED_EDGE ( 'NONE', *, *, #3890, .T. ) ;
#1477 = ORIENTED_EDGE ( 'NONE', *, *, #2007, .T. ) ;
#1478 = EDGE_CURVE ( 'NONE', #1348, #9179, #570, .T. ) ;
#1479 = CARTESIAN_POINT ( 'NONE',  ( -0.6299999999999985612, 0.2000000000000000111, -2.100000000000000089 ) ) ;
#1480 = PLANE ( 'NONE',  #1048 ) ;
#1481 = VECTOR ( 'NONE', #7672, 1000.000000000000000 ) ;
#1482 = ORIENTED_EDGE ( 'NONE', *, *, #6688, .T. ) ;
#1483 = AXIS2_PLACEMENT_3D ( 'NONE', #976, #7157, #4721 ) ;
#1484 = ORIENTED_EDGE ( 'NONE', *, *, #4485, .T. ) ;
#1485 = CARTESIAN_POINT ( 'NONE',  ( 2.100000000000001865, 0.000000000000000000, 1.869999999999999662 ) ) ;
#1486 = ORIENTED_EDGE ( 'NONE', *, *, #9746, .F. ) ;
#1487 = EDGE_CURVE ( 'NONE', #1990, #3214, #8763, .T. ) ;
#1488 = FACE_OUTER_BOUND ( 'NONE', #4137, .T. ) ;
#1489 = FILL_AREA_STYLE ('',( #6894 ) ) ;
#1490 = DIRECTION ( 'NONE',  ( -0.000000000000000000, -0.000000000000000000, 1.000000000000000000 ) ) ;
#1491 = ORIENTED_EDGE ( 'NONE', *, *, #2691, .T. ) ;
#1492 = DIRECTION ( 'NONE',  ( -0.000000000000000000, -1.000000000000000000, -0.000000000000000000 ) ) ;
#1493 = PLANE ( 'NONE',  #7839 ) ;
#1495 = VECTOR ( 'NONE', #8485, 1000.000000000000000 ) ;
#1494 = STYLED_ITEM ( 'NONE', ( #3521 ), #8361 ) ;
#1496 = EDGE_LOOP ( 'NONE', ( #9492, #8207, #2324, #5058 ) ) ;
#1497 = LINE ( 'NONE', #1121, #2232 ) ;
#1498 = EDGE_CURVE ( 'NONE', #7698, #3420, #941, .T. ) ;
#1499 = ORIENTED_EDGE ( 'NONE', *, *, #4005, .F. ) ;
#1500 = AXIS2_PLACEMENT_3D ( 'NONE', #3919, #9225, #2344 ) ;
#1501 = CARTESIAN_POINT ( 'NONE',  ( 3.500000000000000000, 0.2000000000000000111, 0.000000000000000000 ) ) ;
#1502 = ORIENTED_EDGE ( 'NONE', *, *, #7214, .F. ) ;
#1503 = ADVANCED_FACE ( 'NONE', ( #4459 ), #1215, .F. ) ;
#1504 = ORIENTED_EDGE ( 'NONE', *, *, #6372, .F. ) ;
#1505 = VERTEX_POINT ( 'NONE', #4217 ) ;
#1506 = CARTESIAN_POINT ( 'NONE',  ( 0.3700000000000018274, 0.6664761515876257425, 2.100000000000000089 ) ) ;
#1507 = DIRECTION ( 'NONE',  ( 1.000000000000000000, 0.000000000000000000, 0.000000000000000000 ) ) ;
#1508 = ORIENTED_EDGE ( 'NONE', *, *, #4243, .F. ) ;
#1509 = DIRECTION ( 'NONE',  ( -0.000000000000000000, -1.000000000000000000, -0.000000000000000000 ) ) ;
#1510 = VECTOR ( 'NONE', #8531, 1000.000000000000000 ) ;
#1511 = CARTESIAN_POINT ( 'NONE',  ( -2.100000000000001865, 0.000000000000000000, -1.630000000000000338 ) ) ;
#1512 = VECTOR ( 'NONE', #207, 1000.000000000000000 ) ;
#1513 = EDGE_LOOP ( 'NONE', ( #6208, #8578, #6505, #8343 ) ) ;
#1514 = AXIS2_PLACEMENT_3D ( 'NONE', #7983, #4964, #8013 ) ;
#1515 = MANIFOLD_SOLID_BREP ( 'LPattern3[2]', #6129 ) ;
#1516 = ADVANCED_FACE ( 'NONE', ( #8409 ), #8079, .F. ) ;
#1517 = ORIENTED_EDGE ( 'NONE', *, *, #2605, .T. ) ;
#1518 = DIRECTION ( 'NONE',  ( 0.000000000000000000, 0.000000000000000000, 1.000000000000000000 ) ) ;
#1519 = EDGE_CURVE ( 'NONE', #5326, #299, #206, .T. ) ;
#1520 = VECTOR ( 'NONE', #6926, 1000.000000000000000 ) ;
#1521 = DIRECTION ( 'NONE',  ( -1.000000000000000000, 0.000000000000000000, -0.000000000000000000 ) ) ;
#1522 = DIRECTION ( 'NONE',  ( -1.000000000000000000, 0.000000000000000000, 3.614007241618342065E-15 ) ) ;
#1523 = LINE ( 'NONE', #5960, #9592 ) ;
#1524 = ORIENTED_EDGE ( 'NONE', *, *, #3866, .T. ) ;
#1525 = PLANE ( 'NONE',  #4409 ) ;
#1526 = VERTEX_POINT ( 'NONE', #6657 ) ;
#1527 = CARTESIAN_POINT ( 'NONE',  ( 1.630000000000000560, 0.04999999999999969746, 2.500000000000001332 ) ) ;
#1528 = AXIS2_PLACEMENT_3D ( 'NONE', #7913, #4792, #6378 ) ;
#1529 = FACE_OUTER_BOUND ( 'NONE', #2467, .T. ) ;
#1530 = EDGE_CURVE ( 'NONE', #573, #9757, #5413, .T. ) ;
#1531 = VECTOR ( 'NONE', #7361, 1000.000000000000000 ) ;
#1532 = VERTEX_POINT ( 'NONE', #2024 ) ;
#1533 = VECTOR ( 'NONE', #8856, 1000.000000000000000 ) ;
#1534 = ORIENTED_EDGE ( 'NONE', *, *, #1012, .T. ) ;
#1535 = LINE ( 'NONE', #8370, #5299 ) ;
#1536 = EDGE_CURVE ( 'NONE', #3837, #9863, #5308, .T. ) ;
#1537 = CARTESIAN_POINT ( 'NONE',  ( 1.870000000000001883, 0.6664761515876257425, 2.100000000000000089 ) ) ;
#1538 = LINE ( 'NONE', #2928, #564 ) ;
#1539 = EDGE_LOOP ( 'NONE', ( #7613, #7647, #8001, #761 ) ) ;
#1540 = LINE ( 'NONE', #836, #9479 ) ;
#1541 = ORIENTED_EDGE ( 'NONE', *, *, #3942, .T. ) ;
#1542 = EDGE_CURVE ( 'NONE', #8842, #3376, #2897, .T. ) ;
#1543 = CARTESIAN_POINT ( 'NONE',  ( 0.000000000000000000, 0.000000000000000000, 2.000000000000000000 ) ) ;
#1544 = VERTEX_POINT ( 'NONE', #6580 ) ;
#1545 = DIRECTION ( 'NONE',  ( 1.000000000000000000, -0.000000000000000000, 0.000000000000000000 ) ) ;
#1546 = COLOUR_RGB ( '',0.7921568627450980005, 0.8196078431372548767, 0.9333333333333333481 ) ;
#1547 = FACE_OUTER_BOUND ( 'NONE', #8755, .T. ) ;
#1548 = ORIENTED_EDGE ( 'NONE', *, *, #9923, .T. ) ;
#1549 = LINE ( 'NONE', #5882, #88 ) ;
#1550 = ADVANCED_FACE ( 'NONE', ( #8178 ), #1250, .T. ) ;
#1551 = EDGE_LOOP ( 'NONE', ( #5856, #1860, #7481, #5935 ) ) ;
#1552 = PRESENTATION_LAYER_ASSIGNMENT (  '', '', ( #4346 ) ) ;
#1553 = CARTESIAN_POINT ( 'NONE',  ( 2.500000000000002220, 0.1999999999999999833, -0.6300000000000003375 ) ) ;
#1554 = DIRECTION ( 'NONE',  ( 1.000000000000000000, 0.000000000000000000, 0.000000000000000000 ) ) ;
#1555 = PLANE ( 'NONE',  #3841 ) ;
#1556 = EDGE_CURVE ( 'NONE', #7817, #1330, #3014, .T. ) ;
#1557 = DIRECTION ( 'NONE',  ( 2.710505431213760691E-15, -0.000000000000000000, 1.000000000000000000 ) ) ;
#1558 = VECTOR ( 'NONE', #1832, 1000.000000000000000 ) ;
#1559 = ORIENTED_EDGE ( 'NONE', *, *, #3161, .T. ) ;
#1560 = EDGE_LOOP ( 'NONE', ( #4127, #3949, #5188, #485 ) ) ;
#1561 = CARTESIAN_POINT ( 'NONE',  ( -1.129999999999998117, 0.2000000000000000111, 2.100000000000000089 ) ) ;
#1562 = EDGE_LOOP ( 'NONE', ( #7172, #6110, #9478, #4334 ) ) ;
#1563 = VECTOR ( 'NONE', #4441, 1000.000000000000000 ) ;
#1564 = ORIENTED_EDGE ( 'NONE', *, *, #4711, .F. ) ;
#1565 = ADVANCED_FACE ( 'NONE', ( #6496 ), #9655, .T. ) ;
#1566 = CLOSED_SHELL ( 'NONE', ( #1265, #948, #4594, #5836, #5124, #1372 ) ) ;
#1567 = CARTESIAN_POINT ( 'NONE',  ( -0.6299999999999985612, 0.000000000000000000, -2.100000000000000089 ) ) ;
#1568 = LINE ( 'NONE', #9693, #2675 ) ;
#1569 = EDGE_LOOP ( 'NONE', ( #3670, #376, #4875, #937 ) ) ;
#1570 = EDGE_CURVE ( 'NONE', #1134, #6186, #5650, .T. ) ;
#1571 = ORIENTED_EDGE ( 'NONE', *, *, #3928, .T. ) ;
#1572 = LINE ( 'NONE', #7959, #964 ) ;
#1573 = UNCERTAINTY_MEASURE_WITH_UNIT (LENGTH_MEASURE( 1.000000000000000082E-05 ), #9524, 'distance_accuracy_value', 'NONE');
#1574 = ORIENTED_EDGE ( 'NONE', *, *, #9553, .T. ) ;
#1575 = CARTESIAN_POINT ( 'NONE',  ( 2.100000000000001865, 0.05000000000000000278, 0.000000000000000000 ) ) ;
#1576 = PLANE ( 'NONE',  #2761 ) ;
#1577 = AXIS2_PLACEMENT_3D ( 'NONE', #6651, #8923, #1246 ) ;
#1578 = VERTEX_POINT ( 'NONE', #8852 ) ;
#1579 =( GEOMETRIC_REPRESENTATION_CONTEXT ( 3 ) GLOBAL_UNCERTAINTY_ASSIGNED_CONTEXT ( ( #2956 ) ) GLOBAL_UNIT_ASSIGNED_CONTEXT ( ( #4677, #50, #5402 ) ) REPRESENTATION_CONTEXT ( 'NONE', 'WORKASPACE' ) );
#1580 = LINE ( 'NONE', #9314, #2321 ) ;
#1581 = ORIENTED_EDGE ( 'NONE', *, *, #8975, .T. ) ;
#1582 = CARTESIAN_POINT ( 'NONE',  ( 2.500000000000002220, 0.1999999999999999833, -1.870000000000001883 ) ) ;
#1583 = VECTOR ( 'NONE', #9674, 1000.000000000000000 ) ;
#1584 = EDGE_LOOP ( 'NONE', ( #783, #3093, #4369, #3178 ) ) ;
#1585 = DIRECTION ( 'NONE',  ( -2.710505431213760296E-15, 0.000000000000000000, -1.000000000000000000 ) ) ;
#1586 = ORIENTED_EDGE ( 'NONE', *, *, #4521, .T. ) ;
#1587 = VECTOR ( 'NONE', #6683, 1000.000000000000000 ) ;
#1588 = DIRECTION ( 'NONE',  ( 0.000000000000000000, -1.000000000000000000, 0.000000000000000000 ) ) ;
#1589 = AXIS2_PLACEMENT_3D ( 'NONE', #7828, #8590, #4764 ) ;
#1590 = ORIENTED_EDGE ( 'NONE', *, *, #1542, .F. ) ;
#1591 = DIRECTION ( 'NONE',  ( 0.000000000000000000, 0.000000000000000000, -1.000000000000000000 ) ) ;
#1592 = CARTESIAN_POINT ( 'NONE',  ( -0.1299999999999990330, 0.2000000000000000111, 2.500000000000000444 ) ) ;
#1593 = EDGE_CURVE ( 'NONE', #7912, #7670, #5062, .T. ) ;
#1594 = LINE ( 'NONE', #3328, #4847 ) ;
#1595 = ORIENTED_EDGE ( 'NONE', *, *, #4425, .F. ) ;
#1596 = ORIENTED_EDGE ( 'NONE', *, *, #2974, .F. ) ;
#1597 = CARTESIAN_POINT ( 'NONE',  ( 0.000000000000000000, 0.2000000000000000111, 0.000000000000000000 ) ) ;
#1598 = LINE ( 'NONE', #1077, #8705 ) ;
#1599 = ADVANCED_FACE ( 'NONE', ( #4085 ), #8216, .T. ) ;
#1600 = EDGE_CURVE ( 'NONE', #8700, #4733, #3245, .T. ) ;
#1601 = ORIENTED_EDGE ( 'NONE', *, *, #2759, .T. ) ;
#1602 = CARTESIAN_POINT ( 'NONE',  ( -2.100000000000001865, 0.6664761515876249653, 1.129999999999998117 ) ) ;
#1603 = VECTOR ( 'NONE', #1091, 1000.000000000000000 ) ;
#1604 = ORIENTED_EDGE ( 'NONE', *, *, #5473, .F. ) ;
#1605 = AXIS2_PLACEMENT_3D ( 'NONE', #5619, #4809, #7836 ) ;
#1607 = ADVANCED_FACE ( 'NONE', ( #1440 ), #5201, .F. ) ;
#1606 = ORIENTED_EDGE ( 'NONE', *, *, #6782, .T. ) ;
#1608 = CARTESIAN_POINT ( 'NONE',  ( -2.100000000000001865, 0.05000000000000002359, 0.3699999999999996625 ) ) ;
#1609 = EDGE_CURVE ( 'NONE', #6482, #8098, #1781, .T. ) ;
#1610 = EDGE_LOOP ( 'NONE', ( #508, #1920, #4374, #9857 ) ) ;
#1611 = CARTESIAN_POINT ( 'NONE',  ( -1.129999999999993010, 0.05000000000000000278, 3.062871137271530699E-15 ) ) ;
#1612 = PLANE ( 'NONE',  #9241 ) ;
#1613 = CARTESIAN_POINT ( 'NONE',  ( 2.500000000000002220, 0.6664761515876249653, 1.869999999999999662 ) ) ;
#1614 = VECTOR ( 'NONE', #5379, 1000.000000000000000 ) ;
#1615 = FILL_AREA_STYLE ('',( #8615 ) ) ;
#1616 = ORIENTED_EDGE ( 'NONE', *, *, #6099, .F. ) ;
#1617 = DIRECTION ( 'NONE',  ( 0.000000000000000000, -0.000000000000000000, 1.000000000000000000 ) ) ;
#1618 = LINE ( 'NONE', #3430, #8259 ) ;
#1619 = ORIENTED_EDGE ( 'NONE', *, *, #5095, .F. ) ;
#1620 = EDGE_CURVE ( 'NONE', #624, #3056, #7696, .T. ) ;
#1621 = STYLED_ITEM ( 'NONE', ( #9107 ), #5859 ) ;
#1622 = ORIENTED_EDGE ( 'NONE', *, *, #8463, .F. ) ;
#1623 = AXIS2_PLACEMENT_3D ( 'NONE', #7409, #7439, #4386 ) ;
#1624 = DIRECTION ( 'NONE',  ( -0.000000000000000000, -1.000000000000000000, -0.000000000000000000 ) ) ;
#1625 = LINE ( 'NONE', #7143, #6605 ) ;
#1626 = FACE_OUTER_BOUND ( 'NONE', #6721, .T. ) ;
#1627 = LINE ( 'NONE', #8536, #9578 ) ;
#1628 = ORIENTED_EDGE ( 'NONE', *, *, #3317, .F. ) ;
#1629 = CARTESIAN_POINT ( 'NONE',  ( 2.100000000000001865, 0.6664761515876249653, -0.3700000000000018274 ) ) ;
#1630 = CARTESIAN_POINT ( 'NONE',  ( 1.870000000000000995, 0.2000000000000000111, 2.500000000000000444 ) ) ;
#1631 = ORIENTED_EDGE ( 'NONE', *, *, #3789, .T. ) ;
#1632 = DIRECTION ( 'NONE',  ( 3.614007241618325499E-15, -0.000000000000000000, 1.000000000000000000 ) ) ;
#1633 = CARTESIAN_POINT ( 'NONE',  ( 2.500000000000002220, 0.04999999999999969746, 1.629999999999998117 ) ) ;
#1634 = LINE ( 'NONE', #9753, #3462 ) ;
#1636 = VECTOR ( 'NONE', #9539, 1000.000000000000000 ) ;
#1635 = AXIS2_PLACEMENT_3D ( 'NONE', #1132, #9682, #449 ) ;
#1637 = VECTOR ( 'NONE', #4399, 1000.000000000000000 ) ;
#1638 = VERTEX_POINT ( 'NONE', #592 ) ;
#1639 = EDGE_CURVE ( 'NONE', #3639, #615, #5639, .T. ) ;
#1640 = ORIENTED_EDGE ( 'NONE', *, *, #2796, .F. ) ;
#1641 = CARTESIAN_POINT ( 'NONE',  ( -2.100000000000001865, 0.000000000000000000, -0.3700000000000018274 ) ) ;
#1642 = CARTESIAN_POINT ( 'NONE',  ( 2.499999999999998668, 0.05000000000000000278, 2.499999999999999556 ) ) ;
#1643 = DIRECTION ( 'NONE',  ( 8.673617379884034239E-17, -0.000000000000000000, 1.000000000000000000 ) ) ;
#1644 = VECTOR ( 'NONE', #5924, 1000.000000000000000 ) ;
#1645 = DIRECTION ( 'NONE',  ( 0.000000000000000000, 1.000000000000000000, 0.000000000000000000 ) ) ;
#1646 = CARTESIAN_POINT ( 'NONE',  ( 0.3700000000000018274, 0.000000000000000000, 2.100000000000000089 ) ) ;
#1647 = LINE ( 'NONE', #5638, #9477 ) ;
#1648 = ORIENTED_EDGE ( 'NONE', *, *, #3966, .F. ) ;
#1649 = COLOUR_RGB ( '',0.7921568627450980005, 0.8196078431372548767, 0.9333333333333333481 ) ;
#1650 = CARTESIAN_POINT ( 'NONE',  ( -2.100000000000001865, 0.000000000000000000, 1.629999999999998117 ) ) ;
#1651 = ORIENTED_EDGE ( 'NONE', *, *, #7256, .T. ) ;
#1652 = STYLED_ITEM ( 'NONE', ( #8385 ), #5241 ) ;
#1653 = EDGE_CURVE ( 'NONE', #9566, #1762, #5047, .T. ) ;
#1654 = LINE ( 'NONE', #6824, #9474 ) ;
#1655 = ADVANCED_FACE ( 'NONE', ( #83 ), #626, .F. ) ;
#1656 = CARTESIAN_POINT ( 'NONE',  ( 2.100000000000001865, 0.1999999999999999833, -1.130000000000000338 ) ) ;
#1657 = CARTESIAN_POINT ( 'NONE',  ( 2.100000000000001865, 0.6664761515876249653, -0.3700000000000018274 ) ) ;
#1658 = VECTOR ( 'NONE', #5290, 1000.000000000000000 ) ;
#1659 = ORIENTED_EDGE ( 'NONE', *, *, #1975, .T. ) ;
#1660 = COLOUR_RGB ( '',0.7921568627450980005, 0.8196078431372548767, 0.9333333333333333481 ) ;
#1661 = EDGE_LOOP ( 'NONE', ( #8943, #1148, #3840, #4462 ) ) ;
#1662 = MECHANICAL_DESIGN_GEOMETRIC_PRESENTATION_REPRESENTATION (  '', ( #5428 ), #437 ) ;
#1663 = ORIENTED_EDGE ( 'NONE', *, *, #8030, .T. ) ;
#1664 = FILL_AREA_STYLE_COLOUR ( '', #6269 ) ;
#1665 = CARTESIAN_POINT ( 'NONE',  ( 1.370000000000000329, 0.1999999999999999833, -2.500000000000000444 ) ) ;
#1666 = VECTOR ( 'NONE', #7768, 1000.000000000000000 ) ;
#1667 = ORIENTED_EDGE ( 'NONE', *, *, #2603, .F. ) ;
#1668 = EDGE_CURVE ( 'NONE', #8260, #5215, #323, .T. ) ;
#1669 = ORIENTED_EDGE ( 'NONE', *, *, #4833, .F. ) ;
#1670 = VECTOR ( 'NONE', #1242, 1000.000000000000000 ) ;
#1671 = VERTEX_POINT ( 'NONE', #3658 ) ;
#1672 = AXIS2_PLACEMENT_3D ( 'NONE', #8054, #403, #8949 ) ;
#1673 = DIRECTION ( 'NONE',  ( 0.000000000000000000, -0.000000000000000000, 1.000000000000000000 ) ) ;
#1674 = ORIENTED_EDGE ( 'NONE', *, *, #7214, .T. ) ;
#1675 = VECTOR ( 'NONE', #8514, 1000.000000000000000 ) ;
#1676 = DIRECTION ( 'NONE',  ( 0.000000000000000000, -1.000000000000000000, 0.000000000000000000 ) ) ;
#1677 = DIRECTION ( 'NONE',  ( -1.000000000000000000, 0.000000000000000000, 0.000000000000000000 ) ) ;
#1678 = CARTESIAN_POINT ( 'NONE',  ( -2.500000000000000888, 0.2000000000000005107, 1.369999999999999662 ) ) ;
#1679 = EDGE_LOOP ( 'NONE', ( #1853, #9734, #2227, #9770 ) ) ;
#1680 = CARTESIAN_POINT ( 'NONE',  ( 1.370000000000000329, 0.6664761515876257425, -2.500000000000000444 ) ) ;
#1681 = DIRECTION ( 'NONE',  ( 0.000000000000000000, 0.000000000000000000, -1.000000000000000000 ) ) ;
#1682 = EDGE_CURVE ( 'NONE', #9192, #8532, #2514, .T. ) ;
#1683 = DIRECTION ( 'NONE',  ( 1.000000000000000000, -0.000000000000000000, 0.000000000000000000 ) ) ;
#1684 = CARTESIAN_POINT ( 'NONE',  ( 2.500000000000002220, 0.000000000000000000, -1.370000000000001883 ) ) ;
#1685 = CARTESIAN_POINT ( 'NONE',  ( -1.629999999999999005, 0.2000000000000000111, 2.500000000000000444 ) ) ;
#1686 = DIRECTION ( 'NONE',  ( -1.000000000000000000, 0.000000000000000000, 0.000000000000000000 ) ) ;
#1687 = FACE_OUTER_BOUND ( 'NONE', #2868, .T. ) ;
#1688 = VERTEX_POINT ( 'NONE', #4492 ) ;
#1689 = VECTOR ( 'NONE', #7300, 1000.000000000000000 ) ;
#1690 = UNCERTAINTY_MEASURE_WITH_UNIT (LENGTH_MEASURE( 1.000000000000000082E-05 ), #5235, 'distance_accuracy_value', 'NONE');
#1691 = VERTEX_POINT ( 'NONE', #4427 ) ;
#1692 = PLANE ( 'NONE',  #6857 ) ;
#1693 = CARTESIAN_POINT ( 'NONE',  ( 1.870000000000001439, 0.04999999999999999584, -2.100000000000000089 ) ) ;
#1694 = VECTOR ( 'NONE', #2118, 1000.000000000000000 ) ;
#1695 = EDGE_CURVE ( 'NONE', #624, #3646, #3958, .T. ) ;
#1696 = ORIENTED_EDGE ( 'NONE', *, *, #9417, .T. ) ;
#1697 = CARTESIAN_POINT ( 'NONE',  ( -0.3699999999999994404, 0.1999999999999999833, 2.500000000000001332 ) ) ;
#1698 = VECTOR ( 'NONE', #1441, 1000.000000000000000 ) ;
#1699 = ORIENTED_EDGE ( 'NONE', *, *, #7732, .F. ) ;
#1700 = CARTESIAN_POINT ( 'NONE',  ( -2.100000000000001865, 0.6664761515876249653, -0.3700000000000018274 ) ) ;
#1701 =( NAMED_UNIT ( * ) PLANE_ANGLE_UNIT ( ) SI_UNIT ( $, .RADIAN. ) );
#1702 =( LENGTH_UNIT ( ) NAMED_UNIT ( * ) SI_UNIT ( .MILLI., .METRE. ) );
#1703 = EDGE_CURVE ( 'NONE', #7723, #3281, #1654, .T. ) ;
#1704 = PLANE ( 'NONE',  #7712 ) ;
#1705 = DIRECTION ( 'NONE',  ( 5.421010862427520198E-16, 0.000000000000000000, 1.000000000000000000 ) ) ;
#1706 = ORIENTED_EDGE ( 'NONE', *, *, #6838, .F. ) ;
#1707 = ORIENTED_EDGE ( 'NONE', *, *, #6188, .T. ) ;
#1708 = ADVANCED_FACE ( 'NONE', ( #2029 ), #4460, .T. ) ;
#1709 = CARTESIAN_POINT ( 'NONE',  ( 2.500000000000002220, 0.1999999999999999833, 1.369999999999999662 ) ) ;
#1710 = CARTESIAN_POINT ( 'NONE',  ( -2.100000000000001865, 0.1999999999999999833, -0.3700000000000018274 ) ) ;
#1711 = CARTESIAN_POINT ( 'NONE',  ( -2.500000000000002220, 0.04999999999999969746, -1.630000000000000338 ) ) ;
#1712 = ORIENTED_EDGE ( 'NONE', *, *, #7474, .F. ) ;
#1713 = DIRECTION ( 'NONE',  ( 0.000000000000000000, -1.000000000000000000, 0.000000000000000000 ) ) ;
#1714 = VERTEX_POINT ( 'NONE', #660 ) ;
#1715 = EDGE_CURVE ( 'NONE', #6993, #6621, #1767, .T. ) ;
#1716 = ORIENTED_EDGE ( 'NONE', *, *, #3438, .T. ) ;
#1717 = DIRECTION ( 'NONE',  ( -1.000000000000000000, 0.000000000000000000, 0.000000000000000000 ) ) ;
#1718 = VECTOR ( 'NONE', #59, 1000.000000000000000 ) ;
#1719 = EDGE_LOOP ( 'NONE', ( #9286, #4149, #3383, #6649 ) ) ;
#1720 = EDGE_CURVE ( 'NONE', #9308, #4687, #1535, .T. ) ;
#1721 = DIRECTION ( 'NONE',  ( 0.000000000000000000, 0.000000000000000000, 1.000000000000000000 ) ) ;
#1722 = VERTEX_POINT ( 'NONE', #4639 ) ;
#1723 = LINE ( 'NONE', #7619, #9560 ) ;
#1724 = ORIENTED_EDGE ( 'NONE', *, *, #8298, .T. ) ;
#1725 = EDGE_CURVE ( 'NONE', #5539, #1688, #5522, .T. ) ;
#1726 = FACE_OUTER_BOUND ( 'NONE', #7563, .T. ) ;
#1727 = EDGE_LOOP ( 'NONE', ( #9052, #5508, #2594, #818 ) ) ;
#1728 = CARTESIAN_POINT ( 'NONE',  ( 2.100000000000001865, 0.6664761515876249653, -0.1300000000000003375 ) ) ;
#1729 = CARTESIAN_POINT ( 'NONE',  ( -2.100000000000001865, 0.000000000000000000, -0.6300000000000003375 ) ) ;
#1730 = LINE ( 'NONE', #4959, #407 ) ;
#1731 = VERTEX_POINT ( 'NONE', #5300 ) ;
#1732 = ORIENTED_EDGE ( 'NONE', *, *, #4605, .F. ) ;
#1733 = EDGE_CURVE ( 'NONE', #8696, #7582, #1901, .T. ) ;
#1734 = ORIENTED_EDGE ( 'NONE', *, *, #4458, .T. ) ;
#1735 = EDGE_CURVE ( 'NONE', #4247, #8335, #9605, .T. ) ;
#1736 = LINE ( 'NONE', #4915, #4538 ) ;
#1737 = ADVANCED_FACE ( 'NONE', ( #5405 ), #691, .F. ) ;
#1738 = PLANE ( 'NONE',  #4440 ) ;
#1739 = CARTESIAN_POINT ( 'NONE',  ( -0.8700000000000001066, 0.000000000000000000, -2.500000000000000444 ) ) ;
#1740 = DIRECTION ( 'NONE',  ( 0.000000000000000000, -0.000000000000000000, -1.000000000000000000 ) ) ;
#1741 = CARTESIAN_POINT ( 'NONE',  ( -2.500000000000002220, 0.1999999999999999833, -1.370000000000001883 ) ) ;
#1742 = CARTESIAN_POINT ( 'NONE',  ( -2.100000000000001865, 0.6664761515876249653, 0.3699999999999996625 ) ) ;
#1743 = VERTEX_POINT ( 'NONE', #7611 ) ;
#1744 = CARTESIAN_POINT ( 'NONE',  ( 2.499999999999998668, 0.05000000000000000278, -2.500000000000000444 ) ) ;
#1745 = SURFACE_STYLE_USAGE ( .BOTH. , #3244 ) ;
#1746 = VERTEX_POINT ( 'NONE', #5337 ) ;
#1747 = VECTOR ( 'NONE', #9897, 1000.000000000000000 ) ;
#1748 = EDGE_CURVE ( 'NONE', #9809, #4832, #5783, .T. ) ;
#1749 = LINE ( 'NONE', #5288, #2622 ) ;
#1750 = ADVANCED_FACE ( 'NONE', ( #8048 ), #1576, .T. ) ;
#1751 = VECTOR ( 'NONE', #9844, 1000.000000000000000 ) ;
#1752 = ORIENTED_EDGE ( 'NONE', *, *, #9718, .F. ) ;
#1753 = AXIS2_PLACEMENT_3D ( 'NONE', #3189, #7141, #8535 ) ;
#1754 = PLANE ( 'NONE',  #9115 ) ;
#1755 = VERTEX_POINT ( 'NONE', #2295 ) ;
#1756 = VECTOR ( 'NONE', #6480, 1000.000000000000000 ) ;
#1757 = SURFACE_STYLE_USAGE ( .BOTH. , #9502 ) ;
#1758 = PLANE ( 'NONE',  #9360 ) ;
#1759 = CARTESIAN_POINT ( 'NONE',  ( 1.870000000000001883, 0.1999999999999999833, 2.100000000000000089 ) ) ;
#1760 = CARTESIAN_POINT ( 'NONE',  ( 0.3700000000000009948, 0.2000000000000000111, 2.500000000000000444 ) ) ;
#1761 = VECTOR ( 'NONE', #4061, 1000.000000000000000 ) ;
#1762 = VERTEX_POINT ( 'NONE', #3846 ) ;
#1763 = LINE ( 'NONE', #5600, #9955 ) ;
#1764 = ORIENTED_EDGE ( 'NONE', *, *, #1229, .F. ) ;
#1765 = DIRECTION ( 'NONE',  ( -5.421010862427520198E-16, 0.000000000000000000, -1.000000000000000000 ) ) ;
#1766 = AXIS2_PLACEMENT_3D ( 'NONE', #1859, #1054, #1124 ) ;
#1767 = LINE ( 'NONE', #5231, #4564 ) ;
#1768 = EDGE_CURVE ( 'NONE', #796, #3924, #8900, .T. ) ;
#1769 = ORIENTED_EDGE ( 'NONE', *, *, #4566, .T. ) ;
#1770 = FACE_OUTER_BOUND ( 'NONE', #3063, .T. ) ;
#1771 = VERTEX_POINT ( 'NONE', #8466 ) ;
#1772 = DIRECTION ( 'NONE',  ( -1.000000000000000000, 0.000000000000000000, 3.614007241618325499E-15 ) ) ;
#1773 = DIRECTION ( 'NONE',  ( 0.000000000000000000, -1.000000000000000000, 0.000000000000000000 ) ) ;
#1774 = CARTESIAN_POINT ( 'NONE',  ( 0.3700000000000018274, 0.1999999999999999833, 2.100000000000000089 ) ) ;
#1775 = CARTESIAN_POINT ( 'NONE',  ( -2.100000000000001865, 0.1999999999999999833, 1.869999999999999662 ) ) ;
#1776 = DIRECTION ( 'NONE',  ( 0.000000000000000000, 0.000000000000000000, 1.000000000000000000 ) ) ;
#1777 = ORIENTED_EDGE ( 'NONE', *, *, #2184, .T. ) ;
#1778 = CARTESIAN_POINT ( 'NONE',  ( 1.130000000000000560, 0.000000000000000000, 2.500000000000001332 ) ) ;
#1779 = CARTESIAN_POINT ( 'NONE',  ( 0.3700000000000003286, 0.04999999999999969746, -2.500000000000000444 ) ) ;
#1780 = DIRECTION ( 'NONE',  ( 0.000000000000000000, -0.000000000000000000, 1.000000000000000000 ) ) ;
#1781 = LINE ( 'NONE', #9848, #9740 ) ;
#1782 = CARTESIAN_POINT ( 'NONE',  ( -2.500000000000002220, 0.1999999999999999833, 1.369999999999999662 ) ) ;
#1783 = CARTESIAN_POINT ( 'NONE',  ( 1.370000000000001883, 0.04999999999999999584, 2.100000000000000089 ) ) ;
#1784 = VECTOR ( 'NONE', #175, 1000.000000000000000 ) ;
#1785 = ORIENTED_EDGE ( 'NONE', *, *, #5446, .T. ) ;
#1786 = DIRECTION ( 'NONE',  ( 1.000000000000000000, 0.000000000000000000, 0.000000000000000000 ) ) ;
#1787 = FACE_OUTER_BOUND ( 'NONE', #9893, .T. ) ;
#1788 = AXIS2_PLACEMENT_3D ( 'NONE', #5634, #6375, #7197 ) ;
#1789 = VERTEX_POINT ( 'NONE', #3908 ) ;
#1790 = EDGE_CURVE ( 'NONE', #9081, #1995, #7802, .T. ) ;
#1791 =( NAMED_UNIT ( * ) PLANE_ANGLE_UNIT ( ) SI_UNIT ( $, .RADIAN. ) );
#1792 = LINE ( 'NONE', #3261, #4350 ) ;
#1793 = ORIENTED_EDGE ( 'NONE', *, *, #7270, .F. ) ;
#1794 = ADVANCED_FACE ( 'NONE', ( #3844 ), #6181, .T. ) ;
#1795 = LINE ( 'NONE', #7796, #1666 ) ;
#1796 = EDGE_LOOP ( 'NONE', ( #3975, #6170, #7415, #3545 ) ) ;
#1797 = VECTOR ( 'NONE', #1333, 1000.000000000000000 ) ;
#1798 = CARTESIAN_POINT ( 'NONE',  ( 2.499999999999998668, 0.05000000000000000278, 2.499999999999999556 ) ) ;
#1799 = EDGE_LOOP ( 'NONE', ( #8092, #5974, #7865, #4468 ) ) ;
#1800 = PLANE ( 'NONE',  #2637 ) ;
#1801 = CARTESIAN_POINT ( 'NONE',  ( 2.100000000000001865, 0.6664761515876249653, 0.1299999999999981726 ) ) ;
#1802 = DIRECTION ( 'NONE',  ( -0.000000000000000000, 0.000000000000000000, 1.000000000000000000 ) ) ;
#1803 = VECTOR ( 'NONE', #8783, 1000.000000000000000 ) ;
#1804 = EDGE_LOOP ( 'NONE', ( #1123, #2727, #2521, #310 ) ) ;
#1805 = EDGE_CURVE ( 'NONE', #3224, #9188, #7575, .T. ) ;
#1806 = VECTOR ( 'NONE', #5723, 1000.000000000000000 ) ;
#1807 = ORIENTED_EDGE ( 'NONE', *, *, #4425, .T. ) ;
#1808 = VECTOR ( 'NONE', #5827, 1000.000000000000000 ) ;
#1809 = ADVANCED_FACE ( 'NONE', ( #1430 ), #1480, .T. ) ;
#1810 = EDGE_LOOP ( 'NONE', ( #1482, #2042, #434, #9625 ) ) ;
#1811 = AXIS2_PLACEMENT_3D ( 'NONE', #7903, #4850, #8784 ) ;
#1812 = PLANE ( 'NONE',  #1972 ) ;
#1813 = VERTEX_POINT ( 'NONE', #6973 ) ;
#1814 = CARTESIAN_POINT ( 'NONE',  ( 2.500000000000002220, 0.1999999999999999833, 1.869999999999999662 ) ) ;
#1815 = DIRECTION ( 'NONE',  ( -1.000000000000000000, 0.000000000000000000, 0.000000000000000000 ) ) ;
#1816 = CARTESIAN_POINT ( 'NONE',  ( 2.500000000000002220, 0.6664761515876249653, 0.3699999999999996625 ) ) ;
#1817 = FACE_OUTER_BOUND ( 'NONE', #5499, .T. ) ;
#1818 = EDGE_CURVE ( 'NONE', #4218, #7987, #6258, .T. ) ;
#1819 = ORIENTED_EDGE ( 'NONE', *, *, #1358, .T. ) ;
#1820 = DIRECTION ( 'NONE',  ( 0.000000000000000000, 0.000000000000000000, 1.000000000000000000 ) ) ;
#1821 = MANIFOLD_SOLID_BREP ( 'LPattern3[12]', #6339 ) ;
#1822 = CARTESIAN_POINT ( 'NONE',  ( 0.8700000000000014388, 0.1999999999999999833, -2.100000000000000089 ) ) ;
#1823 = CARTESIAN_POINT ( 'NONE',  ( -1.870000000000000107, 0.2000000000000000111, -2.100000000000000089 ) ) ;
#1824 = CARTESIAN_POINT ( 'NONE',  ( 0.1300000000000003375, 0.04999999999999999584, 2.100000000000000977 ) ) ;
#1825 = PLANE ( 'NONE',  #9092 ) ;
#1826 = VERTEX_POINT ( 'NONE', #7851 ) ;
#1827 = CARTESIAN_POINT ( 'NONE',  ( 2.100000000000001865, 0.05000000000000000278, 0.000000000000000000 ) ) ;
#1828 = VECTOR ( 'NONE', #6115, 1000.000000000000000 ) ;
#1829 = CARTESIAN_POINT ( 'NONE',  ( 2.100000000000001865, 0.6664761515876249653, 0.3699999999999996625 ) ) ;
#1830 = ORIENTED_EDGE ( 'NONE', *, *, #2974, .T. ) ;
#1831 = CARTESIAN_POINT ( 'NONE',  ( 0.3700000000000013833, 0.2000000000000000111, -2.100000000000000089 ) ) ;
#1832 = DIRECTION ( 'NONE',  ( 1.000000000000000000, 0.000000000000000000, -3.614007241618325499E-15 ) ) ;
#1833 = AXIS2_PLACEMENT_3D ( 'NONE', #8672, #6428, #177 ) ;
#1834 = VERTEX_POINT ( 'NONE', #6865 ) ;
#1835 = DIRECTION ( 'NONE',  ( 1.000000000000000000, -0.000000000000000000, -0.000000000000000000 ) ) ;
#1836 = EDGE_CURVE ( 'NONE', #520, #8664, #8638, .T. ) ;
#1837 = CARTESIAN_POINT ( 'NONE',  ( 2.100000000000001865, 0.000000000000000000, -0.3700000000000018274 ) ) ;
#1838 = CARTESIAN_POINT ( 'NONE',  ( 0.1299999999999991995, 0.05000000000000000278, -7.047314121155733215E-17 ) ) ;
#1839 = SURFACE_STYLE_FILL_AREA ( #3011 ) ;
#1840 = ORIENTED_EDGE ( 'NONE', *, *, #7489, .T. ) ;
#1841 = DIRECTION ( 'NONE',  ( -1.000000000000000000, 0.000000000000000000, -0.000000000000000000 ) ) ;
#1842 = LINE ( 'NONE', #7032, #9800 ) ;
#1843 = ORIENTED_EDGE ( 'NONE', *, *, #1570, .F. ) ;
#1844 = AXIS2_PLACEMENT_3D ( 'NONE', #7964, #7997, #1802 ) ;
#1845 = DIRECTION ( 'NONE',  ( 0.000000000000000000, -1.000000000000000000, 0.000000000000000000 ) ) ;
#1846 = CARTESIAN_POINT ( 'NONE',  ( -0.3700000000000001066, 0.04999999999999969746, -2.500000000000000444 ) ) ;
#1847 = CARTESIAN_POINT ( 'NONE',  ( -2.500000000000002220, 0.1999999999999999833, 1.369999999999999662 ) ) ;
#1848 = EDGE_CURVE ( 'NONE', #7578, #1201, #4206, .T. ) ;
#1849 = DIRECTION ( 'NONE',  ( 0.000000000000000000, 0.000000000000000000, 1.000000000000000000 ) ) ;
#1850 = EDGE_LOOP ( 'NONE', ( #9717, #7835, #4744, #9205 ) ) ;
#1851 = CARTESIAN_POINT ( 'NONE',  ( 1.630000000000000338, 0.000000000000000000, 2.100000000000000977 ) ) ;
#1852 = DIRECTION ( 'NONE',  ( 0.000000000000000000, -0.000000000000000000, 1.000000000000000000 ) ) ;
#1853 = ORIENTED_EDGE ( 'NONE', *, *, #6290, .T. ) ;
#1854 = LINE ( 'NONE', #3215, #9307 ) ;
#1855 = ADVANCED_FACE ( 'NONE', ( #6629 ), #9448, .F. ) ;
#1856 = VERTEX_POINT ( 'NONE', #4084 ) ;
#1857 = CARTESIAN_POINT ( 'NONE',  ( -1.629999999999998561, 0.2000000000000000111, -2.100000000000000089 ) ) ;
#1858 = EDGE_CURVE ( 'NONE', #3117, #7861, #2159, .T. ) ;
#1859 = CARTESIAN_POINT ( 'NONE',  ( -1.129999999999999671, 0.6664761515876257425, -2.500000000000000444 ) ) ;
#1860 = ORIENTED_EDGE ( 'NONE', *, *, #8453, .T. ) ;
#1861 = FILL_AREA_STYLE_COLOUR ( '', #5206 ) ;
#1862 = DIRECTION ( 'NONE',  ( -1.000000000000000000, 0.000000000000000000, -0.000000000000000000 ) ) ;
#1863 = ORIENTED_EDGE ( 'NONE', *, *, #1015, .T. ) ;
#1864 = CARTESIAN_POINT ( 'NONE',  ( 2.100000000000001865, 0.000000000000000000, -0.1300000000000003375 ) ) ;
#1865 = CARTESIAN_POINT ( 'NONE',  ( 1.800000000000000044, 0.000000000000000000, 1.799999999999999822 ) ) ;
#1866 = CARTESIAN_POINT ( 'NONE',  ( 2.100000000000001865, 0.1999999999999999833, -0.1300000000000003375 ) ) ;
#1867 = FACE_OUTER_BOUND ( 'NONE', #1239, .T. ) ;
#1868 = PLANE ( 'NONE',  #6304 ) ;
#1869 = VECTOR ( 'NONE', #9943, 1000.000000000000000 ) ;
#1870 = LINE ( 'NONE', #8119, #7782 ) ;
#1871 = ORIENTED_EDGE ( 'NONE', *, *, #2796, .T. ) ;
#1872 = EDGE_CURVE ( 'NONE', #9151, #5933, #197, .T. ) ;
#1873 = ORIENTED_EDGE ( 'NONE', *, *, #3099, .F. ) ;
#1874 = DIRECTION ( 'NONE',  ( -1.000000000000000000, 0.000000000000000000, -0.000000000000000000 ) ) ;
#1875 = EDGE_CURVE ( 'NONE', #8602, #6944, #799, .T. ) ;
#1876 = DIRECTION ( 'NONE',  ( 0.000000000000000000, 1.000000000000000000, 0.000000000000000000 ) ) ;
#1877 = VECTOR ( 'NONE', #1944, 1000.000000000000000 ) ;
#1878 = DIRECTION ( 'NONE',  ( 5.421010862427520198E-16, 0.000000000000000000, 1.000000000000000000 ) ) ;
#1879 = CARTESIAN_POINT ( 'NONE',  ( 2.100000000000001865, 0.05000000000000002359, 0.3699999999999996625 ) ) ;
#1880 = DIRECTION ( 'NONE',  ( -0.000000000000000000, -1.000000000000000000, -0.000000000000000000 ) ) ;
#1881 = DIRECTION ( 'NONE',  ( 0.000000000000000000, 0.000000000000000000, -1.000000000000000000 ) ) ;
#1882 = CARTESIAN_POINT ( 'NONE',  ( 2.100000000000001865, 0.1999999999999999833, -0.1300000000000003375 ) ) ;
#1883 = DIRECTION ( 'NONE',  ( 1.000000000000000000, -0.000000000000000000, 0.000000000000000000 ) ) ;
#1884 = VECTOR ( 'NONE', #6559, 1000.000000000000000 ) ;
#1885 = CARTESIAN_POINT ( 'NONE',  ( 2.500000000000002220, 0.04999999999999969746, 1.869999999999999662 ) ) ;
#1886 = ORIENTED_EDGE ( 'NONE', *, *, #4281, .T. ) ;
#1887 = DIRECTION ( 'NONE',  ( -1.000000000000000000, 0.000000000000000000, 3.614007241618342065E-15 ) ) ;
#1888 = ORIENTED_EDGE ( 'NONE', *, *, #8202, .F. ) ;
#1889 = AXIS2_PLACEMENT_3D ( 'NONE', #769, #4599, #1522 ) ;
#1890 = EDGE_CURVE ( 'NONE', #5115, #4678, #2638, .T. ) ;
#1891 = LINE ( 'NONE', #2795, #6856 ) ;
#1892 = DIRECTION ( 'NONE',  ( -1.000000000000000000, 0.000000000000000000, -1.204669080539449344E-16 ) ) ;
#1893 = ORIENTED_EDGE ( 'NONE', *, *, #2980, .T. ) ;
#1894 = LINE ( 'NONE', #9586, #79 ) ;
#1895 = AXIS2_PLACEMENT_3D ( 'NONE', #4785, #1001, #224 ) ;
#1896 = CARTESIAN_POINT ( 'NONE',  ( -0.3700000000000001066, 0.000000000000000000, -2.500000000000000444 ) ) ;
#1897 = ORIENTED_EDGE ( 'NONE', *, *, #457, .T. ) ;
#1898 = DIRECTION ( 'NONE',  ( -1.000000000000000000, 0.000000000000000000, 0.000000000000000000 ) ) ;
#1899 = CARTESIAN_POINT ( 'NONE',  ( 1.870000000000001439, 0.2000000000000000111, -2.100000000000000089 ) ) ;
#1900 = DIRECTION ( 'NONE',  ( -0.000000000000000000, -1.000000000000000000, -0.000000000000000000 ) ) ;
#1901 = LINE ( 'NONE', #3810, #446 ) ;
#1902 = CARTESIAN_POINT ( 'NONE',  ( 1.800000000000000044, 0.1999999999999996503, -1.799999999999999822 ) ) ;
#1903 = DIRECTION ( 'NONE',  ( 0.000000000000000000, -0.000000000000000000, -1.000000000000000000 ) ) ;
#1904 =( NAMED_UNIT ( * ) SI_UNIT ( $, .STERADIAN. ) SOLID_ANGLE_UNIT ( ) );
#1905 = COLOUR_RGB ( '',0.7921568627450980005, 0.8196078431372548767, 0.9333333333333333481 ) ;
#1906 = ORIENTED_EDGE ( 'NONE', *, *, #6720, .T. ) ;
#1907 = LINE ( 'NONE', #11, #9364 ) ;
#1908 = CARTESIAN_POINT ( 'NONE',  ( -1.869999999999999662, 0.000000000000000000, 2.100000000000000977 ) ) ;
#1909 = ORIENTED_EDGE ( 'NONE', *, *, #8427, .T. ) ;
#1910 = ADVANCED_FACE ( 'NONE', ( #562 ), #8862, .T. ) ;
#1911 = VERTEX_POINT ( 'NONE', #1038 ) ;
#1912 = EDGE_CURVE ( 'NONE', #4756, #9747, #3111, .T. ) ;
#1913 = VECTOR ( 'NONE', #1116, 1000.000000000000000 ) ;
#1914 = DIRECTION ( 'NONE',  ( 0.000000000000000000, 0.000000000000000000, 1.000000000000000000 ) ) ;
#1915 = VECTOR ( 'NONE', #8807, 1000.000000000000000 ) ;
#1916 = ORIENTED_EDGE ( 'NONE', *, *, #8355, .F. ) ;
#1917 = VECTOR ( 'NONE', #8820, 1000.000000000000000 ) ;
#1918 = DIRECTION ( 'NONE',  ( -1.000000000000000000, 0.000000000000000000, -0.000000000000000000 ) ) ;
#1919 = CARTESIAN_POINT ( 'NONE',  ( -1.369999999999999440, 0.1999999999999999833, 2.500000000000001332 ) ) ;
#1920 = ORIENTED_EDGE ( 'NONE', *, *, #9513, .F. ) ;
#1921 = CARTESIAN_POINT ( 'NONE',  ( 0.000000000000000000, 0.05000000000000000278, -1.130000000000000338 ) ) ;
#1922 = PLANE ( 'NONE',  #8691 ) ;
#1923 =( NAMED_UNIT ( * ) PLANE_ANGLE_UNIT ( ) SI_UNIT ( $, .RADIAN. ) );
#1924 = EDGE_CURVE ( 'NONE', #5726, #8077, #7795, .T. ) ;
#1925 = FACE_OUTER_BOUND ( 'NONE', #5928, .T. ) ;
#1926 = VERTEX_POINT ( 'NONE', #2693 ) ;
#1927 = LINE ( 'NONE', #5346, #7251 ) ;
#1928 = ORIENTED_EDGE ( 'NONE', *, *, #6930, .T. ) ;
#1929 = VECTOR ( 'NONE', #3022, 1000.000000000000000 ) ;
#1930 = EDGE_CURVE ( 'NONE', #499, #6425, #5289, .T. ) ;
#1931 = EDGE_LOOP ( 'NONE', ( #9282, #4499, #6579, #3477 ) ) ;
#1932 = DIRECTION ( 'NONE',  ( -1.000000000000000000, 0.000000000000000000, 0.000000000000000000 ) ) ;
#1933 = VECTOR ( 'NONE', #9763, 1000.000000000000000 ) ;
#1934 = ORIENTED_EDGE ( 'NONE', *, *, #7667, .T. ) ;
#1935 = DIRECTION ( 'NONE',  ( 0.000000000000000000, -0.000000000000000000, 1.000000000000000000 ) ) ;
#1936 = VECTOR ( 'NONE', #919, 1000.000000000000000 ) ;
#1937 =( NAMED_UNIT ( * ) SI_UNIT ( $, .STERADIAN. ) SOLID_ANGLE_UNIT ( ) );
#1938 = DIRECTION ( 'NONE',  ( 0.000000000000000000, 1.000000000000000000, 0.000000000000000000 ) ) ;
#1939 = CARTESIAN_POINT ( 'NONE',  ( -2.100000000000001865, 0.05000000000000000278, 0.000000000000000000 ) ) ;
#1940 = ORIENTED_EDGE ( 'NONE', *, *, #5420, .F. ) ;
#1941 = DIRECTION ( 'NONE',  ( 0.000000000000000000, 1.000000000000000000, 0.000000000000000000 ) ) ;
#1942 = DIRECTION ( 'NONE',  ( 1.000000000000000000, -0.000000000000000000, -0.000000000000000000 ) ) ;
#1943 = DIRECTION ( 'NONE',  ( -0.000000000000000000, -1.000000000000000000, -0.000000000000000000 ) ) ;
#1944 = DIRECTION ( 'NONE',  ( -1.000000000000000000, 0.000000000000000000, 0.000000000000000000 ) ) ;
#1945 = LINE ( 'NONE', #5906, #2938 ) ;
#1946 = VERTEX_POINT ( 'NONE', #6588 ) ;
#1947 = LINE ( 'NONE', #8960, #9181 ) ;
#1948 = ORIENTED_EDGE ( 'NONE', *, *, #9802, .F. ) ;
#1949 = MANIFOLD_SOLID_BREP ( 'LPattern4[1]', #5474 ) ;
#1950 =( NAMED_UNIT ( * ) SI_UNIT ( $, .STERADIAN. ) SOLID_ANGLE_UNIT ( ) );
#1951 = VECTOR ( 'NONE', #8674, 1000.000000000000000 ) ;
#1952 = CARTESIAN_POINT ( 'NONE',  ( 1.629999999999999893, 0.1999999999999999833, -2.100000000000000089 ) ) ;
#1953 = DIRECTION ( 'NONE',  ( -1.000000000000000000, -0.000000000000000000, -0.000000000000000000 ) ) ;
#1954 = ORIENTED_EDGE ( 'NONE', *, *, #9396, .F. ) ;
#1955 =( LENGTH_UNIT ( ) NAMED_UNIT ( * ) SI_UNIT ( .MILLI., .METRE. ) );
#1956 = EDGE_CURVE ( 'NONE', #3794, #3270, #5768, .T. ) ;
#1957 = ORIENTED_EDGE ( 'NONE', *, *, #4829, .T. ) ;
#1958 = DIRECTION ( 'NONE',  ( 0.000000000000000000, 0.000000000000000000, 1.000000000000000000 ) ) ;
#1959 = CARTESIAN_POINT ( 'NONE',  ( -2.100000000000001865, 0.1999999999999999833, 1.869999999999999662 ) ) ;
#1960 = CARTESIAN_POINT ( 'NONE',  ( -1.129999999999998117, 0.2000000000000000111, 2.100000000000000089 ) ) ;
#1961 = CARTESIAN_POINT ( 'NONE',  ( -2.100000000000001865, 0.6664761515876249653, -0.6300000000000003375 ) ) ;
#1962 = LINE ( 'NONE', #7011, #7739 ) ;
#1964 = ADVANCED_FACE ( 'NONE', ( #683 ), #5745, .T. ) ;
#1963 = ORIENTED_EDGE ( 'NONE', *, *, #2640, .F. ) ;
#1965 = VERTEX_POINT ( 'NONE', #8091 ) ;
#1966 = CARTESIAN_POINT ( 'NONE',  ( -1.629999999999999671, 0.000000000000000000, -2.500000000000000444 ) ) ;
#1967 = PLANE ( 'NONE',  #8005 ) ;
#1968 = CARTESIAN_POINT ( 'NONE',  ( 2.100000000000001865, 0.000000000000000000, 0.1299999999999981726 ) ) ;
#1969 = SURFACE_SIDE_STYLE ('',( #5026 ) ) ;
#1970 = ORIENTED_EDGE ( 'NONE', *, *, #7192, .F. ) ;
#1971 =( NAMED_UNIT ( * ) SI_UNIT ( $, .STERADIAN. ) SOLID_ANGLE_UNIT ( ) );
#1972 = AXIS2_PLACEMENT_3D ( 'NONE', #4363, #4284, #8082 ) ;
#1973 = ORIENTED_EDGE ( 'NONE', *, *, #4605, .T. ) ;
#1974 = CARTESIAN_POINT ( 'NONE',  ( 0.000000000000000000, 0.2000000000000000111, 0.000000000000000000 ) ) ;
#1975 = EDGE_CURVE ( 'NONE', #4094, #1279, #7217, .T. ) ;
#1976 = ADVANCED_FACE ( 'NONE', ( #920 ), #396, .F. ) ;
#1977 = DIRECTION ( 'NONE',  ( -1.000000000000000000, 0.000000000000000000, 0.000000000000000000 ) ) ;
#1978 =( NAMED_UNIT ( * ) PLANE_ANGLE_UNIT ( ) SI_UNIT ( $, .RADIAN. ) );
#1979 = PLANE ( 'NONE',  #5514 ) ;
#1980 = LINE ( 'NONE', #3019, #5254 ) ;
#1981 = VERTEX_POINT ( 'NONE', #5075 ) ;
#1982 = COLOUR_RGB ( '',0.7921568627450980005, 0.8196078431372548767, 0.9333333333333333481 ) ;
#1983 = VERTEX_POINT ( 'NONE', #1078 ) ;
#1984 = DIRECTION ( 'NONE',  ( -2.168404344971008079E-15, 0.000000000000000000, 1.000000000000000000 ) ) ;
#1985 = CARTESIAN_POINT ( 'NONE',  ( 2.100000000000001865, 0.6664761515876249653, -0.1300000000000003375 ) ) ;
#1986 = CARTESIAN_POINT ( 'NONE',  ( -1.129999999999998561, 0.2000000000000005107, 2.499999999999999556 ) ) ;
#1987 = DIRECTION ( 'NONE',  ( -2.168404344971008079E-15, 0.000000000000000000, 1.000000000000000000 ) ) ;
#1988 = LINE ( 'NONE', #4819, #6584 ) ;
#1989 = DIRECTION ( 'NONE',  ( 1.000000000000000000, 0.000000000000000000, -0.000000000000000000 ) ) ;
#1990 = VERTEX_POINT ( 'NONE', #2615 ) ;
#1991 = EDGE_CURVE ( 'NONE', #1813, #7044, #2505, .T. ) ;
#1992 = DIRECTION ( 'NONE',  ( 1.000000000000000000, 0.000000000000000000, -0.000000000000000000 ) ) ;
#1993 = CARTESIAN_POINT ( 'NONE',  ( 2.100000000000001865, 0.6664761515876249653, -1.370000000000001883 ) ) ;
#1994 = DIRECTION ( 'NONE',  ( -1.000000000000000000, 0.000000000000000000, 0.000000000000000000 ) ) ;
#1995 = VERTEX_POINT ( 'NONE', #8121 ) ;
#1996 = DIRECTION ( 'NONE',  ( -0.000000000000000000, 0.000000000000000000, -1.000000000000000000 ) ) ;
#1997 = EDGE_LOOP ( 'NONE', ( #1928, #1168, #2661, #8313 ) ) ;
#1998 = VECTOR ( 'NONE', #3380, 1000.000000000000000 ) ;
#1999 = VECTOR ( 'NONE', #7852, 1000.000000000000000 ) ;
#2000 = VECTOR ( 'NONE', #7070, 1000.000000000000000 ) ;
#2001 = ORIENTED_EDGE ( 'NONE', *, *, #517, .F. ) ;
#2002 = CARTESIAN_POINT ( 'NONE',  ( 0.000000000000000000, 0.000000000000000000, 2.500000000000000000 ) ) ;
#2003 = ORIENTED_EDGE ( 'NONE', *, *, #4069, .T. ) ;
#2004 = DIRECTION ( 'NONE',  ( 1.000000000000000000, 0.000000000000000000, -0.000000000000000000 ) ) ;
#2005 = CARTESIAN_POINT ( 'NONE',  ( -2.100000000000001865, 0.1999999999999999833, -1.630000000000000338 ) ) ;
#2006 = CARTESIAN_POINT ( 'NONE',  ( -2.500000000000002220, 0.000000000000000000, 0.6299999999999982281 ) ) ;
#2007 = EDGE_CURVE ( 'NONE', #4178, #5938, #2149, .T. ) ;
#2008 = VECTOR ( 'NONE', #4679, 1000.000000000000000 ) ;
#2009 = VECTOR ( 'NONE', #8809, 1000.000000000000000 ) ;
#2010 = UNCERTAINTY_MEASURE_WITH_UNIT (LENGTH_MEASURE( 1.000000000000000082E-05 ), #460, 'distance_accuracy_value', 'NONE');
#2011 = CARTESIAN_POINT ( 'NONE',  ( 0.3700000000000018274, 0.2000000000000000111, 2.100000000000000089 ) ) ;
#2012 = LINE ( 'NONE', #6118, #3827 ) ;
#2013 = ORIENTED_EDGE ( 'NONE', *, *, #9854, .T. ) ;
#2014 = ORIENTED_EDGE ( 'NONE', *, *, #7304, .T. ) ;
#2015 = DIRECTION ( 'NONE',  ( -1.000000000000000000, 0.000000000000000000, -0.000000000000000000 ) ) ;
#2016 = DIRECTION ( 'NONE',  ( 0.000000000000000000, -0.000000000000000000, 1.000000000000000000 ) ) ;
#2017 = AXIS2_PLACEMENT_3D ( 'NONE', #5717, #1932, #6599 ) ;
#2018 = VECTOR ( 'NONE', #2122, 1000.000000000000000 ) ;
#2019 = ADVANCED_FACE ( 'NONE', ( #8391 ), #2099, .F. ) ;
#2020 = EDGE_CURVE ( 'NONE', #7278, #8260, #3473, .T. ) ;
#2021 = LINE ( 'NONE', #1374, #9953 ) ;
#2022 = ORIENTED_EDGE ( 'NONE', *, *, #5604, .F. ) ;
#2023 = LINE ( 'NONE', #3239, #3107 ) ;
#2024 = CARTESIAN_POINT ( 'NONE',  ( 0.1299999999999998934, 0.2000000000000005107, -2.500000000000000444 ) ) ;
#2025 = EDGE_LOOP ( 'NONE', ( #5130, #7708, #7401, #1014 ) ) ;
#2026 = DIRECTION ( 'NONE',  ( -2.168404344971008079E-15, 0.000000000000000000, 1.000000000000000000 ) ) ;
#2027 = DIRECTION ( 'NONE',  ( 0.000000000000000000, -1.000000000000000000, 0.000000000000000000 ) ) ;
#2028 = DIRECTION ( 'NONE',  ( -0.000000000000000000, -0.000000000000000000, 1.000000000000000000 ) ) ;
#2029 = FACE_OUTER_BOUND ( 'NONE', #930, .T. ) ;
#2030 = CARTESIAN_POINT ( 'NONE',  ( 0.8700000000000018829, 0.1999999999999999833, 2.100000000000000089 ) ) ;
#2031 = FACE_OUTER_BOUND ( 'NONE', #9156, .T. ) ;
#2032 = ORIENTED_EDGE ( 'NONE', *, *, #1848, .T. ) ;
#2033 = VECTOR ( 'NONE', #3826, 1000.000000000000000 ) ;
#2034 = ORIENTED_EDGE ( 'NONE', *, *, #8658, .F. ) ;
#2035 = EDGE_LOOP ( 'NONE', ( #8322, #4162, #8824, #1524 ) ) ;
#2036 = AXIS2_PLACEMENT_3D ( 'NONE', #641, #9998, #1521 ) ;
#2037 = PLANE ( 'NONE',  #7046 ) ;
#2038 = CARTESIAN_POINT ( 'NONE',  ( -2.100000000000001865, 0.6664761515876249653, -1.870000000000001883 ) ) ;
#2039 = EDGE_CURVE ( 'NONE', #3828, #6311, #6487, .T. ) ;
#2040 = DIRECTION ( 'NONE',  ( -1.000000000000000000, 0.000000000000000000, 2.710505431213760691E-15 ) ) ;
#2041 = VECTOR ( 'NONE', #5761, 1000.000000000000000 ) ;
#2042 = ORIENTED_EDGE ( 'NONE', *, *, #1190, .F. ) ;
#2043 = ORIENTED_EDGE ( 'NONE', *, *, #8114, .T. ) ;
#2044 = CARTESIAN_POINT ( 'NONE',  ( -2.100000000000001865, 0.1999999999999999833, -0.8700000000000018829 ) ) ;
#2045 = DIRECTION ( 'NONE',  ( 0.000000000000000000, 0.000000000000000000, 1.000000000000000000 ) ) ;
#2046 = PLANE ( 'NONE',  #7570 ) ;
#2047 = LINE ( 'NONE', #8699, #3868 ) ;
#2048 = ORIENTED_EDGE ( 'NONE', *, *, #3555, .T. ) ;
#2049 = ORIENTED_EDGE ( 'NONE', *, *, #1530, .T. ) ;
#2050 = DIRECTION ( 'NONE',  ( 1.000000000000000000, 0.000000000000000000, -0.000000000000000000 ) ) ;
#2051 = DIRECTION ( 'NONE',  ( 0.000000000000000000, 1.000000000000000000, 0.000000000000000000 ) ) ;
#2052 = LINE ( 'NONE', #6911, #4451 ) ;
#2053 = ORIENTED_EDGE ( 'NONE', *, *, #7148, .T. ) ;
#2054 = VECTOR ( 'NONE', #3081, 1000.000000000000000 ) ;
#2055 = ORIENTED_EDGE ( 'NONE', *, *, #5543, .F. ) ;
#2056 = EDGE_CURVE ( 'NONE', #4282, #3954, #6971, .T. ) ;
#2057 = ORIENTED_EDGE ( 'NONE', *, *, #4757, .T. ) ;
#2058 = CARTESIAN_POINT ( 'NONE',  ( -1.129999999999998561, 0.1999999999999999833, -2.100000000000000089 ) ) ;
#2059 = LINE ( 'NONE', #1710, #9391 ) ;
#2060 = ORIENTED_EDGE ( 'NONE', *, *, #516, .T. ) ;
#2061 = CARTESIAN_POINT ( 'NONE',  ( 2.499999999999998668, 0.05000000000000000278, 2.499999999999999556 ) ) ;
#2062 = CARTESIAN_POINT ( 'NONE',  ( -2.100000000000001865, 0.6664761515876249653, 1.629999999999998117 ) ) ;
#2063 = DIRECTION ( 'NONE',  ( 0.000000000000000000, 0.000000000000000000, 1.000000000000000000 ) ) ;
#2064 = CARTESIAN_POINT ( 'NONE',  ( -0.1299999999999981726, 0.2000000000000000111, 2.100000000000000089 ) ) ;
#2065 = COLOUR_RGB ( '',0.7921568627450980005, 0.8196078431372548767, 0.9333333333333333481 ) ;
#2066 = VERTEX_POINT ( 'NONE', #1226 ) ;
#2067 = FACE_OUTER_BOUND ( 'NONE', #1804, .T. ) ;
#2068 = FILL_AREA_STYLE_COLOUR ( '', #4189 ) ;
#2069 = DIRECTION ( 'NONE',  ( 0.000000000000000000, -0.000000000000000000, 1.000000000000000000 ) ) ;
#2070 = DIRECTION ( 'NONE',  ( -1.000000000000000000, 0.000000000000000000, 0.000000000000000000 ) ) ;
#2071 = EDGE_LOOP ( 'NONE', ( #6711, #1437, #132, #861 ) ) ;
#2072 = DIRECTION ( 'NONE',  ( -1.000000000000000000, 0.000000000000000000, 0.000000000000000000 ) ) ;
#2073 = EDGE_CURVE ( 'NONE', #456, #7259, #1046, .T. ) ;
#2074 = VECTOR ( 'NONE', #833, 1000.000000000000000 ) ;
#2075 = ORIENTED_EDGE ( 'NONE', *, *, #837, .F. ) ;
#2076 = EDGE_CURVE ( 'NONE', #6449, #7963, #1891, .T. ) ;
#2077 = ADVANCED_FACE ( 'NONE', ( #4319 ), #2889, .T. ) ;
#2078 = FACE_OUTER_BOUND ( 'NONE', #7132, .T. ) ;
#2079 = EDGE_LOOP ( 'NONE', ( #9751, #4345, #2617, #7240 ) ) ;
#2080 = PLANE ( 'NONE',  #9935 ) ;
#2081 = DIRECTION ( 'NONE',  ( 0.000000000000000000, -0.000000000000000000, 1.000000000000000000 ) ) ;
#2082 = EDGE_LOOP ( 'NONE', ( #5953, #3804, #249, #4770 ) ) ;
#2083 = DIRECTION ( 'NONE',  ( 0.000000000000000000, 0.000000000000000000, -1.000000000000000000 ) ) ;
#2084 = EDGE_CURVE ( 'NONE', #8143, #4344, #9132, .T. ) ;
#2085 = CARTESIAN_POINT ( 'NONE',  ( -0.8699999999999996625, 0.2000000000000000111, 2.100000000000000977 ) ) ;
#2086 = EDGE_CURVE ( 'NONE', #2635, #6656, #4554, .T. ) ;
#2087 = FILL_AREA_STYLE_COLOUR ( '', #2823 ) ;
#2088 = CARTESIAN_POINT ( 'NONE',  ( 0.000000000000000000, 0.2000000000000000111, 0.000000000000000000 ) ) ;
#2089 = LINE ( 'NONE', #100, #8570 ) ;
#2090 = VERTEX_POINT ( 'NONE', #3624 ) ;
#2091 = ORIENTED_EDGE ( 'NONE', *, *, #7667, .F. ) ;
#2092 = CARTESIAN_POINT ( 'NONE',  ( 0.1299999999999998934, 0.6664761515876257425, -2.500000000000000444 ) ) ;
#2093 = DIRECTION ( 'NONE',  ( -1.000000000000000000, 0.000000000000000000, -0.000000000000000000 ) ) ;
#2094 = VECTOR ( 'NONE', #7424, 1000.000000000000000 ) ;
#2095 = CARTESIAN_POINT ( 'NONE',  ( 2.500000000000002220, 0.000000000000000000, 0.8699999999999996625 ) ) ;
#2096 = EDGE_CURVE ( 'NONE', #6501, #2330, #4448, .T. ) ;
#2097 = CARTESIAN_POINT ( 'NONE',  ( 2.100000000000001865, 0.6664761515876249653, -0.3700000000000018274 ) ) ;
#2098 = CARTESIAN_POINT ( 'NONE',  ( 2.100000000000001865, 0.6664761515876249653, 0.3699999999999996625 ) ) ;
#2099 = PLANE ( 'NONE',  #9826 ) ;
#2100 = ORIENTED_EDGE ( 'NONE', *, *, #6932, .T. ) ;
#2101 = CARTESIAN_POINT ( 'NONE',  ( 2.100000000000001865, 0.6664761515876249653, 0.8699999999999996625 ) ) ;
#2102 = AXIS2_PLACEMENT_3D ( 'NONE', #7669, #7638, #7702 ) ;
#2103 = AXIS2_PLACEMENT_3D ( 'NONE', #7906, #8684, #1776 ) ;
#2104 = LINE ( 'NONE', #4079, #2601 ) ;
#2105 = ORIENTED_EDGE ( 'NONE', *, *, #4124, .F. ) ;
#2106 = LINE ( 'NONE', #7754, #9911 ) ;
#2107 = DIRECTION ( 'NONE',  ( -1.000000000000000000, 0.000000000000000000, -0.000000000000000000 ) ) ;
#2108 = VERTEX_POINT ( 'NONE', #5989 ) ;
#2109 = CARTESIAN_POINT ( 'NONE',  ( -2.100000000000001865, 0.000000000000000000, -0.1300000000000003375 ) ) ;
#2110 = DIRECTION ( 'NONE',  ( -1.000000000000000000, 0.000000000000000000, 2.710505431213760691E-15 ) ) ;
#2111 = VECTOR ( 'NONE', #6849, 1000.000000000000000 ) ;
#2112 = ORIENTED_EDGE ( 'NONE', *, *, #7455, .T. ) ;
#2113 = MECHANICAL_DESIGN_GEOMETRIC_PRESENTATION_REPRESENTATION (  '', ( #1402 ), #6125 ) ;
#2114 = VECTOR ( 'NONE', #8942, 1000.000000000000000 ) ;
#2115 = PLANE ( 'NONE',  #6454 ) ;
#2116 = EDGE_LOOP ( 'NONE', ( #102, #4589, #2532, #4603 ) ) ;
#2117 = DIRECTION ( 'NONE',  ( -2.168404344971008079E-15, 0.000000000000000000, 1.000000000000000000 ) ) ;
#2118 = DIRECTION ( 'NONE',  ( 1.000000000000000000, 0.000000000000000000, 0.000000000000000000 ) ) ;
#2119 = EDGE_CURVE ( 'NONE', #2206, #273, #4784, .T. ) ;
#2120 = EDGE_LOOP ( 'NONE', ( #9458, #6332, #8726, #1934 ) ) ;
#2121 = CARTESIAN_POINT ( 'NONE',  ( 1.870000000000001439, 0.000000000000000000, -2.100000000000000089 ) ) ;
#2122 = DIRECTION ( 'NONE',  ( 2.168404344971008079E-15, -0.000000000000000000, -1.000000000000000000 ) ) ;
#2123 = DIRECTION ( 'NONE',  ( 0.000000000000000000, 0.000000000000000000, -1.000000000000000000 ) ) ;
#2124 = ADVANCED_FACE ( 'NONE', ( #435 ), #5142, .F. ) ;
#2125 = VECTOR ( 'NONE', #5544, 1000.000000000000000 ) ;
#2126 = ORIENTED_EDGE ( 'NONE', *, *, #9986, .F. ) ;
#2127 = ORIENTED_EDGE ( 'NONE', *, *, #302, .T. ) ;
#2128 = EDGE_CURVE ( 'NONE', #1029, #1911, #4196, .T. ) ;
#2129 = AXIS2_PLACEMENT_3D ( 'NONE', #7981, #8748, #4749 ) ;
#2130 = LINE ( 'NONE', #9385, #6334 ) ;
#2131 = DIRECTION ( 'NONE',  ( 1.000000000000000000, 0.000000000000000000, 0.000000000000000000 ) ) ;
#2132 = FACE_OUTER_BOUND ( 'NONE', #1263, .T. ) ;
#2133 = EDGE_CURVE ( 'NONE', #2996, #5520, #6741, .T. ) ;
#2134 = CARTESIAN_POINT ( 'NONE',  ( 3.000000000000000000, 0.2000000000000000111, 0.000000000000000000 ) ) ;
#2135 = DIRECTION ( 'NONE',  ( -3.614007241618342065E-15, 0.000000000000000000, -1.000000000000000000 ) ) ;
#2136 = VECTOR ( 'NONE', #2433, 1000.000000000000000 ) ;
#2137 = ORIENTED_EDGE ( 'NONE', *, *, #2096, .T. ) ;
#2139 = CARTESIAN_POINT ( 'NONE',  ( 0.000000000000000000, 0.05000000000000000278, 0.000000000000000000 ) ) ;
#2138 = DIRECTION ( 'NONE',  ( -1.000000000000000000, 0.000000000000000000, 0.000000000000000000 ) ) ;
#2140 = ADVANCED_FACE ( 'NONE', ( #9020 ), #9769, .T. ) ;
#2141 = ORIENTED_EDGE ( 'NONE', *, *, #1099, .T. ) ;
#2142 = FACE_OUTER_BOUND ( 'NONE', #4867, .T. ) ;
#2143 = DIRECTION ( 'NONE',  ( 1.000000000000000000, 0.000000000000000000, 0.000000000000000000 ) ) ;
#2144 = VECTOR ( 'NONE', #258, 1000.000000000000000 ) ;
#2145 = ORIENTED_EDGE ( 'NONE', *, *, #9130, .T. ) ;
#2146 = DIRECTION ( 'NONE',  ( 0.000000000000000000, 0.000000000000000000, -1.000000000000000000 ) ) ;
#2147 = VERTEX_POINT ( 'NONE', #429 ) ;
#2148 = EDGE_CURVE ( 'NONE', #1995, #9270, #9338, .T. ) ;
#2149 = LINE ( 'NONE', #4291, #1644 ) ;
#2150 = DIRECTION ( 'NONE',  ( 0.000000000000000000, 1.000000000000000000, 0.000000000000000000 ) ) ;
#2151 = VECTOR ( 'NONE', #7128, 1000.000000000000000 ) ;
#2152 = VERTEX_POINT ( 'NONE', #5110 ) ;
#2153 = FACE_OUTER_BOUND ( 'NONE', #7659, .T. ) ;
#2154 = PLANE ( 'NONE',  #5698 ) ;
#2155 = CARTESIAN_POINT ( 'NONE',  ( -1.129999999999998561, 0.1999999999999999833, -2.100000000000000089 ) ) ;
#2156 = ORIENTED_EDGE ( 'NONE', *, *, #4643, .F. ) ;
#2157 = AXIS2_PLACEMENT_3D ( 'NONE', #4493, #597, #9794 ) ;
#2158 = EDGE_CURVE ( 'NONE', #6635, #5531, #9721, .T. ) ;
#2159 = LINE ( 'NONE', #4885, #6143 ) ;
#2160 = AXIS2_PLACEMENT_3D ( 'NONE', #704, #6247, #6123 ) ;
#2161 = DIRECTION ( 'NONE',  ( 1.000000000000000000, -0.000000000000000000, 0.000000000000000000 ) ) ;
#2162 = PRESENTATION_LAYER_ASSIGNMENT (  '', '', ( #4227 ) ) ;
#2163 = VECTOR ( 'NONE', #5576, 1000.000000000000000 ) ;
#2164 = ORIENTED_EDGE ( 'NONE', *, *, #2448, .F. ) ;
#2165 = SURFACE_STYLE_FILL_AREA ( #8910 ) ;
#2166 = DIRECTION ( 'NONE',  ( -1.000000000000000000, 0.000000000000000000, 0.000000000000000000 ) ) ;
#2167 = CARTESIAN_POINT ( 'NONE',  ( 2.100000000000001865, 0.6664761515876249653, -1.630000000000000338 ) ) ;
#2168 = ORIENTED_EDGE ( 'NONE', *, *, #9667, .T. ) ;
#2169 = APPLICATION_PROTOCOL_DEFINITION ( 'draft international standard', 'automotive_design', 1998, #6794 ) ;
#2170 = CARTESIAN_POINT ( 'NONE',  ( 0.6300000000000005596, 0.1999999999999999833, 2.500000000000001332 ) ) ;
#2171 = CARTESIAN_POINT ( 'NONE',  ( 0.000000000000000000, 0.2000000000000000111, 0.000000000000000000 ) ) ;
#2172 = EDGE_LOOP ( 'NONE', ( #8533, #507, #3373, #2292 ) ) ;
#2173 = CARTESIAN_POINT ( 'NONE',  ( -2.500000000000002220, 0.000000000000000000, -0.6300000000000003375 ) ) ;
#2174 = LINE ( 'NONE', #2523, #9617 ) ;
#2175 = DIRECTION ( 'NONE',  ( -1.000000000000000000, 0.000000000000000000, 2.710505431213760691E-15 ) ) ;
#2176 = LINE ( 'NONE', #8135, #5787 ) ;
#2177 = VERTEX_POINT ( 'NONE', #4617 ) ;
#2178 = ADVANCED_FACE ( 'NONE', ( #7448 ), #6799, .T. ) ;
#2179 = ORIENTED_EDGE ( 'NONE', *, *, #2317, .F. ) ;
#2180 = DIRECTION ( 'NONE',  ( -2.168404344971008079E-15, 0.000000000000000000, 1.000000000000000000 ) ) ;
#2181 = CARTESIAN_POINT ( 'NONE',  ( 1.129999999999999893, 0.6664761515876257425, -2.100000000000000089 ) ) ;
#2182 = CARTESIAN_POINT ( 'NONE',  ( 0.1299999999999998934, 0.000000000000000000, -2.500000000000000444 ) ) ;
#2183 = EDGE_LOOP ( 'NONE', ( #2137, #8103, #7804, #8868 ) ) ;
#2184 = EDGE_CURVE ( 'NONE', #536, #9213, #1161, .T. ) ;
#2185 = DIRECTION ( 'NONE',  ( -2.168404344971008079E-15, 0.000000000000000000, 1.000000000000000000 ) ) ;
#2186 = VECTOR ( 'NONE', #3538, 1000.000000000000000 ) ;
#2187 = ORIENTED_EDGE ( 'NONE', *, *, #8845, .T. ) ;
#2188 = CARTESIAN_POINT ( 'NONE',  ( 1.370000000000000329, 0.2000000000000000111, -2.500000000000000444 ) ) ;
#2189 = VERTEX_POINT ( 'NONE', #148 ) ;
#2190 = FACE_OUTER_BOUND ( 'NONE', #9569, .T. ) ;
#2191 = ORIENTED_EDGE ( 'NONE', *, *, #4593, .F. ) ;
#2192 = CARTESIAN_POINT ( 'NONE',  ( 1.870000000000000329, 0.000000000000000000, -2.500000000000000444 ) ) ;
#2193 = CARTESIAN_POINT ( 'NONE',  ( -1.129999999999998561, 0.2000000000000000111, -2.100000000000000089 ) ) ;
#2194 = ADVANCED_FACE ( 'NONE', ( #5163 ), #859, .F. ) ;
#2195 = DIRECTION ( 'NONE',  ( 1.000000000000000000, -0.000000000000000000, -3.614007241618342065E-15 ) ) ;
#2196 = VECTOR ( 'NONE', #7721, 1000.000000000000000 ) ;
#2197 = PRESENTATION_LAYER_ASSIGNMENT (  '', '', ( #2660 ) ) ;
#2198 = VERTEX_POINT ( 'NONE', #2497 ) ;
#2199 = COLOUR_RGB ( '',0.2509803921568627416, 0.2509803921568627416, 0.2509803921568627416 ) ;
#2200 = EDGE_CURVE ( 'NONE', #3167, #1671, #5396, .T. ) ;
#2201 = ORIENTED_EDGE ( 'NONE', *, *, #1519, .T. ) ;
#2202 = DIRECTION ( 'NONE',  ( -1.000000000000000000, 0.000000000000000000, 3.614007241618325499E-15 ) ) ;
#2203 = ORIENTED_EDGE ( 'NONE', *, *, #5153, .F. ) ;
#2204 =( NAMED_UNIT ( * ) SI_UNIT ( $, .STERADIAN. ) SOLID_ANGLE_UNIT ( ) );
#2205 = LINE ( 'NONE', #9720, #8212 ) ;
#2206 = VERTEX_POINT ( 'NONE', #247 ) ;
#2207 = VECTOR ( 'NONE', #7859, 1000.000000000000000 ) ;
#2208 = EDGE_CURVE ( 'NONE', #7303, #5467, #1298, .T. ) ;
#2209 = LINE ( 'NONE', #3976, #8102 ) ;
#2210 = CARTESIAN_POINT ( 'NONE',  ( 0.3700000000000018274, 0.2000000000000000111, 2.100000000000000089 ) ) ;
#2211 = ORIENTED_EDGE ( 'NONE', *, *, #9187, .T. ) ;
#2212 = CARTESIAN_POINT ( 'NONE',  ( 1.629999999999999893, 0.6664761515876257425, -2.100000000000000089 ) ) ;
#2213 = DIRECTION ( 'NONE',  ( 1.000000000000000000, 0.000000000000000000, -0.000000000000000000 ) ) ;
#2214 = FACE_OUTER_BOUND ( 'NONE', #7720, .T. ) ;
#2215 = AXIS2_PLACEMENT_3D ( 'NONE', #1462, #2241, #5376 ) ;
#2216 = VERTEX_POINT ( 'NONE', #7250 ) ;
#2217 = EDGE_CURVE ( 'NONE', #7912, #1983, #7673, .T. ) ;
#2218 = VERTEX_POINT ( 'NONE', #1101 ) ;
#2219 = AXIS2_PLACEMENT_3D ( 'NONE', #4849, #4782, #121 ) ;
#2220 = CARTESIAN_POINT ( 'NONE',  ( -2.100000000000001865, 0.1999999999999999833, 1.369999999999999662 ) ) ;
#2221 = CARTESIAN_POINT ( 'NONE',  ( 2.500000000000002220, 0.000000000000000000, -1.130000000000000338 ) ) ;
#2222 = ORIENTED_EDGE ( 'NONE', *, *, #6908, .T. ) ;
#2223 = SURFACE_STYLE_FILL_AREA ( #2318 ) ;
#2224 = ADVANCED_FACE ( 'NONE', ( #1529 ), #1979, .F. ) ;
#2225 = ORIENTED_EDGE ( 'NONE', *, *, #4654, .T. ) ;
#2226 = CARTESIAN_POINT ( 'NONE',  ( 0.3700000000000018274, 0.1999999999999999833, 2.100000000000000089 ) ) ;
#2227 = ORIENTED_EDGE ( 'NONE', *, *, #589, .T. ) ;
#2228 = LINE ( 'NONE', #1798, #994 ) ;
#2229 = ORIENTED_EDGE ( 'NONE', *, *, #1733, .F. ) ;
#2230 = EDGE_CURVE ( 'NONE', #1743, #3794, #8159, .T. ) ;
#2231 = CARTESIAN_POINT ( 'NONE',  ( 2.100000000000001865, 0.6664761515876249653, 1.869999999999999662 ) ) ;
#2232 = VECTOR ( 'NONE', #7340, 1000.000000000000000 ) ;
#2233 = CARTESIAN_POINT ( 'NONE',  ( 0.3700000000000018274, 0.000000000000000000, 2.100000000000000089 ) ) ;
#2235 = ADVANCED_FACE ( 'NONE', ( #7323 ), #7384, .T. ) ;
#2234 = ORIENTED_EDGE ( 'NONE', *, *, #2073, .T. ) ;
#2236 = CARTESIAN_POINT ( 'NONE',  ( -0.6299999999999990052, 0.1999999999999999833, 2.500000000000000444 ) ) ;
#2237 = EDGE_CURVE ( 'NONE', #9250, #10012, #2629, .T. ) ;
#2238 = DIRECTION ( 'NONE',  ( 0.000000000000000000, -1.000000000000000000, 0.000000000000000000 ) ) ;
#2239 = FACE_OUTER_BOUND ( 'NONE', #315, .T. ) ;
#2240 = EDGE_LOOP ( 'NONE', ( #5287, #3535, #6400, #8399 ) ) ;
#2241 = DIRECTION ( 'NONE',  ( 0.000000000000000000, -1.000000000000000000, 0.000000000000000000 ) ) ;
#2242 = VERTEX_POINT ( 'NONE', #8888 ) ;
#2243 = CARTESIAN_POINT ( 'NONE',  ( -2.100000000000001865, 0.6664761515876249653, -0.1300000000000003375 ) ) ;
#2244 = SURFACE_STYLE_USAGE ( .BOTH. , #6991 ) ;
#2245 = ORIENTED_EDGE ( 'NONE', *, *, #3803, .F. ) ;
#2246 = PLANE ( 'NONE',  #5149 ) ;
#2247 = LINE ( 'NONE', #4774, #7545 ) ;
#2249 = VECTOR ( 'NONE', #3898, 1000.000000000000000 ) ;
#2248 =( GEOMETRIC_REPRESENTATION_CONTEXT ( 3 ) GLOBAL_UNCERTAINTY_ASSIGNED_CONTEXT ( ( #6666 ) ) GLOBAL_UNIT_ASSIGNED_CONTEXT ( ( #4469, #3727, #9825 ) ) REPRESENTATION_CONTEXT ( 'NONE', 'WORKASPACE' ) );
#2250 = DIRECTION ( 'NONE',  ( 0.000000000000000000, -1.000000000000000000, 0.000000000000000000 ) ) ;
#2251 = VECTOR ( 'NONE', #2793, 1000.000000000000000 ) ;
#2252 = VERTEX_POINT ( 'NONE', #9686 ) ;
#2253 = EDGE_CURVE ( 'NONE', #4678, #9351, #6962, .T. ) ;
#2254 = ORIENTED_EDGE ( 'NONE', *, *, #5118, .T. ) ;
#2255 = VECTOR ( 'NONE', #896, 1000.000000000000000 ) ;
#2256 = LINE ( 'NONE', #4117, #9452 ) ;
#2257 = FACE_OUTER_BOUND ( 'NONE', #7363, .T. ) ;
#2258 = ORIENTED_EDGE ( 'NONE', *, *, #1244, .F. ) ;
#2259 = CARTESIAN_POINT ( 'NONE',  ( 1.870000000000001439, 0.6664761515876257425, -2.100000000000000089 ) ) ;
#2260 = FACE_OUTER_BOUND ( 'NONE', #1799, .T. ) ;
#2261 = DIRECTION ( 'NONE',  ( -2.710505431213760296E-15, 0.000000000000000000, -1.000000000000000000 ) ) ;
#2262 = EDGE_CURVE ( 'NONE', #3954, #8098, #6733, .T. ) ;
#2263 = ORIENTED_EDGE ( 'NONE', *, *, #4640, .T. ) ;
#2264 = EDGE_CURVE ( 'NONE', #850, #1981, #6135, .T. ) ;
#2265 = DIRECTION ( 'NONE',  ( 0.000000000000000000, -1.000000000000000000, 0.000000000000000000 ) ) ;
#2266 = VECTOR ( 'NONE', #1326, 1000.000000000000000 ) ;
#2267 = VECTOR ( 'NONE', #8828, 1000.000000000000000 ) ;
#2268 = ORIENTED_EDGE ( 'NONE', *, *, #3198, .T. ) ;
#2269 = DIRECTION ( 'NONE',  ( -1.000000000000000000, 0.000000000000000000, 0.000000000000000000 ) ) ;
#2270 = FACE_OUTER_BOUND ( 'NONE', #2035, .T. ) ;
#2271 = EDGE_LOOP ( 'NONE', ( #2790, #5995, #4710, #6377 ) ) ;
#2272 = ADVANCED_FACE ( 'NONE', ( #2142 ), #6572, .T. ) ;
#2273 = SURFACE_STYLE_USAGE ( .BOTH. , #9958 ) ;
#2274 = AXIS2_PLACEMENT_3D ( 'NONE', #4466, #2135, #2888 ) ;
#2275 = CARTESIAN_POINT ( 'NONE',  ( 2.100000000000001865, 0.6664761515876249653, 1.869999999999999662 ) ) ;
#2276 = PLANE ( 'NONE',  #2215 ) ;
#2277 = VECTOR ( 'NONE', #6519, 1000.000000000000000 ) ;
#2278 = EDGE_CURVE ( 'NONE', #3924, #4094, #2383, .T. ) ;
#2279 = DIRECTION ( 'NONE',  ( 0.000000000000000000, 0.000000000000000000, -1.000000000000000000 ) ) ;
#2280 = LINE ( 'NONE', #604, #4910 ) ;
#2281 = ORIENTED_EDGE ( 'NONE', *, *, #4524, .T. ) ;
#2282 = VECTOR ( 'NONE', #10002, 1000.000000000000000 ) ;
#2283 = EDGE_CURVE ( 'NONE', #4954, #5178, #5276, .T. ) ;
#2284 = DIRECTION ( 'NONE',  ( -1.000000000000000000, 0.000000000000000000, 0.000000000000000000 ) ) ;
#2285 = ORIENTED_EDGE ( 'NONE', *, *, #9912, .F. ) ;
#2286 = ORIENTED_EDGE ( 'NONE', *, *, #6463, .T. ) ;
#2287 = ADVANCED_FACE ( 'NONE', ( #3593 ), #4276, .F. ) ;
#2288 = PLANE ( 'NONE',  #7872 ) ;
#2289 = CARTESIAN_POINT ( 'NONE',  ( -2.500000000000002220, 0.000000000000000000, 1.369999999999999662 ) ) ;
#2290 = LINE ( 'NONE', #4980, #2041 ) ;
#2291 = ORIENTED_EDGE ( 'NONE', *, *, #4106, .T. ) ;
#2292 = ORIENTED_EDGE ( 'NONE', *, *, #9326, .F. ) ;
#2293 = EDGE_CURVE ( 'NONE', #2218, #5362, #3103, .T. ) ;
#2294 = DIRECTION ( 'NONE',  ( 1.000000000000000000, -0.000000000000000000, -0.000000000000000000 ) ) ;
#2295 = CARTESIAN_POINT ( 'NONE',  ( -0.8700000000000001066, 0.1999999999999999833, -2.500000000000000444 ) ) ;
#2296 = VECTOR ( 'NONE', #241, 1000.000000000000000 ) ;
#2297 = DIRECTION ( 'NONE',  ( 1.000000000000000000, -0.000000000000000000, 0.000000000000000000 ) ) ;
#2298 = VERTEX_POINT ( 'NONE', #3543 ) ;
#2299 = VECTOR ( 'NONE', #3968, 1000.000000000000000 ) ;
#2300 = ORIENTED_EDGE ( 'NONE', *, *, #7131, .T. ) ;
#2301 = VECTOR ( 'NONE', #7810, 1000.000000000000000 ) ;
#2302 = DIRECTION ( 'NONE',  ( 1.000000000000000000, 0.000000000000000000, -3.614007241618325499E-15 ) ) ;
#2303 = CARTESIAN_POINT ( 'NONE',  ( -0.3700000000000001066, 0.000000000000000000, -2.100000000000000089 ) ) ;
#2304 = ORIENTED_EDGE ( 'NONE', *, *, #7100, .F. ) ;
#2305 = ORIENTED_EDGE ( 'NONE', *, *, #7695, .T. ) ;
#2306 = DIRECTION ( 'NONE',  ( -0.000000000000000000, -1.000000000000000000, -0.000000000000000000 ) ) ;
#2307 = LINE ( 'NONE', #3443, #4107 ) ;
#2308 = CARTESIAN_POINT ( 'NONE',  ( -0.3699999999999994404, 0.2000000000000000111, 2.500000000000001332 ) ) ;
#2309 = EDGE_LOOP ( 'NONE', ( #2225, #8348, #8953, #9983 ) ) ;
#2310 = ORIENTED_EDGE ( 'NONE', *, *, #1600, .T. ) ;
#2311 = LINE ( 'NONE', #9670, #9997 ) ;
#2312 = DIRECTION ( 'NONE',  ( -0.000000000000000000, -0.000000000000000000, 1.000000000000000000 ) ) ;
#2313 = SURFACE_SIDE_STYLE ('',( #8210 ) ) ;
#2314 = CARTESIAN_POINT ( 'NONE',  ( -0.1299999999999986167, 0.6664761515876257425, -2.100000000000000089 ) ) ;
#2315 = VERTEX_POINT ( 'NONE', #3434 ) ;
#2316 = CARTESIAN_POINT ( 'NONE',  ( 2.100000000000001865, 0.000000000000000000, -1.130000000000000338 ) ) ;
#2317 = EDGE_CURVE ( 'NONE', #7134, #796, #1034, .T. ) ;
#2318 = FILL_AREA_STYLE ('',( #6223 ) ) ;
#2319 = PLANE ( 'NONE',  #7674 ) ;
#2320 = DIRECTION ( 'NONE',  ( 0.000000000000000000, -1.000000000000000000, 0.000000000000000000 ) ) ;
#2321 = VECTOR ( 'NONE', #3201, 1000.000000000000000 ) ;
#2322 = ORIENTED_EDGE ( 'NONE', *, *, #526, .T. ) ;
#2323 = VECTOR ( 'NONE', #5260, 1000.000000000000000 ) ;
#2324 = ORIENTED_EDGE ( 'NONE', *, *, #2872, .F. ) ;
#2325 = EDGE_LOOP ( 'NONE', ( #1604, #5753, #2988, #5646 ) ) ;
#2326 = DIRECTION ( 'NONE',  ( 2.710505431213760691E-15, 0.000000000000000000, 1.000000000000000000 ) ) ;
#2327 = AXIS2_PLACEMENT_3D ( 'NONE', #1081, #6521, #1887 ) ;
#2329 = ADVANCED_FACE ( 'NONE', ( #64 ), #5809, .T. ) ;
#2328 = FACE_OUTER_BOUND ( 'NONE', #6640, .T. ) ;
#2330 = VERTEX_POINT ( 'NONE', #3510 ) ;
#2331 = EDGE_CURVE ( 'NONE', #2189, #6609, #8024, .T. ) ;
#2332 = DIRECTION ( 'NONE',  ( 1.000000000000000000, -0.000000000000000000, -0.000000000000000000 ) ) ;
#2333 = DIRECTION ( 'NONE',  ( -1.000000000000000000, 0.000000000000000000, 0.000000000000000000 ) ) ;
#2334 = VECTOR ( 'NONE', #6242, 1000.000000000000000 ) ;
#2335 = CARTESIAN_POINT ( 'NONE',  ( -0.6299999999999996714, 0.04999999999999969746, -2.500000000000000444 ) ) ;
#2336 = ORIENTED_EDGE ( 'NONE', *, *, #9849, .T. ) ;
#2337 = AXIS2_PLACEMENT_3D ( 'NONE', #8579, #7126, #4048 ) ;
#2338 = CARTESIAN_POINT ( 'NONE',  ( -2.100000000000001865, 0.1999999999999999833, -1.130000000000000338 ) ) ;
#2339 = VERTEX_POINT ( 'NONE', #3682 ) ;
#2340 = ADVANCED_FACE ( 'NONE', ( #7788 ), #582, .F. ) ;
#2341 = EDGE_CURVE ( 'NONE', #8623, #8144, #4897, .T. ) ;
#2342 = EDGE_CURVE ( 'NONE', #3879, #1157, #1634, .T. ) ;
#2343 = CARTESIAN_POINT ( 'NONE',  ( 2.100000000000001865, 0.1999999999999999833, 0.1299999999999981726 ) ) ;
#2344 = DIRECTION ( 'NONE',  ( -0.000000000000000000, 0.000000000000000000, 1.000000000000000000 ) ) ;
#2345 = PLANE ( 'NONE',  #7746 ) ;
#2346 = ORIENTED_EDGE ( 'NONE', *, *, #8078, .F. ) ;
#2347 = CARTESIAN_POINT ( 'NONE',  ( 3.000000000000000000, 0.000000000000000000, 0.000000000000000000 ) ) ;
#2349 = VECTOR ( 'NONE', #3185, 1000.000000000000000 ) ;
#2348 = AXIS2_PLACEMENT_3D ( 'NONE', #6551, #2027, #2745 ) ;
#2350 = ORIENTED_EDGE ( 'NONE', *, *, #2158, .T. ) ;
#2351 = VECTOR ( 'NONE', #10004, 1000.000000000000000 ) ;
#2352 = EDGE_CURVE ( 'NONE', #5967, #3117, #3718, .T. ) ;
#2353 = DIRECTION ( 'NONE',  ( -1.000000000000000000, 0.000000000000000000, 2.710505431213760691E-15 ) ) ;
#2354 = ORIENTED_EDGE ( 'NONE', *, *, #5578, .T. ) ;
#2355 = STYLED_ITEM ( 'NONE', ( #5221 ), #143 ) ;
#2356 = CARTESIAN_POINT ( 'NONE',  ( -2.500000000000002220, 0.6664761515876249653, -0.6300000000000003375 ) ) ;
#2357 = DIRECTION ( 'NONE',  ( -0.000000000000000000, -0.000000000000000000, 1.000000000000000000 ) ) ;
#2358 = PLANE ( 'NONE',  #740 ) ;
#2359 = FACE_OUTER_BOUND ( 'NONE', #4530, .T. ) ;
#2360 = ORIENTED_EDGE ( 'NONE', *, *, #4859, .T. ) ;
#2361 = VECTOR ( 'NONE', #3422, 1000.000000000000000 ) ;
#2362 = EDGE_LOOP ( 'NONE', ( #4977, #1415, #892, #2657 ) ) ;
#2363 = CARTESIAN_POINT ( 'NONE',  ( 1.370000000000001439, 0.2000000000000000111, -2.100000000000000089 ) ) ;
#2364 = CARTESIAN_POINT ( 'NONE',  ( -2.100000000000001865, 0.05000000000000000278, 0.000000000000000000 ) ) ;
#2365 = ORIENTED_EDGE ( 'NONE', *, *, #187, .F. ) ;
#2366 = PLANE ( 'NONE',  #512 ) ;
#2367 = LINE ( 'NONE', #6966, #2125 ) ;
#2368 = ORIENTED_EDGE ( 'NONE', *, *, #2341, .F. ) ;
#2369 = CARTESIAN_POINT ( 'NONE',  ( 2.100000000000001865, 0.000000000000000000, -1.130000000000000338 ) ) ;
#2370 = STYLED_ITEM ( 'NONE', ( #8264 ), #3013 ) ;
#2371 = ORIENTED_EDGE ( 'NONE', *, *, #7527, .T. ) ;
#2372 = EDGE_CURVE ( 'NONE', #3861, #9042, #5628, .T. ) ;
#2373 = ADVANCED_FACE ( 'NONE', ( #4062 ), #1312, .T. ) ;
#2374 = CARTESIAN_POINT ( 'NONE',  ( 0.000000000000000000, 0.05000000000000000278, -2.100000000000000089 ) ) ;
#2375 = CARTESIAN_POINT ( 'NONE',  ( -2.100000000000001865, 0.1999999999999999833, 1.629999999999998117 ) ) ;
#2376 = CARTESIAN_POINT ( 'NONE',  ( -0.1299999999999981726, 0.6664761515876257425, 2.100000000000000089 ) ) ;
#2377 = PLANE ( 'NONE',  #7761 ) ;
#2378 = LINE ( 'NONE', #1076, #4540 ) ;
#2379 = ORIENTED_EDGE ( 'NONE', *, *, #697, .F. ) ;
#2380 = ORIENTED_EDGE ( 'NONE', *, *, #1384, .F. ) ;
#2381 = PLANE ( 'NONE',  #556 ) ;
#2382 = SURFACE_STYLE_USAGE ( .BOTH. , #6226 ) ;
#2383 = LINE ( 'NONE', #5057, #4183 ) ;
#2384 = EDGE_CURVE ( 'NONE', #5324, #3644, #3209, .T. ) ;
#2385 = ADVANCED_FACE ( 'NONE', ( #7554 ), #3716, .F. ) ;
#2386 = CARTESIAN_POINT ( 'NONE',  ( -2.100000000000001865, 0.1999999999999999833, 0.3699999999999996625 ) ) ;
#2387 = LINE ( 'NONE', #5096, #923 ) ;
#2388 = VERTEX_POINT ( 'NONE', #8338 ) ;
#2389 = EDGE_LOOP ( 'NONE', ( #5248, #8413, #8275, #9907 ) ) ;
#2390 = CARTESIAN_POINT ( 'NONE',  ( -2.100000000000001865, 0.1999999999999999833, -1.870000000000001883 ) ) ;
#2391 = DIRECTION ( 'NONE',  ( 0.000000000000000000, 0.000000000000000000, 1.000000000000000000 ) ) ;
#2392 = FACE_OUTER_BOUND ( 'NONE', #5720, .T. ) ;
#2393 = ORIENTED_EDGE ( 'NONE', *, *, #1768, .F. ) ;
#2394 = FACE_OUTER_BOUND ( 'NONE', #7579, .T. ) ;
#2395 = ORIENTED_EDGE ( 'NONE', *, *, #5604, .T. ) ;
#2396 = EDGE_CURVE ( 'NONE', #5080, #299, #5895, .T. ) ;
#2397 = DIRECTION ( 'NONE',  ( 1.000000000000000000, -0.000000000000000000, 0.000000000000000000 ) ) ;
#2398 = VECTOR ( 'NONE', #2919, 1000.000000000000000 ) ;
#2399 = PRESENTATION_STYLE_ASSIGNMENT (( #3678 ) ) ;
#2400 = ORIENTED_EDGE ( 'NONE', *, *, #9159, .F. ) ;
#2401 = LINE ( 'NONE', #9658, #3490 ) ;
#2402 = EDGE_LOOP ( 'NONE', ( #8670, #9621, #5633, #7306 ) ) ;
#2403 = AXIS2_PLACEMENT_3D ( 'NONE', #6347, #2625, #9457 ) ;
#2404 = CARTESIAN_POINT ( 'NONE',  ( -2.500000000000002220, 0.1999999999999999833, 1.869999999999999662 ) ) ;
#2405 = PLANE ( 'NONE',  #4563 ) ;
#2406 = DIRECTION ( 'NONE',  ( 0.000000000000000000, 0.000000000000000000, -1.000000000000000000 ) ) ;
#2407 = DIRECTION ( 'NONE',  ( 0.000000000000000000, -1.000000000000000000, 0.000000000000000000 ) ) ;
#2408 = CARTESIAN_POINT ( 'NONE',  ( -2.500000000000002220, 0.1999999999999999833, -0.3700000000000018274 ) ) ;
#2409 = VERTEX_POINT ( 'NONE', #9785 ) ;
#2410 = EDGE_CURVE ( 'NONE', #3056, #7183, #304, .T. ) ;
#2411 = CARTESIAN_POINT ( 'NONE',  ( 2.100000000000001865, 0.1999999999999999833, 0.8699999999999996625 ) ) ;
#2412 = FACE_OUTER_BOUND ( 'NONE', #6117, .T. ) ;
#2413 = EDGE_CURVE ( 'NONE', #5044, #8804, #6243, .T. ) ;
#2414 = DIRECTION ( 'NONE',  ( -0.000000000000000000, -1.000000000000000000, -0.000000000000000000 ) ) ;
#2415 = CARTESIAN_POINT ( 'NONE',  ( -2.100000000000001865, 0.000000000000000000, -0.3700000000000018274 ) ) ;
#2416 = FACE_OUTER_BOUND ( 'NONE', #2807, .T. ) ;
#2417 = VERTEX_POINT ( 'NONE', #2879 ) ;
#2418 = VECTOR ( 'NONE', #7295, 1000.000000000000000 ) ;
#2419 = ORIENTED_EDGE ( 'NONE', *, *, #849, .T. ) ;
#2420 = VERTEX_POINT ( 'NONE', #2944 ) ;
#2421 = DIRECTION ( 'NONE',  ( 1.000000000000000000, 0.000000000000000000, -0.000000000000000000 ) ) ;
#2422 = ORIENTED_EDGE ( 'NONE', *, *, #8078, .T. ) ;
#2423 = ADVANCED_FACE ( 'NONE', ( #9951 ), #9089, .T. ) ;
#2424 = FACE_OUTER_BOUND ( 'NONE', #1560, .T. ) ;
#2425 = EDGE_CURVE ( 'NONE', #9766, #9896, #7904, .T. ) ;
#2426 = EDGE_LOOP ( 'NONE', ( #5982, #8626, #6468, #4402 ) ) ;
#2427 = VECTOR ( 'NONE', #477, 1000.000000000000000 ) ;
#2428 = VERTEX_POINT ( 'NONE', #9845 ) ;
#2429 =( LENGTH_UNIT ( ) NAMED_UNIT ( * ) SI_UNIT ( .MILLI., .METRE. ) );
#2430 = CARTESIAN_POINT ( 'NONE',  ( 1.000000000000000000, 0.2000000000000000111, 0.000000000000000000 ) ) ;
#2431 = STYLED_ITEM ( 'NONE', ( #910 ), #2455 ) ;
#2432 = CARTESIAN_POINT ( 'NONE',  ( 2.100000000000001865, 0.1999999999999999833, -0.6300000000000003375 ) ) ;
#2433 = DIRECTION ( 'NONE',  ( -0.000000000000000000, -1.000000000000000000, -0.000000000000000000 ) ) ;
#2434 = LINE ( 'NONE', #3277, #8931 ) ;
#2435 = ORIENTED_EDGE ( 'NONE', *, *, #1570, .T. ) ;
#2436 = PLANE ( 'NONE',  #5902 ) ;
#2437 = LINE ( 'NONE', #5007, #2932 ) ;
#2438 = VERTEX_POINT ( 'NONE', #4421 ) ;
#2439 = ADVANCED_FACE ( 'NONE', ( #3834 ), #2911, .T. ) ;
#2440 = VERTEX_POINT ( 'NONE', #3745 ) ;
#2441 = CARTESIAN_POINT ( 'NONE',  ( 1.630000000000000338, 0.2000000000000000111, 2.100000000000000977 ) ) ;
#2442 = LINE ( 'NONE', #1307, #7015 ) ;
#2443 = CARTESIAN_POINT ( 'NONE',  ( 2.500000000000002220, 0.04999999999999969746, 0.6299999999999982281 ) ) ;
#2444 = ORIENTED_EDGE ( 'NONE', *, *, #4005, .T. ) ;
#2445 = DIRECTION ( 'NONE',  ( 0.000000000000000000, -0.000000000000000000, -1.000000000000000000 ) ) ;
#2446 = SURFACE_STYLE_FILL_AREA ( #4354 ) ;
#2447 = ORIENTED_EDGE ( 'NONE', *, *, #4703, .T. ) ;
#2448 = EDGE_CURVE ( 'NONE', #5459, #7716, #5503, .T. ) ;
#2449 = CARTESIAN_POINT ( 'NONE',  ( -2.100000000000001865, 0.6664761515876249653, 1.869999999999999662 ) ) ;
#2450 = DIRECTION ( 'NONE',  ( 0.000000000000000000, -1.000000000000000000, 0.000000000000000000 ) ) ;
#2451 = CARTESIAN_POINT ( 'NONE',  ( 0.000000000000000000, 0.2000000000000000111, 0.000000000000000000 ) ) ;
#2452 = LINE ( 'NONE', #7966, #374 ) ;
#2453 = ORIENTED_EDGE ( 'NONE', *, *, #5862, .T. ) ;
#2454 = ORIENTED_EDGE ( 'NONE', *, *, #807, .T. ) ;
#2455 = MANIFOLD_SOLID_BREP ( 'Boss-Extrude2[1]', #4863 ) ;
#2456 = DIRECTION ( 'NONE',  ( 1.000000000000000000, -0.000000000000000000, 0.000000000000000000 ) ) ;
#2457 = EDGE_CURVE ( 'NONE', #8849, #8532, #2620, .T. ) ;
#2458 = CARTESIAN_POINT ( 'NONE',  ( -0.6299999999999930100, 0.05000000000000000278, 1.707618421664650156E-15 ) ) ;
#2459 = LINE ( 'NONE', #5988, #9786 ) ;
#2460 = EDGE_CURVE ( 'NONE', #9691, #9294, #5620, .T. ) ;
#2461 = CARTESIAN_POINT ( 'NONE',  ( 1.800000000000000044, 0.1999999999999996503, 1.799999999999999822 ) ) ;
#2462 = ORIENTED_EDGE ( 'NONE', *, *, #9152, .T. ) ;
#2463 = CARTESIAN_POINT ( 'NONE',  ( -0.1299999999999981726, 0.2000000000000000111, 2.100000000000000089 ) ) ;
#2464 = ORIENTED_EDGE ( 'NONE', *, *, #6891, .T. ) ;
#2465 = CARTESIAN_POINT ( 'NONE',  ( -0.1299999999999981726, 0.6664761515876257425, 2.100000000000000089 ) ) ;
#2466 = ORIENTED_EDGE ( 'NONE', *, *, #2529, .F. ) ;
#2467 = EDGE_LOOP ( 'NONE', ( #4931, #131, #3394, #6923 ) ) ;
#2468 = EDGE_CURVE ( 'NONE', #7871, #7196, #541, .T. ) ;
#2469 = EDGE_CURVE ( 'NONE', #1157, #7090, #6604, .T. ) ;
#2470 = COLOUR_RGB ( '',0.7921568627450980005, 0.8196078431372548767, 0.9333333333333333481 ) ;
#2471 = PLANE ( 'NONE',  #8779 ) ;
#2472 = ORIENTED_EDGE ( 'NONE', *, *, #1556, .T. ) ;
#2473 = CARTESIAN_POINT ( 'NONE',  ( 2.500000000000002220, 0.6664761515876249653, -0.6300000000000003375 ) ) ;
#2474 = DIRECTION ( 'NONE',  ( -1.000000000000000000, 0.000000000000000000, 0.000000000000000000 ) ) ;
#2475 = LINE ( 'NONE', #679, #6326 ) ;
#2476 = SURFACE_STYLE_USAGE ( .BOTH. , #6410 ) ;
#2477 = DIRECTION ( 'NONE',  ( -0.000000000000000000, -1.000000000000000000, -0.000000000000000000 ) ) ;
#2478 = DIRECTION ( 'NONE',  ( -1.000000000000000000, 0.000000000000000000, 0.000000000000000000 ) ) ;
#2479 = ORIENTED_EDGE ( 'NONE', *, *, #8231, .F. ) ;
#2480 = PLANE ( 'NONE',  #153 ) ;
#2481 = FACE_OUTER_BOUND ( 'NONE', #3156, .T. ) ;
#2482 = VERTEX_POINT ( 'NONE', #8352 ) ;
#2483 = EDGE_CURVE ( 'NONE', #355, #419, #8148, .T. ) ;
#2484 = ADVANCED_FACE ( 'NONE', ( #6121 ), #7648, .T. ) ;
#2485 = EDGE_LOOP ( 'NONE', ( #2535, #2494, #9694, #1443 ) ) ;
#2486 = DIRECTION ( 'NONE',  ( 1.000000000000000000, -0.000000000000000000, 0.000000000000000000 ) ) ;
#2487 = DIRECTION ( 'NONE',  ( 8.673617379884035472E-17, -0.000000000000000000, 1.000000000000000000 ) ) ;
#2488 = EDGE_LOOP ( 'NONE', ( #6506, #8014, #7955, #1571 ) ) ;
#2489 = LINE ( 'NONE', #7838, #4762 ) ;
#2490 = FACE_OUTER_BOUND ( 'NONE', #2402, .T. ) ;
#2491 = LINE ( 'NONE', #8045, #56 ) ;
#2492 = ORIENTED_EDGE ( 'NONE', *, *, #4193, .F. ) ;
#2493 = CARTESIAN_POINT ( 'NONE',  ( -1.129999999999998117, 0.04999999999999999584, 2.100000000000000089 ) ) ;
#2494 = ORIENTED_EDGE ( 'NONE', *, *, #1002, .T. ) ;
#2495 = CARTESIAN_POINT ( 'NONE',  ( 0.3700000000000018274, 0.6664761515876257425, 2.100000000000000089 ) ) ;
#2496 = CARTESIAN_POINT ( 'NONE',  ( -2.100000000000001865, 0.6664761515876249653, -0.6300000000000003375 ) ) ;
#2497 = CARTESIAN_POINT ( 'NONE',  ( -1.629999999999999449, 0.05000000000000000278, -2.500000000000000444 ) ) ;
#2498 = LINE ( 'NONE', #8844, #6003 ) ;
#2499 = ORIENTED_EDGE ( 'NONE', *, *, #4195, .T. ) ;
#2500 = EDGE_CURVE ( 'NONE', #860, #4249, #9451, .T. ) ;
#2501 = ORIENTED_EDGE ( 'NONE', *, *, #7289, .T. ) ;
#2502 = CARTESIAN_POINT ( 'NONE',  ( 2.500000000000002220, 0.04999999999999969746, -1.370000000000001883 ) ) ;
#2503 = DIRECTION ( 'NONE',  ( 0.000000000000000000, -0.000000000000000000, 1.000000000000000000 ) ) ;
#2504 = DIRECTION ( 'NONE',  ( 1.000000000000000000, -0.000000000000000000, 0.000000000000000000 ) ) ;
#2505 = LINE ( 'NONE', #1822, #7566 ) ;
#2506 = CARTESIAN_POINT ( 'NONE',  ( -1.800000000000000044, 5.291168824543142968, -1.800000000000000266 ) ) ;
#2507 = DIRECTION ( 'NONE',  ( 0.000000000000000000, -1.000000000000000000, 0.000000000000000000 ) ) ;
#2508 = VECTOR ( 'NONE', #8983, 1000.000000000000000 ) ;
#2509 = ORIENTED_EDGE ( 'NONE', *, *, #5196, .T. ) ;
#2510 = LINE ( 'NONE', #5629, #3225 ) ;
#2511 = ORIENTED_EDGE ( 'NONE', *, *, #8438, .T. ) ;
#2512 = AXIS2_PLACEMENT_3D ( 'NONE', #4371, #6797, #8316 ) ;
#2513 = EDGE_CURVE ( 'NONE', #2957, #7005, #49, .T. ) ;
#2514 = LINE ( 'NONE', #554, #7683 ) ;
#2515 = DIRECTION ( 'NONE',  ( -1.000000000000000000, 0.000000000000000000, 0.000000000000000000 ) ) ;
#2516 = EDGE_LOOP ( 'NONE', ( #815, #9366, #575, #4415, #7299, #261, #2753, #19, #2013, #1517, #4596, #961, #765, #7573, #6084, #9949, #1189, #1491, #4378, #5084, #9219, #8375, #6929, #5438, #661, #4940, #8998, #7843, #8287, #8954, #127, #2305, #8663, #4695, #9136, #722 ) ) ;
#2517 = LINE ( 'NONE', #539, #8404 ) ;
#2518 = ADVANCED_FACE ( 'NONE', ( #9003 ), #739, .F. ) ;
#2519 = ORIENTED_EDGE ( 'NONE', *, *, #2469, .T. ) ;
#2520 = DIRECTION ( 'NONE',  ( 0.000000000000000000, -1.000000000000000000, 0.000000000000000000 ) ) ;
#2521 = ORIENTED_EDGE ( 'NONE', *, *, #7954, .T. ) ;
#2522 = DIRECTION ( 'NONE',  ( 2.710505431213760691E-15, 0.000000000000000000, 1.000000000000000000 ) ) ;
#2523 = CARTESIAN_POINT ( 'NONE',  ( 2.500000000000002220, 0.6664761515876249653, 1.629999999999998117 ) ) ;
#2524 = PLANE ( 'NONE',  #6479 ) ;
#2525 = DIRECTION ( 'NONE',  ( 0.000000000000000000, 0.000000000000000000, -1.000000000000000000 ) ) ;
#2526 = FACE_OUTER_BOUND ( 'NONE', #8529, .T. ) ;
#2527 = ORIENTED_EDGE ( 'NONE', *, *, #3901, .F. ) ;
#2528 = VECTOR ( 'NONE', #8743, 1000.000000000000000 ) ;
#2529 = EDGE_CURVE ( 'NONE', #328, #2757, #6850, .T. ) ;
#2530 = PLANE ( 'NONE',  #4754 ) ;
#2531 = DIRECTION ( 'NONE',  ( 0.000000000000000000, 0.000000000000000000, -1.000000000000000000 ) ) ;
#2532 = ORIENTED_EDGE ( 'NONE', *, *, #7390, .F. ) ;
#2533 = ADVANCED_FACE ( 'NONE', ( #4053 ), #3732, .F. ) ;
#2534 = FACE_OUTER_BOUND ( 'NONE', #6333, .T. ) ;
#2535 = ORIENTED_EDGE ( 'NONE', *, *, #1609, .F. ) ;
#2536 = ORIENTED_EDGE ( 'NONE', *, *, #6749, .F. ) ;
#2537 = VECTOR ( 'NONE', #6392, 1000.000000000000000 ) ;
#2538 = ORIENTED_EDGE ( 'NONE', *, *, #1350, .F. ) ;
#2539 = VECTOR ( 'NONE', #3636, 1000.000000000000000 ) ;
#2540 = CARTESIAN_POINT ( 'NONE',  ( 2.499999999999998668, 0.05000000000000000278, 2.499999999999999556 ) ) ;
#2541 = SURFACE_STYLE_USAGE ( .BOTH. , #4077 ) ;
#2542 = ORIENTED_EDGE ( 'NONE', *, *, #6188, .F. ) ;
#2543 = DIRECTION ( 'NONE',  ( 0.000000000000000000, -1.000000000000000000, 0.000000000000000000 ) ) ;
#2544 = DIRECTION ( 'NONE',  ( -0.000000000000000000, -1.000000000000000000, -0.000000000000000000 ) ) ;
#2545 = EDGE_CURVE ( 'NONE', #7408, #3130, #4431, .T. ) ;
#2546 = DIRECTION ( 'NONE',  ( 0.000000000000000000, -0.000000000000000000, -1.000000000000000000 ) ) ;
#2547 = DIRECTION ( 'NONE',  ( -0.000000000000000000, -1.000000000000000000, -0.000000000000000000 ) ) ;
#2548 = DIRECTION ( 'NONE',  ( 0.000000000000000000, 0.000000000000000000, -1.000000000000000000 ) ) ;
#2549 = VECTOR ( 'NONE', #4181, 1000.000000000000000 ) ;
#2550 = ORIENTED_EDGE ( 'NONE', *, *, #5407, .F. ) ;
#2551 = VECTOR ( 'NONE', #8349, 1000.000000000000000 ) ;
#2552 = EDGE_LOOP ( 'NONE', ( #5930, #7799, #9426, #890 ) ) ;
#2553 = VECTOR ( 'NONE', #1892, 1000.000000000000000 ) ;
#2554 = ORIENTED_EDGE ( 'NONE', *, *, #4055, .F. ) ;
#2555 = FACE_OUTER_BOUND ( 'NONE', #5687, .T. ) ;
#2556 = ORIENTED_EDGE ( 'NONE', *, *, #612, .T. ) ;
#2557 = LINE ( 'NONE', #9154, #1698 ) ;
#2558 = ORIENTED_EDGE ( 'NONE', *, *, #7766, .T. ) ;
#2559 = CARTESIAN_POINT ( 'NONE',  ( 2.100000000000001865, 0.6664761515876249653, -0.8700000000000018829 ) ) ;
#2560 = DIRECTION ( 'NONE',  ( -0.000000000000000000, -1.000000000000000000, -0.000000000000000000 ) ) ;
#2561 = CARTESIAN_POINT ( 'NONE',  ( -2.100000000000001865, 0.6664761515876249653, 1.129999999999998117 ) ) ;
#2562 = CARTESIAN_POINT ( 'NONE',  ( 1.870000000000001439, 0.000000000000000000, -2.100000000000000089 ) ) ;
#2563 = EDGE_CURVE ( 'NONE', #419, #2147, #8618, .T. ) ;
#2564 = CARTESIAN_POINT ( 'NONE',  ( 0.000000000000000000, 0.05000000000000000278, -1.870000000000001883 ) ) ;
#2565 = LINE ( 'NONE', #5835, #8812 ) ;
#2566 = ORIENTED_EDGE ( 'NONE', *, *, #4546, .F. ) ;
#2567 = PLANE ( 'NONE',  #593 ) ;
#2568 = VECTOR ( 'NONE', #6763, 1000.000000000000000 ) ;
#2569 = ADVANCED_FACE ( 'NONE', ( #4544 ), #4531, .F. ) ;
#2570 = DIRECTION ( 'NONE',  ( 0.000000000000000000, 0.000000000000000000, -1.000000000000000000 ) ) ;
#2571 = AXIS2_PLACEMENT_3D ( 'NONE', #5696, #4900, #4869 ) ;
#2572 = PLANE ( 'NONE',  #5846 ) ;
#2573 = CARTESIAN_POINT ( 'NONE',  ( 1.630000000000000560, 0.000000000000000000, 2.500000000000001332 ) ) ;
#2574 = ORIENTED_EDGE ( 'NONE', *, *, #7041, .T. ) ;
#2575 = ORIENTED_EDGE ( 'NONE', *, *, #3227, .F. ) ;
#2576 = EDGE_CURVE ( 'NONE', #8077, #4094, #6344, .T. ) ;
#2577 = CARTESIAN_POINT ( 'NONE',  ( -1.370000000000000107, 0.000000000000000000, -2.500000000000000444 ) ) ;
#2578 = DIRECTION ( 'NONE',  ( 8.673617379884035472E-17, -0.000000000000000000, 1.000000000000000000 ) ) ;
#2579 = CARTESIAN_POINT ( 'NONE',  ( -2.500000000000002220, 0.04999999999999969746, -1.370000000000001883 ) ) ;
#2580 = CARTESIAN_POINT ( 'NONE',  ( 0.000000000000000000, 0.2000000000000000111, 0.000000000000000000 ) ) ;
#2581 = PLANE ( 'NONE',  #4730 ) ;
#2582 = DIRECTION ( 'NONE',  ( 1.000000000000000000, 0.000000000000000000, -3.614007241618325499E-15 ) ) ;
#2583 = LINE ( 'NONE', #8090, #2094 ) ;
#2585 = ADVANCED_FACE ( 'NONE', ( #8016 ), #4714, .T. ) ;
#2584 = ORIENTED_EDGE ( 'NONE', *, *, #6252, .F. ) ;
#2586 = EDGE_CURVE ( 'NONE', #8469, #2742, #8380, .T. ) ;
#2587 = DIRECTION ( 'NONE',  ( 1.000000000000000000, -0.000000000000000000, 0.000000000000000000 ) ) ;
#2588 = FACE_OUTER_BOUND ( 'NONE', #1112, .T. ) ;
#2589 = VERTEX_POINT ( 'NONE', #9196 ) ;
#2590 = EDGE_CURVE ( 'NONE', #7090, #4902, #6724, .T. ) ;
#2591 = PLANE ( 'NONE',  #351 ) ;
#2592 = VECTOR ( 'NONE', #745, 1000.000000000000000 ) ;
#2593 = DIRECTION ( 'NONE',  ( -0.000000000000000000, -1.000000000000000000, -0.000000000000000000 ) ) ;
#2594 = ORIENTED_EDGE ( 'NONE', *, *, #5033, .T. ) ;
#2595 = DIRECTION ( 'NONE',  ( 1.000000000000000000, 0.000000000000000000, 0.000000000000000000 ) ) ;
#2596 = CARTESIAN_POINT ( 'NONE',  ( 0.000000000000000000, 0.2000000000000000111, 0.000000000000000000 ) ) ;
#2597 = DIRECTION ( 'NONE',  ( -1.000000000000000000, 0.000000000000000000, -2.168404344971008079E-15 ) ) ;
#2599 = VECTOR ( 'NONE', #6585, 1000.000000000000000 ) ;
#2598 = AXIS2_PLACEMENT_3D ( 'NONE', #5658, #6398, #8566 ) ;
#2600 = ORIENTED_EDGE ( 'NONE', *, *, #6706, .T. ) ;
#2601 = VECTOR ( 'NONE', #8716, 1000.000000000000000 ) ;
#2602 = EDGE_LOOP ( 'NONE', ( #7758, #2454, #4777, #6574 ) ) ;
#2603 = EDGE_CURVE ( 'NONE', #1329, #6730, #2873, .T. ) ;
#2604 = VERTEX_POINT ( 'NONE', #3145 ) ;
#2605 = EDGE_CURVE ( 'NONE', #1064, #9069, #7896, .T. ) ;
#2606 = DIRECTION ( 'NONE',  ( 1.000000000000000000, 0.000000000000000000, -5.421010862427520198E-16 ) ) ;
#2607 = CARTESIAN_POINT ( 'NONE',  ( 0.000000000000000000, 0.2000000000000000111, 0.000000000000000000 ) ) ;
#2608 = DIRECTION ( 'NONE',  ( 0.000000000000000000, -1.000000000000000000, 0.000000000000000000 ) ) ;
#2609 = DIRECTION ( 'NONE',  ( 0.000000000000000000, 0.000000000000000000, -1.000000000000000000 ) ) ;
#2610 = LINE ( 'NONE', #8734, #2867 ) ;
#2611 = CARTESIAN_POINT ( 'NONE',  ( -1.629999999999998117, 0.000000000000000000, 2.100000000000000089 ) ) ;
#2612 = ORIENTED_EDGE ( 'NONE', *, *, #1790, .F. ) ;
#2613 = CARTESIAN_POINT ( 'NONE',  ( -2.500000000000002220, 0.6664761515876249653, 0.8699999999999996625 ) ) ;
#2614 = DIRECTION ( 'NONE',  ( -2.710505431213760296E-15, 0.000000000000000000, -1.000000000000000000 ) ) ;
#2615 = CARTESIAN_POINT ( 'NONE',  ( 2.100000000000001865, 0.1999999999999999833, 1.369999999999999662 ) ) ;
#2616 = FILL_AREA_STYLE ('',( #7195 ) ) ;
#2617 = ORIENTED_EDGE ( 'NONE', *, *, #9407, .T. ) ;
#2618 = AXIS2_PLACEMENT_3D ( 'NONE', #7224, #2543, #971 ) ;
#2619 = CARTESIAN_POINT ( 'NONE',  ( 1.129999999999999893, 0.1999999999999999833, -2.100000000000000089 ) ) ;
#2620 = LINE ( 'NONE', #2767, #779 ) ;
#2621 = EDGE_CURVE ( 'NONE', #431, #138, #5883, .T. ) ;
#2622 = VECTOR ( 'NONE', #1436, 1000.000000000000000 ) ;
#2623 = LINE ( 'NONE', #2613, #298 ) ;
#2624 = ORIENTED_EDGE ( 'NONE', *, *, #7894, .T. ) ;
#2625 = DIRECTION ( 'NONE',  ( -1.000000000000000000, 0.000000000000000000, -2.168404344971008079E-15 ) ) ;
#2626 = ORIENTED_EDGE ( 'NONE', *, *, #7489, .F. ) ;
#2627 = ADVANCED_FACE ( 'NONE', ( #3329 ), #2405, .T. ) ;
#2628 = DIRECTION ( 'NONE',  ( 0.000000000000000000, -1.000000000000000000, 0.000000000000000000 ) ) ;
#2629 = LINE ( 'NONE', #5017, #551 ) ;
#2630 = DIRECTION ( 'NONE',  ( 1.000000000000000000, -0.000000000000000000, -0.000000000000000000 ) ) ;
#2631 = CARTESIAN_POINT ( 'NONE',  ( -2.100000000000001865, 0.05000000000000002359, 1.869999999999999662 ) ) ;
#2632 = VECTOR ( 'NONE', #7301, 1000.000000000000000 ) ;
#2633 = ORIENTED_EDGE ( 'NONE', *, *, #2847, .T. ) ;
#2634 = SHAPE_DEFINITION_REPRESENTATION ( #8662, #3694 ) ;
#2635 = VERTEX_POINT ( 'NONE', #2343 ) ;
#2636 = CARTESIAN_POINT ( 'NONE',  ( -2.100000000000001865, 0.6664761515876249653, 0.3699999999999996625 ) ) ;
#2637 = AXIS2_PLACEMENT_3D ( 'NONE', #7993, #4204, #3322 ) ;
#2638 = LINE ( 'NONE', #7360, #4909 ) ;
#2639 = ADVANCED_FACE ( 'NONE', ( #9711 ), #7842, .F. ) ;
#2640 = EDGE_CURVE ( 'NONE', #3612, #7482, #7200, .T. ) ;
#2641 = VECTOR ( 'NONE', #563, 1000.000000000000000 ) ;
#2642 = ORIENTED_EDGE ( 'NONE', *, *, #5072, .T. ) ;
#2643 = LINE ( 'NONE', #6990, #2282 ) ;
#2644 = DIRECTION ( 'NONE',  ( 0.000000000000000000, -1.000000000000000000, 0.000000000000000000 ) ) ;
#2645 = EDGE_LOOP ( 'NONE', ( #9922, #6752, #7797, #4456 ) ) ;
#2646 = DIRECTION ( 'NONE',  ( 8.673617379884035472E-17, -0.000000000000000000, 1.000000000000000000 ) ) ;
#2647 = CARTESIAN_POINT ( 'NONE',  ( -1.129999999999999671, 0.000000000000000000, -2.500000000000000444 ) ) ;
#2648 = DIRECTION ( 'NONE',  ( 1.000000000000000000, 0.000000000000000000, 0.000000000000000000 ) ) ;
#2649 = DIRECTION ( 'NONE',  ( 0.000000000000000000, 0.000000000000000000, -1.000000000000000000 ) ) ;
#2650 = CARTESIAN_POINT ( 'NONE',  ( 2.000000000000000000, 0.000000000000000000, 0.000000000000000000 ) ) ;
#2651 = FILL_AREA_STYLE ('',( #7264 ) ) ;
#2652 = CARTESIAN_POINT ( 'NONE',  ( -2.500000000000000888, 0.05000000000000000278, 2.499999999999999556 ) ) ;
#2653 = DIRECTION ( 'NONE',  ( 0.000000000000000000, -1.000000000000000000, 0.000000000000000000 ) ) ;
#2654 = CARTESIAN_POINT ( 'NONE',  ( -2.500000000000001332, 0.05000000000000000278, -2.500000000000000444 ) ) ;
#2655 = EDGE_CURVE ( 'NONE', #1731, #6509, #8263, .T. ) ;
#2656 = LINE ( 'NONE', #7533, #1658 ) ;
#2657 = ORIENTED_EDGE ( 'NONE', *, *, #7442, .F. ) ;
#2658 = DIRECTION ( 'NONE',  ( 1.000000000000000000, -0.000000000000000000, 0.000000000000000000 ) ) ;
#2659 = FACE_OUTER_BOUND ( 'NONE', #2082, .T. ) ;
#2660 = STYLED_ITEM ( 'NONE', ( #3096 ), #5535 ) ;
#2661 = ORIENTED_EDGE ( 'NONE', *, *, #8816, .T. ) ;
#2662 = EDGE_CURVE ( 'NONE', #8693, #8842, #7072, .T. ) ;
#2663 = ORIENTED_EDGE ( 'NONE', *, *, #7806, .F. ) ;
#2664 = PLANE ( 'NONE',  #1170 ) ;
#2665 = LINE ( 'NONE', #5760, #580 ) ;
#2666 = VERTEX_POINT ( 'NONE', #6191 ) ;
#2667 = CARTESIAN_POINT ( 'NONE',  ( -1.870000000000000107, 0.000000000000000000, -2.500000000000000444 ) ) ;
#2668 = ORIENTED_EDGE ( 'NONE', *, *, #1487, .F. ) ;
#2669 = LINE ( 'NONE', #3174, #3018 ) ;
#2670 =( LENGTH_UNIT ( ) NAMED_UNIT ( * ) SI_UNIT ( .MILLI., .METRE. ) );
#2671 = ORIENTED_EDGE ( 'NONE', *, *, #4146, .F. ) ;
#2672 = STYLED_ITEM ( 'NONE', ( #9895 ), #7630 ) ;
#2673 = VERTEX_POINT ( 'NONE', #7747 ) ;
#2674 = PLANE ( 'NONE',  #3832 ) ;
#2675 = VECTOR ( 'NONE', #1352, 1000.000000000000000 ) ;
#2676 = CARTESIAN_POINT ( 'NONE',  ( 0.000000000000000000, 0.2000000000000000111, 0.000000000000000000 ) ) ;
#2677 = ORIENTED_EDGE ( 'NONE', *, *, #7510, .T. ) ;
#2678 = EDGE_CURVE ( 'NONE', #8693, #218, #2130, .T. ) ;
#2679 = CARTESIAN_POINT ( 'NONE',  ( 2.499999999999998668, 0.05000000000000000278, 2.499999999999999556 ) ) ;
#2680 = VECTOR ( 'NONE', #6493, 1000.000000000000000 ) ;
#2681 = EDGE_LOOP ( 'NONE', ( #1151, #7941, #10011, #959 ) ) ;
#2682 = LINE ( 'NONE', #9774, #601 ) ;
#2683 = ORIENTED_EDGE ( 'NONE', *, *, #7014, .T. ) ;
#2684 = VECTOR ( 'NONE', #3236, 1000.000000000000000 ) ;
#2685 = AXIS2_PLACEMENT_3D ( 'NONE', #4957, #6369, #188 ) ;
#2686 = ORIENTED_EDGE ( 'NONE', *, *, #8126, .F. ) ;
#2687 = CARTESIAN_POINT ( 'NONE',  ( -2.500000000000002220, 0.8999999999999998002, -2.500000000000000444 ) ) ;
#2688 = CARTESIAN_POINT ( 'NONE',  ( -1.629999999999998561, 0.1999999999999999833, -2.100000000000000089 ) ) ;
#2689 = PLANE ( 'NONE',  #5511 ) ;
#2690 = SURFACE_STYLE_USAGE ( .BOTH. , #1221 ) ;
#2691 = EDGE_CURVE ( 'NONE', #1856, #441, #5269, .T. ) ;
#2692 =( NAMED_UNIT ( * ) SI_UNIT ( $, .STERADIAN. ) SOLID_ANGLE_UNIT ( ) );
#2693 = CARTESIAN_POINT ( 'NONE',  ( 1.870000000000000329, 0.04999999999999969746, -2.500000000000000444 ) ) ;
#2694 = AXIS2_PLACEMENT_3D ( 'NONE', #4255, #8970, #1288 ) ;
#2695 = CARTESIAN_POINT ( 'NONE',  ( 1.130000000000000560, 0.2000000000000000111, 2.500000000000001332 ) ) ;
#2696 = ORIENTED_EDGE ( 'NONE', *, *, #427, .T. ) ;
#2697 = ORIENTED_EDGE ( 'NONE', *, *, #1370, .T. ) ;
#2698 = ADVANCED_FACE ( 'NONE', ( #415 ), #5464, .F. ) ;
#2699 = LINE ( 'NONE', #6876, #618 ) ;
#2700 = PLANE ( 'NONE',  #1672 ) ;
#2701 = DIRECTION ( 'NONE',  ( 0.000000000000000000, -0.000000000000000000, -1.000000000000000000 ) ) ;
#2702 = LINE ( 'NONE', #1838, #5574 ) ;
#2703 = CARTESIAN_POINT ( 'NONE',  ( 2.100000000000001865, 0.05000000000000002359, -1.370000000000001883 ) ) ;
#2704 = FACE_OUTER_BOUND ( 'NONE', #4558, .T. ) ;
#2705 = CARTESIAN_POINT ( 'NONE',  ( 2.100000000000001865, 0.1999999999999999833, -0.8700000000000018829 ) ) ;
#2706 = AXIS2_PLACEMENT_3D ( 'NONE', #1467, #6869, #8389 ) ;
#2707 = VERTEX_POINT ( 'NONE', #5403 ) ;
#2708 = EDGE_CURVE ( 'NONE', #413, #553, #1152, .T. ) ;
#2709 = CARTESIAN_POINT ( 'NONE',  ( -2.100000000000001865, 0.1999999999999999833, 0.3699999999999996625 ) ) ;
#2710 = VECTOR ( 'NONE', #4330, 1000.000000000000000 ) ;
#2711 = EDGE_LOOP ( 'NONE', ( #6105, #9191, #6816, #1097 ) ) ;
#2712 = VERTEX_POINT ( 'NONE', #1553 ) ;
#2713 = DIRECTION ( 'NONE',  ( 1.000000000000000000, 0.000000000000000000, -0.000000000000000000 ) ) ;
#2714 = ORIENTED_EDGE ( 'NONE', *, *, #3995, .F. ) ;
#2715 = DIRECTION ( 'NONE',  ( -0.000000000000000000, -1.000000000000000000, -0.000000000000000000 ) ) ;
#2716 = CARTESIAN_POINT ( 'NONE',  ( -2.500000000000002220, 0.04999999999999969746, -1.870000000000001883 ) ) ;
#2717 = VECTOR ( 'NONE', #8387, 1000.000000000000000 ) ;
#2718 = DIRECTION ( 'NONE',  ( 0.000000000000000000, -0.000000000000000000, 1.000000000000000000 ) ) ;
#2719 =( NAMED_UNIT ( * ) SI_UNIT ( $, .STERADIAN. ) SOLID_ANGLE_UNIT ( ) );
#2720 = EDGE_CURVE ( 'NONE', #7987, #1638, #7063, .T. ) ;
#2721 = CARTESIAN_POINT ( 'NONE',  ( -2.500000000000000888, 0.05000000000000000278, 2.499999999999999556 ) ) ;
#2722 = VERTEX_POINT ( 'NONE', #2443 ) ;
#2723 = DIRECTION ( 'NONE',  ( -0.000000000000000000, 0.000000000000000000, 1.000000000000000000 ) ) ;
#2724 = DIRECTION ( 'NONE',  ( 0.000000000000000000, -0.000000000000000000, 1.000000000000000000 ) ) ;
#2725 = ORIENTED_EDGE ( 'NONE', *, *, #4195, .F. ) ;
#2726 = CARTESIAN_POINT ( 'NONE',  ( 2.100000000000001865, 0.1999999999999999833, -1.130000000000000338 ) ) ;
#2727 = ORIENTED_EDGE ( 'NONE', *, *, #3719, .T. ) ;
#2728 = DIRECTION ( 'NONE',  ( -0.000000000000000000, 0.000000000000000000, 1.000000000000000000 ) ) ;
#2729 = CARTESIAN_POINT ( 'NONE',  ( 2.500000000000002220, 0.000000000000000000, -0.1300000000000003375 ) ) ;
#2730 = EDGE_CURVE ( 'NONE', #1029, #2734, #3200, .T. ) ;
#2731 = VECTOR ( 'NONE', #4852, 1000.000000000000000 ) ;
#2732 = ORIENTED_EDGE ( 'NONE', *, *, #3158, .T. ) ;
#2733 = CARTESIAN_POINT ( 'NONE',  ( 1.129999999999999893, 0.1999999999999999833, -2.500000000000000444 ) ) ;
#2734 = VERTEX_POINT ( 'NONE', #3918 ) ;
#2735 = CARTESIAN_POINT ( 'NONE',  ( 2.100000000000001865, 0.05000000000000000278, 0.000000000000000000 ) ) ;
#2736 = ORIENTED_EDGE ( 'NONE', *, *, #7937, .T. ) ;
#2737 = PLANE ( 'NONE',  #1635 ) ;
#2738 = CARTESIAN_POINT ( 'NONE',  ( -1.800000000000000044, -0.000000000000000000, -1.800000000000000266 ) ) ;
#2739 = DIRECTION ( 'NONE',  ( 1.000000000000000000, -0.000000000000000000, 0.000000000000000000 ) ) ;
#2740 = LINE ( 'NONE', #319, #8604 ) ;
#2741 = ADVANCED_FACE ( 'NONE', ( #7889 ), #8644, .F. ) ;
#2742 = VERTEX_POINT ( 'NONE', #4040 ) ;
#2743 = EDGE_CURVE ( 'NONE', #3214, #578, #170, .T. ) ;
#2744 = ORIENTED_EDGE ( 'NONE', *, *, #4726, .F. ) ;
#2745 = DIRECTION ( 'NONE',  ( 0.000000000000000000, -0.000000000000000000, -1.000000000000000000 ) ) ;
#2746 = VECTOR ( 'NONE', #5375, 1000.000000000000000 ) ;
#2747 = CARTESIAN_POINT ( 'NONE',  ( 1.370000000000001439, 0.000000000000000000, -2.100000000000000089 ) ) ;
#2748 = LINE ( 'NONE', #3326, #4547 ) ;
#2749 = CARTESIAN_POINT ( 'NONE',  ( 2.500000000000002220, 0.000000000000000000, 1.869999999999999662 ) ) ;
#2750 = CARTESIAN_POINT ( 'NONE',  ( -2.100000000000001865, 0.05000000000000000278, 0.000000000000000000 ) ) ;
#2751 = DIRECTION ( 'NONE',  ( -1.000000000000000000, 0.000000000000000000, 0.000000000000000000 ) ) ;
#2752 = LINE ( 'NONE', #9007, #6608 ) ;
#2753 = ORIENTED_EDGE ( 'NONE', *, *, #1435, .F. ) ;
#2754 = CARTESIAN_POINT ( 'NONE',  ( -0.1299999999999981726, 0.6664761515876257425, 2.100000000000000089 ) ) ;
#2755 = LINE ( 'NONE', #6553, #4192 ) ;
#2756 = ADVANCED_FACE ( 'NONE', ( #5749 ), #1071, .T. ) ;
#2757 = VERTEX_POINT ( 'NONE', #6471 ) ;
#2758 = AXIS2_PLACEMENT_3D ( 'NONE', #6514, #2791, #2718 ) ;
#2759 = EDGE_CURVE ( 'NONE', #39, #7578, #6594, .T. ) ;
#2760 = VECTOR ( 'NONE', #5175, 1000.000000000000000 ) ;
#2761 = AXIS2_PLACEMENT_3D ( 'NONE', #9948, #8437, #6916 ) ;
#2762 = CARTESIAN_POINT ( 'NONE',  ( 2.100000000000001865, 0.6664761515876249653, 0.8699999999999996625 ) ) ;
#2763 = VECTOR ( 'NONE', #4925, 1000.000000000000000 ) ;
#2764 = ORIENTED_EDGE ( 'NONE', *, *, #9094, .T. ) ;
#2765 = EDGE_CURVE ( 'NONE', #4249, #5262, #3454, .T. ) ;
#2766 = DIRECTION ( 'NONE',  ( 0.000000000000000000, -1.000000000000000000, 0.000000000000000000 ) ) ;
#2767 = CARTESIAN_POINT ( 'NONE',  ( -2.100000000000001865, 0.6664761515876249653, -0.8700000000000018829 ) ) ;
#2768 = ORIENTED_EDGE ( 'NONE', *, *, #2730, .T. ) ;
#2769 = DIRECTION ( 'NONE',  ( 0.000000000000000000, 1.000000000000000000, 0.000000000000000000 ) ) ;
#2770 = UNCERTAINTY_MEASURE_WITH_UNIT (LENGTH_MEASURE( 1.000000000000000082E-05 ), #8766, 'distance_accuracy_value', 'NONE');
#2771 = CARTESIAN_POINT ( 'NONE',  ( 1.130000000000000338, 0.6664761515876257425, 2.100000000000000977 ) ) ;
#2772 = PLANE ( 'NONE',  #8425 ) ;
#2773 = CARTESIAN_POINT ( 'NONE',  ( 0.6299999999999998934, 0.000000000000000000, -2.100000000000000089 ) ) ;
#2774 = SURFACE_STYLE_USAGE ( .BOTH. , #8107 ) ;
#2775 = LINE ( 'NONE', #9837, #1320 ) ;
#2776 = ORIENTED_EDGE ( 'NONE', *, *, #7086, .T. ) ;
#2777 = LINE ( 'NONE', #3596, #3358 ) ;
#2778 = CARTESIAN_POINT ( 'NONE',  ( 0.6300000000000003375, 0.6664761515876257425, 2.100000000000000977 ) ) ;
#2779 = DIRECTION ( 'NONE',  ( 8.673617379884035472E-17, -0.000000000000000000, 1.000000000000000000 ) ) ;
#2780 = EDGE_LOOP ( 'NONE', ( #1785, #4392, #8508, #6402 ) ) ;
#2781 = MECHANICAL_DESIGN_GEOMETRIC_PRESENTATION_REPRESENTATION (  '', ( #7539 ), #9149 ) ;
#2782 = VERTEX_POINT ( 'NONE', #252 ) ;
#2783 = EDGE_CURVE ( 'NONE', #7582, #7118, #1736, .T. ) ;
#2784 = VECTOR ( 'NONE', #8276, 1000.000000000000000 ) ;
#2785 = FACE_OUTER_BOUND ( 'NONE', #295, .T. ) ;
#2786 = ORIENTED_EDGE ( 'NONE', *, *, #5981, .F. ) ;
#2787 = VECTOR ( 'NONE', #4816, 1000.000000000000000 ) ;
#2788 = DIRECTION ( 'NONE',  ( -2.710505431213760296E-15, 0.000000000000000000, -1.000000000000000000 ) ) ;
#2789 = CARTESIAN_POINT ( 'NONE',  ( -0.6299999999999985612, 0.2000000000000000111, -2.100000000000000089 ) ) ;
#2790 = ORIENTED_EDGE ( 'NONE', *, *, #4304, .F. ) ;
#2791 = DIRECTION ( 'NONE',  ( 0.000000000000000000, 1.000000000000000000, 0.000000000000000000 ) ) ;
#2792 = CARTESIAN_POINT ( 'NONE',  ( 2.499999999999998668, 8.871067811865474440, 2.499999999999999556 ) ) ;
#2793 = DIRECTION ( 'NONE',  ( -1.000000000000000000, 0.000000000000000000, 0.000000000000000000 ) ) ;
#2794 = CARTESIAN_POINT ( 'NONE',  ( -1.869999999999999218, 0.05000000000000000278, 2.499999999999999556 ) ) ;
#2795 = CARTESIAN_POINT ( 'NONE',  ( 2.500000000000002220, 0.6664761515876249653, 0.6299999999999982281 ) ) ;
#2796 = EDGE_CURVE ( 'NONE', #2589, #4935, #7327, .T. ) ;
#2797 = VERTEX_POINT ( 'NONE', #5665 ) ;
#2798 = ORIENTED_EDGE ( 'NONE', *, *, #3006, .T. ) ;
#2799 = LINE ( 'NONE', #4043, #1675 ) ;
#2800 = EDGE_CURVE ( 'NONE', #6101, #3954, #9575, .T. ) ;
#2801 = ADVANCED_FACE ( 'NONE', ( #4296 ), #1738, .F. ) ;
#2802 = VERTEX_POINT ( 'NONE', #7150 ) ;
#2803 = PLANE ( 'NONE',  #5128 ) ;
#2804 = FILL_AREA_STYLE_COLOUR ( '', #1660 ) ;
#2805 = VERTEX_POINT ( 'NONE', #9439 ) ;
#2806 = LINE ( 'NONE', #9623, #354 ) ;
#2807 = EDGE_LOOP ( 'NONE', ( #3351, #5656, #5842, #7107 ) ) ;
#2808 = DIRECTION ( 'NONE',  ( -0.000000000000000000, -1.000000000000000000, -0.000000000000000000 ) ) ;
#2809 = AXIS2_PLACEMENT_3D ( 'NONE', #7194, #4083, #4224 ) ;
#2810 = LINE ( 'NONE', #3362, #1806 ) ;
#2811 = LINE ( 'NONE', #8625, #3645 ) ;
#2812 = CARTESIAN_POINT ( 'NONE',  ( 2.500000000000002220, 0.1999999999999999833, 0.3699999999999996625 ) ) ;
#2813 = ORIENTED_EDGE ( 'NONE', *, *, #8509, .T. ) ;
#2814 = DIRECTION ( 'NONE',  ( -1.000000000000000000, 0.000000000000000000, -0.000000000000000000 ) ) ;
#2815 = EDGE_CURVE ( 'NONE', #9436, #734, #8869, .T. ) ;
#2816 = CARTESIAN_POINT ( 'NONE',  ( -1.129999999999999005, 0.2000000000000000111, 2.500000000000000444 ) ) ;
#2817 = ADVANCED_FACE ( 'NONE', ( #7777 ), #5625, .T. ) ;
#2818 = CARTESIAN_POINT ( 'NONE',  ( 2.500000000000002220, 0.1999999999999999833, 0.3699999999999996625 ) ) ;
#2819 = EDGE_CURVE ( 'NONE', #1329, #8497, #5874, .T. ) ;
#2820 = CARTESIAN_POINT ( 'NONE',  ( -1.870000000000000107, 0.2000000000000000111, -2.500000000000000444 ) ) ;
#2821 = CARTESIAN_POINT ( 'NONE',  ( 2.100000000000001865, 0.000000000000000000, -1.370000000000001883 ) ) ;
#2822 = ORIENTED_EDGE ( 'NONE', *, *, #3475, .F. ) ;
#2823 = COLOUR_RGB ( '',0.7921568627450980005, 0.8196078431372548767, 0.9333333333333333481 ) ;
#2824 = ORIENTED_EDGE ( 'NONE', *, *, #3600, .T. ) ;
#2825 = VERTEX_POINT ( 'NONE', #5565 ) ;
#2826 = CARTESIAN_POINT ( 'NONE',  ( -2.100000000000001865, 0.6664761515876249653, 0.1299999999999981726 ) ) ;
#2827 = DIRECTION ( 'NONE',  ( 1.000000000000000000, 0.000000000000000000, -3.614007241618325499E-15 ) ) ;
#2828 = LINE ( 'NONE', #3905, #5213 ) ;
#2829 = EDGE_CURVE ( 'NONE', #2604, #7338, #6842, .T. ) ;
#2830 = EDGE_LOOP ( 'NONE', ( #1606, #805, #5295, #2877 ) ) ;
#2831 = CARTESIAN_POINT ( 'NONE',  ( -0.3699999999999996625, 0.000000000000000000, 2.100000000000000977 ) ) ;
#2832 = DIRECTION ( 'NONE',  ( -0.000000000000000000, -1.000000000000000000, -0.000000000000000000 ) ) ;
#2833 = CARTESIAN_POINT ( 'NONE',  ( 1.870000000000001883, 0.000000000000000000, 2.100000000000000089 ) ) ;
#2834 = AXIS2_PLACEMENT_3D ( 'NONE', #9724, #4283, #4250 ) ;
#2835 = LINE ( 'NONE', #8470, #4390 ) ;
#2836 = ORIENTED_EDGE ( 'NONE', *, *, #4703, .F. ) ;
#2837 = ORIENTED_EDGE ( 'NONE', *, *, #6306, .F. ) ;
#2838 = CARTESIAN_POINT ( 'NONE',  ( 2.100000000000001865, 0.1999999999999999833, 1.869999999999999662 ) ) ;
#2839 = CARTESIAN_POINT ( 'NONE',  ( -0.6299999999999982281, 0.2000000000000000111, 2.100000000000000089 ) ) ;
#2840 = CARTESIAN_POINT ( 'NONE',  ( 0.3700000000000009948, 0.000000000000000000, 2.500000000000000444 ) ) ;
#2841 = VECTOR ( 'NONE', #5074, 1000.000000000000000 ) ;
#2842 = AXIS2_PLACEMENT_3D ( 'NONE', #4268, #2769, #1935 ) ;
#2843 = ORIENTED_EDGE ( 'NONE', *, *, #173, .T. ) ;
#2844 = CARTESIAN_POINT ( 'NONE',  ( 2.499999999999998668, 0.2000000000000005107, 0.1299999999999981726 ) ) ;
#2845 = PLANE ( 'NONE',  #682 ) ;
#2846 = DIRECTION ( 'NONE',  ( -1.000000000000000000, 0.000000000000000000, 3.614007241618342065E-15 ) ) ;
#2847 = EDGE_CURVE ( 'NONE', #7704, #5004, #663, .T. ) ;
#2848 = DIRECTION ( 'NONE',  ( 1.000000000000000000, 0.000000000000000000, 0.000000000000000000 ) ) ;
#2849 = LINE ( 'NONE', #5460, #4161 ) ;
#2850 = ORIENTED_EDGE ( 'NONE', *, *, #6088, .F. ) ;
#2851 = FACE_OUTER_BOUND ( 'NONE', #7419, .T. ) ;
#2852 = ADVANCED_FACE ( 'NONE', ( #6114 ), #1812, .T. ) ;
#2853 = VERTEX_POINT ( 'NONE', #4326 ) ;
#2854 = DIRECTION ( 'NONE',  ( 0.000000000000000000, 1.000000000000000000, 0.000000000000000000 ) ) ;
#2855 = DIRECTION ( 'NONE',  ( 0.000000000000000000, 0.000000000000000000, -1.000000000000000000 ) ) ;
#2856 = LINE ( 'NONE', #9982, #6832 ) ;
#2857 = ORIENTED_EDGE ( 'NONE', *, *, #9292, .T. ) ;
#2858 = EDGE_CURVE ( 'NONE', #3020, #3131, #2740, .T. ) ;
#2859 = CARTESIAN_POINT ( 'NONE',  ( -0.6299999999999982281, 0.1999999999999999833, 2.100000000000000089 ) ) ;
#2860 = DIRECTION ( 'NONE',  ( -0.000000000000000000, 0.000000000000000000, -1.000000000000000000 ) ) ;
#2861 = VECTOR ( 'NONE', #2456, 1000.000000000000000 ) ;
#2862 = EDGE_LOOP ( 'NONE', ( #8567, #1734, #3676, #2245 ) ) ;
#2863 = DIRECTION ( 'NONE',  ( -1.000000000000000000, 0.000000000000000000, -0.000000000000000000 ) ) ;
#2865 = ADVANCED_FACE ( 'NONE', ( #9703 ), #3194, .F. ) ;
#2864 = VERTEX_POINT ( 'NONE', #7743 ) ;
#2867 = VECTOR ( 'NONE', #4140, 1000.000000000000000 ) ;
#2866 = MECHANICAL_DESIGN_GEOMETRIC_PRESENTATION_REPRESENTATION (  '', ( #9048 ), #3760 ) ;
#2868 = EDGE_LOOP ( 'NONE', ( #5259, #5878, #3871, #9528 ) ) ;
#2869 = DIRECTION ( 'NONE',  ( -0.000000000000000000, -1.000000000000000000, -0.000000000000000000 ) ) ;
#2870 = ORIENTED_EDGE ( 'NONE', *, *, #412, .F. ) ;
#2871 = EDGE_CURVE ( 'NONE', #732, #6635, #2489, .T. ) ;
#2872 = EDGE_CURVE ( 'NONE', #237, #9817, #3465, .T. ) ;
#2873 = LINE ( 'NONE', #8572, #2255 ) ;
#2874 = FACE_OUTER_BOUND ( 'NONE', #1304, .T. ) ;
#2875 = FACE_OUTER_BOUND ( 'NONE', #3723, .T. ) ;
#2876 = EDGE_LOOP ( 'NONE', ( #4791, #5218, #2624, #7394 ) ) ;
#2877 = ORIENTED_EDGE ( 'NONE', *, *, #7502, .T. ) ;
#2878 = DIRECTION ( 'NONE',  ( -0.000000000000000000, -0.000000000000000000, 1.000000000000000000 ) ) ;
#2879 = CARTESIAN_POINT ( 'NONE',  ( -2.500000000000002220, 0.04999999999999969746, -1.130000000000000338 ) ) ;
#2880 = VECTOR ( 'NONE', #6684, 1000.000000000000000 ) ;
#2881 = EDGE_CURVE ( 'NONE', #9698, #1064, #2247, .T. ) ;
#2882 = LINE ( 'NONE', #4968, #3597 ) ;
#2883 = ORIENTED_EDGE ( 'NONE', *, *, #6959, .F. ) ;
#2884 = VECTOR ( 'NONE', #6019, 1000.000000000000000 ) ;
#2885 = ORIENTED_EDGE ( 'NONE', *, *, #9165, .T. ) ;
#2886 =( NAMED_UNIT ( * ) SI_UNIT ( $, .STERADIAN. ) SOLID_ANGLE_UNIT ( ) );
#2887 = DIRECTION ( 'NONE',  ( 1.000000000000000000, 0.000000000000000000, -0.000000000000000000 ) ) ;
#2888 = DIRECTION ( 'NONE',  ( -1.000000000000000000, 0.000000000000000000, 3.614007241618342065E-15 ) ) ;
#2889 = PLANE ( 'NONE',  #332 ) ;
#2890 = VECTOR ( 'NONE', #8939, 1000.000000000000000 ) ;
#2891 = LINE ( 'NONE', #5963, #3849 ) ;
#2892 = ORIENTED_EDGE ( 'NONE', *, *, #7879, .T. ) ;
#2893 = LINE ( 'NONE', #9867, #5179 ) ;
#2894 = VERTEX_POINT ( 'NONE', #2221 ) ;
#2895 = ADVANCED_FACE ( 'NONE', ( #8372 ), #1868, .T. ) ;
#2896 = CARTESIAN_POINT ( 'NONE',  ( 2.500000000000002220, 0.6664761515876249653, 0.8699999999999996625 ) ) ;
#2897 = LINE ( 'NONE', #5845, #8650 ) ;
#2898 = CARTESIAN_POINT ( 'NONE',  ( 2.100000000000001865, 0.1999999999999999833, -0.3700000000000018274 ) ) ;
#2899 = EDGE_CURVE ( 'NONE', #9834, #4075, #9934, .T. ) ;
#2900 = CARTESIAN_POINT ( 'NONE',  ( 2.100000000000001865, 0.000000000000000000, -0.6300000000000003375 ) ) ;
#2901 = VECTOR ( 'NONE', #4539, 1000.000000000000000 ) ;
#2902 = ORIENTED_EDGE ( 'NONE', *, *, #5829, .F. ) ;
#2903 = LINE ( 'NONE', #478, #9610 ) ;
#2904 = ORIENTED_EDGE ( 'NONE', *, *, #3707, .T. ) ;
#2905 = DIRECTION ( 'NONE',  ( 0.000000000000000000, 0.000000000000000000, 1.000000000000000000 ) ) ;
#2906 = CARTESIAN_POINT ( 'NONE',  ( 0.000000000000000000, 0.2000000000000000111, 0.000000000000000000 ) ) ;
#2907 = LINE ( 'NONE', #7245, #3627 ) ;
#2908 = ADVANCED_FACE ( 'NONE', ( #9340 ), #1704, .F. ) ;
#2909 = ORIENTED_EDGE ( 'NONE', *, *, #4961, .T. ) ;
#2910 = SURFACE_SIDE_STYLE ('',( #2446 ) ) ;
#2911 = PLANE ( 'NONE',  #7892 ) ;
#2912 = VECTOR ( 'NONE', #754, 1000.000000000000000 ) ;
#2913 = VERTEX_POINT ( 'NONE', #1837 ) ;
#2914 = FACE_OUTER_BOUND ( 'NONE', #9393, .T. ) ;
#2915 = AXIS2_PLACEMENT_3D ( 'NONE', #5049, #2083, #2814 ) ;
#2916 = ORIENTED_EDGE ( 'NONE', *, *, #8523, .T. ) ;
#2917 = EDGE_CURVE ( 'NONE', #9322, #6633, #3813, .T. ) ;
#2918 = ORIENTED_EDGE ( 'NONE', *, *, #5055, .T. ) ;
#2919 = DIRECTION ( 'NONE',  ( 2.710505431213760691E-15, 0.000000000000000000, 1.000000000000000000 ) ) ;
#2920 = ORIENTED_EDGE ( 'NONE', *, *, #1305, .T. ) ;
#2921 = SURFACE_STYLE_USAGE ( .BOTH. , #8182 ) ;
#2922 = FACE_OUTER_BOUND ( 'NONE', #301, .T. ) ;
#2923 = ORIENTED_EDGE ( 'NONE', *, *, #8307, .T. ) ;
#2924 = VECTOR ( 'NONE', #4932, 1000.000000000000000 ) ;
#2925 = PLANE ( 'NONE',  #1083 ) ;
#2926 = CARTESIAN_POINT ( 'NONE',  ( -0.8700000000000001066, 0.6664761515876257425, -2.500000000000000444 ) ) ;
#2927 = ORIENTED_EDGE ( 'NONE', *, *, #3052, .T. ) ;
#2928 = CARTESIAN_POINT ( 'NONE',  ( -1.629999999999999671, 0.000000000000000000, -2.500000000000000444 ) ) ;
#2929 = LINE ( 'NONE', #8297, #1694 ) ;
#2930 = EDGE_LOOP ( 'NONE', ( #7233, #3702, #2633, #5821 ) ) ;
#2931 = EDGE_CURVE ( 'NONE', #7723, #3861, #7657, .T. ) ;
#2932 = VECTOR ( 'NONE', #1160, 1000.000000000000000 ) ;
#2933 = CARTESIAN_POINT ( 'NONE',  ( -2.100000000000001865, 0.6664761515876249653, -0.1300000000000003375 ) ) ;
#2934 = ORIENTED_EDGE ( 'NONE', *, *, #7792, .F. ) ;
#2935 = DIRECTION ( 'NONE',  ( -1.000000000000000000, 0.000000000000000000, 3.614007241618325499E-15 ) ) ;
#2936 = CARTESIAN_POINT ( 'NONE',  ( -2.100000000000001865, 0.6664761515876249653, -0.8700000000000018829 ) ) ;
#2937 = CARTESIAN_POINT ( 'NONE',  ( 2.500000000000002220, 0.6664761515876249653, 0.8699999999999996625 ) ) ;
#2938 = VECTOR ( 'NONE', #9812, 1000.000000000000000 ) ;
#2939 = ORIENTED_EDGE ( 'NONE', *, *, #6516, .F. ) ;
#2940 = DIRECTION ( 'NONE',  ( -1.000000000000000000, 0.000000000000000000, -0.000000000000000000 ) ) ;
#2941 = EDGE_CURVE ( 'NONE', #7355, #9698, #7556, .T. ) ;
#2942 = ORIENTED_EDGE ( 'NONE', *, *, #4975, .F. ) ;
#2943 = AXIS2_PLACEMENT_3D ( 'NONE', #8606, #7808, #6335 ) ;
#2944 = CARTESIAN_POINT ( 'NONE',  ( -2.100000000000001865, 0.05000000000000002359, 1.629999999999998117 ) ) ;
#2946 = ADVANCED_FACE ( 'NONE', ( #1163 ), #7895, .T. ) ;
#2945 = LINE ( 'NONE', #7047, #6805 ) ;
#2947 = ORIENTED_EDGE ( 'NONE', *, *, #4495, .T. ) ;
#2948 = DIRECTION ( 'NONE',  ( 0.000000000000000000, 0.000000000000000000, -1.000000000000000000 ) ) ;
#2949 = DIRECTION ( 'NONE',  ( 0.000000000000000000, 1.000000000000000000, 0.000000000000000000 ) ) ;
#2950 = DIRECTION ( 'NONE',  ( 1.000000000000000000, 0.000000000000000000, -3.614007241618325499E-15 ) ) ;
#2951 = VECTOR ( 'NONE', #5109, 1000.000000000000000 ) ;
#2952 = PLANE ( 'NONE',  #5915 ) ;
#2953 = EDGE_CURVE ( 'NONE', #3130, #711, #4039, .T. ) ;
#2954 = CARTESIAN_POINT ( 'NONE',  ( -0.3699999999999994404, 0.04999999999999969746, 2.500000000000001332 ) ) ;
#2955 = DIRECTION ( 'NONE',  ( 0.000000000000000000, 1.000000000000000000, 0.000000000000000000 ) ) ;
#2956 = UNCERTAINTY_MEASURE_WITH_UNIT (LENGTH_MEASURE( 1.000000000000000082E-05 ), #4677, 'distance_accuracy_value', 'NONE');
#2957 = VERTEX_POINT ( 'NONE', #5589 ) ;
#2958 = DIRECTION ( 'NONE',  ( 3.614007241618325499E-15, 0.000000000000000000, 1.000000000000000000 ) ) ;
#2959 = PRESENTATION_LAYER_ASSIGNMENT (  '', '', ( #2431 ) ) ;
#2960 = ORIENTED_EDGE ( 'NONE', *, *, #3116, .T. ) ;
#2961 = ADVANCED_FACE ( 'NONE', ( #1867 ), #6358, .F. ) ;
#2962 = CARTESIAN_POINT ( 'NONE',  ( 0.000000000000000000, 0.2000000000000000111, 0.000000000000000000 ) ) ;
#2963 = AXIS2_PLACEMENT_3D ( 'NONE', #2792, #5707, #1142 ) ;
#2964 = ORIENTED_EDGE ( 'NONE', *, *, #4019, .F. ) ;
#2965 = LINE ( 'NONE', #2652, #751 ) ;
#2966 = CARTESIAN_POINT ( 'NONE',  ( -0.6299999999999996714, 0.2000000000000000111, -2.500000000000000444 ) ) ;
#2967 = ORIENTED_EDGE ( 'NONE', *, *, #4081, .T. ) ;
#2968 = CARTESIAN_POINT ( 'NONE',  ( -2.100000000000001865, 0.1999999999999999833, 0.3699999999999996625 ) ) ;
#2969 = CARTESIAN_POINT ( 'NONE',  ( 1.630000000000000338, 0.2000000000000000111, 2.100000000000000977 ) ) ;
#2970 = DIRECTION ( 'NONE',  ( -1.000000000000000000, 0.000000000000000000, 3.614007241618325499E-15 ) ) ;
#2971 = ORIENTED_EDGE ( 'NONE', *, *, #2829, .F. ) ;
#2972 = PLANE ( 'NONE',  #7416 ) ;
#2973 = CARTESIAN_POINT ( 'NONE',  ( 1.630000000000000338, 0.04999999999999999584, 2.100000000000000977 ) ) ;
#2974 = EDGE_CURVE ( 'NONE', #3114, #3807, #6002, .T. ) ;
#2975 = ORIENTED_EDGE ( 'NONE', *, *, #6168, .F. ) ;
#2976 = VECTOR ( 'NONE', #8896, 1000.000000000000000 ) ;
#2977 = VERTEX_POINT ( 'NONE', #3367 ) ;
#2978 = ORIENTED_EDGE ( 'NONE', *, *, #1725, .T. ) ;
#2979 = DIRECTION ( 'NONE',  ( -1.000000000000000000, 0.000000000000000000, 3.614007241618325499E-15 ) ) ;
#2980 = EDGE_CURVE ( 'NONE', #3812, #2152, #1625, .T. ) ;
#2981 = EDGE_LOOP ( 'NONE', ( #9031, #8940, #4013, #5133 ) ) ;
#2982 = VECTOR ( 'NONE', #4878, 1000.000000000000000 ) ;
#2983 = LINE ( 'NONE', #4688, #3456 ) ;
#2984 = EDGE_CURVE ( 'NONE', #3602, #2198, #2748, .T. ) ;
#2985 = VECTOR ( 'NONE', #3931, 1000.000000000000000 ) ;
#2986 = ORIENTED_EDGE ( 'NONE', *, *, #9094, .F. ) ;
#2987 = DIRECTION ( 'NONE',  ( 0.000000000000000000, 1.000000000000000000, 0.000000000000000000 ) ) ;
#2988 = ORIENTED_EDGE ( 'NONE', *, *, #3317, .T. ) ;
#2989 = DIRECTION ( 'NONE',  ( 0.000000000000000000, 0.000000000000000000, -1.000000000000000000 ) ) ;
#2990 = CARTESIAN_POINT ( 'NONE',  ( -0.8699999999999996625, 0.6664761515876257425, 2.100000000000000977 ) ) ;
#2991 = ADVANCED_FACE ( 'NONE', ( #7438 ), #4870, .F. ) ;
#2992 = LINE ( 'NONE', #6933, #1289 ) ;
#2993 = CARTESIAN_POINT ( 'NONE',  ( 1.870000000000001439, 0.2000000000000000111, -2.100000000000000089 ) ) ;
#2994 = FACE_OUTER_BOUND ( 'NONE', #4507, .T. ) ;
#2995 = CLOSED_SHELL ( 'NONE', ( #5876, #2518, #6122, #1503, #8958, #8428 ) ) ;
#2996 = VERTEX_POINT ( 'NONE', #8635 ) ;
#2997 = EDGE_CURVE ( 'NONE', #3713, #1731, #297, .T. ) ;
#2998 = CARTESIAN_POINT ( 'NONE',  ( 1.870000000000001439, 0.000000000000000000, -2.100000000000000089 ) ) ;
#2999 = ADVANCED_FACE ( 'NONE', ( #8879 ), #2737, .F. ) ;
#3000 = VECTOR ( 'NONE', #8793, 1000.000000000000000 ) ;
#3001 = ORIENTED_EDGE ( 'NONE', *, *, #517, .T. ) ;
#3002 = LINE ( 'NONE', #3307, #6619 ) ;
#3003 = DIRECTION ( 'NONE',  ( 0.000000000000000000, -1.000000000000000000, 0.000000000000000000 ) ) ;
#3004 = EDGE_LOOP ( 'NONE', ( #1628, #2435, #8285, #4483 ) ) ;
#3005 = AXIS2_PLACEMENT_3D ( 'NONE', #4681, #2504, #4783 ) ;
#3006 = EDGE_CURVE ( 'NONE', #8241, #7303, #2498, .T. ) ;
#3007 = LINE ( 'NONE', #194, #8768 ) ;
#3008 = EDGE_LOOP ( 'NONE', ( #4741, #8058, #4823, #6119 ) ) ;
#3009 = FACE_OUTER_BOUND ( 'NONE', #7616, .T. ) ;
#3010 = ORIENTED_EDGE ( 'NONE', *, *, #5714, .T. ) ;
#3011 = FILL_AREA_STYLE ('',( #501 ) ) ;
#3012 = ORIENTED_EDGE ( 'NONE', *, *, #3415, .F. ) ;
#3013 = MANIFOLD_SOLID_BREP ( 'LPattern3[5]', #9327 ) ;
#3014 = LINE ( 'NONE', #6620, #3364 ) ;
#3015 = CARTESIAN_POINT ( 'NONE',  ( 0.6299999999999998934, 0.2000000000000000111, -2.100000000000000089 ) ) ;
#3016 = LINE ( 'NONE', #5480, #4807 ) ;
#3017 = VERTEX_POINT ( 'NONE', #5015 ) ;
#3018 = VECTOR ( 'NONE', #5493, 1000.000000000000000 ) ;
#3019 = CARTESIAN_POINT ( 'NONE',  ( -0.6299999999999985612, 0.1999999999999999833, -2.100000000000000089 ) ) ;
#3020 = VERTEX_POINT ( 'NONE', #6500 ) ;
#3021 = DIRECTION ( 'NONE',  ( -0.000000000000000000, 0.000000000000000000, 1.000000000000000000 ) ) ;
#3022 = DIRECTION ( 'NONE',  ( -0.000000000000000000, -1.000000000000000000, -0.000000000000000000 ) ) ;
#3023 = EDGE_CURVE ( 'NONE', #7621, #3971, #6851, .T. ) ;
#3024 = CARTESIAN_POINT ( 'NONE',  ( 0.6299999999999998934, 0.000000000000000000, -2.500000000000000444 ) ) ;
#3025 = VECTOR ( 'NONE', #3619, 1000.000000000000000 ) ;
#3026 = ORIENTED_EDGE ( 'NONE', *, *, #9602, .F. ) ;
#3027 = DIRECTION ( 'NONE',  ( -5.421010862427520198E-16, 0.000000000000000000, -1.000000000000000000 ) ) ;
#3028 = ORIENTED_EDGE ( 'NONE', *, *, #8735, .F. ) ;
#3029 = VECTOR ( 'NONE', #2869, 1000.000000000000000 ) ;
#3030 = ORIENTED_EDGE ( 'NONE', *, *, #6088, .T. ) ;
#3031 = CARTESIAN_POINT ( 'NONE',  ( 2.100000000000001865, 0.1999999999999999833, 1.869999999999999662 ) ) ;
#3032 = CARTESIAN_POINT ( 'NONE',  ( 1.130000000000000338, 0.04999999999999999584, 2.100000000000000977 ) ) ;
#3033 = VECTOR ( 'NONE', #1139, 1000.000000000000000 ) ;
#3034 = AXIS2_PLACEMENT_3D ( 'NONE', #4967, #9731, #2138 ) ;
#3035 = ORIENTED_EDGE ( 'NONE', *, *, #1735, .F. ) ;
#3036 = ADVANCED_FACE ( 'NONE', ( #2132 ), #1169, .T. ) ;
#3037 = LINE ( 'NONE', #7277, #4960 ) ;
#3038 = VECTOR ( 'NONE', #7163, 1000.000000000000000 ) ;
#3039 = EDGE_CURVE ( 'NONE', #1638, #1826, #5885, .T. ) ;
#3040 = VERTEX_POINT ( 'NONE', #5837 ) ;
#3041 = CARTESIAN_POINT ( 'NONE',  ( 2.500000000000002220, 0.1999999999999999833, -0.3700000000000018274 ) ) ;
#3042 = PRODUCT_DEFINITION_CONTEXT ( 'detailed design', #6794, 'design' ) ;
#3043 = DIRECTION ( 'NONE',  ( 0.000000000000000000, 0.000000000000000000, 1.000000000000000000 ) ) ;
#3044 = VECTOR ( 'NONE', #4486, 1000.000000000000000 ) ;
#3045 = ORIENTED_EDGE ( 'NONE', *, *, #2730, .F. ) ;
#3046 = CARTESIAN_POINT ( 'NONE',  ( -1.369999999999999662, 0.04999999999999999584, 2.100000000000000977 ) ) ;
#3047 = EDGE_LOOP ( 'NONE', ( #1548, #4904, #1484, #9342 ) ) ;
#3048 = ADVANCED_FACE ( 'NONE', ( #4176 ), #4208, .F. ) ;
#3049 = VERTEX_POINT ( 'NONE', #380 ) ;
#3050 = CARTESIAN_POINT ( 'NONE',  ( -2.100000000000001865, 0.000000000000000000, 1.369999999999999662 ) ) ;
#3051 = LINE ( 'NONE', #382, #4251 ) ;
#3052 = EDGE_CURVE ( 'NONE', #1108, #1029, #52, .T. ) ;
#3053 = ORIENTED_EDGE ( 'NONE', *, *, #5165, .T. ) ;
#3054 = DIRECTION ( 'NONE',  ( 1.000000000000000000, 0.000000000000000000, -0.000000000000000000 ) ) ;
#3055 = CARTESIAN_POINT ( 'NONE',  ( 2.100000000000001865, 0.1999999999999999833, -1.630000000000000338 ) ) ;
#3056 = VERTEX_POINT ( 'NONE', #3575 ) ;
#3057 = PLANE ( 'NONE',  #7268 ) ;
#3058 = CARTESIAN_POINT ( 'NONE',  ( 1.130000000000000338, 0.2000000000000000111, 2.100000000000000977 ) ) ;
#3059 = DIRECTION ( 'NONE',  ( -1.000000000000000000, 0.000000000000000000, 3.614007241618342065E-15 ) ) ;
#3060 = FACE_OUTER_BOUND ( 'NONE', #8192, .T. ) ;
#3061 = ORIENTED_EDGE ( 'NONE', *, *, #2372, .T. ) ;
#3062 = EDGE_CURVE ( 'NONE', #1995, #9601, #8017, .T. ) ;
#3063 = EDGE_LOOP ( 'NONE', ( #5302, #9556, #4112, #4735 ) ) ;
#3064 =( GEOMETRIC_REPRESENTATION_CONTEXT ( 3 ) GLOBAL_UNCERTAINTY_ASSIGNED_CONTEXT ( ( #5036 ) ) GLOBAL_UNIT_ASSIGNED_CONTEXT ( ( #7748, #5465, #766 ) ) REPRESENTATION_CONTEXT ( 'NONE', 'WORKASPACE' ) );
#3065 = DIRECTION ( 'NONE',  ( 1.000000000000000000, 0.000000000000000000, -0.000000000000000000 ) ) ;
#3066 = VECTOR ( 'NONE', #5961, 1000.000000000000000 ) ;
#3067 = ORIENTED_EDGE ( 'NONE', *, *, #7374, .T. ) ;
#3068 = DIRECTION ( 'NONE',  ( 0.000000000000000000, 0.000000000000000000, -1.000000000000000000 ) ) ;
#3069 = VECTOR ( 'NONE', #9223, 1000.000000000000000 ) ;
#3070 = ORIENTED_EDGE ( 'NONE', *, *, #9292, .F. ) ;
#3071 = CARTESIAN_POINT ( 'NONE',  ( -2.100000000000001865, 0.6664761515876249653, -1.870000000000001883 ) ) ;
#3072 = FACE_OUTER_BOUND ( 'NONE', #4514, .T. ) ;
#3073 = AXIS2_PLACEMENT_3D ( 'NONE', #7620, #3793, #5350 ) ;
#3074 = ORIENTED_EDGE ( 'NONE', *, *, #3626, .T. ) ;
#3075 = PLANE ( 'NONE',  #8813 ) ;
#3076 = EDGE_CURVE ( 'NONE', #8872, #3131, #674, .T. ) ;
#3077 = ADVANCED_FACE ( 'NONE', ( #2874 ), #8959, .T. ) ;
#3078 = VECTOR ( 'NONE', #9388, 1000.000000000000000 ) ;
#3079 = ORIENTED_EDGE ( 'NONE', *, *, #878, .F. ) ;
#3080 = DIRECTION ( 'NONE',  ( 1.000000000000000000, -0.000000000000000000, -0.000000000000000000 ) ) ;
#3081 = DIRECTION ( 'NONE',  ( -1.000000000000000000, 0.000000000000000000, 0.000000000000000000 ) ) ;
#3082 = VECTOR ( 'NONE', #8100, 1000.000000000000000 ) ;
#3083 = ORIENTED_EDGE ( 'NONE', *, *, #5263, .T. ) ;
#3084 = DIRECTION ( 'NONE',  ( 1.000000000000000000, -0.000000000000000000, 0.000000000000000000 ) ) ;
#3085 = CARTESIAN_POINT ( 'NONE',  ( -2.100000000000001865, 0.6664761515876249653, -1.130000000000000338 ) ) ;
#3086 = ORIENTED_EDGE ( 'NONE', *, *, #4845, .T. ) ;
#3087 = CARTESIAN_POINT ( 'NONE',  ( 0.1300000000000003375, 0.6664761515876257425, 2.100000000000000977 ) ) ;
#3088 = AXIS2_PLACEMENT_3D ( 'NONE', #9041, #1456, #7550 ) ;
#3089 = VECTOR ( 'NONE', #7996, 1000.000000000000000 ) ;
#3090 = ORIENTED_EDGE ( 'NONE', *, *, #167, .T. ) ;
#3091 = EDGE_CURVE ( 'NONE', #1981, #7578, #2256, .T. ) ;
#3092 = ADVANCED_FACE ( 'NONE', ( #6725 ), #2246, .T. ) ;
#3093 = ORIENTED_EDGE ( 'NONE', *, *, #7553, .F. ) ;
#3094 = DIRECTION ( 'NONE',  ( 0.000000000000000000, -1.000000000000000000, 0.000000000000000000 ) ) ;
#3095 = FACE_OUTER_BOUND ( 'NONE', #8484, .T. ) ;
#3096 = PRESENTATION_STYLE_ASSIGNMENT (( #9554 ) ) ;
#3097 = ORIENTED_EDGE ( 'NONE', *, *, #7030, .F. ) ;
#3098 = DIRECTION ( 'NONE',  ( 0.000000000000000000, 0.000000000000000000, 1.000000000000000000 ) ) ;
#3099 = EDGE_CURVE ( 'NONE', #5531, #6451, #5028, .T. ) ;
#3100 = ORIENTED_EDGE ( 'NONE', *, *, #5818, .F. ) ;
#3101 = CARTESIAN_POINT ( 'NONE',  ( 1.370000000000001883, 0.1999999999999999833, 2.100000000000000089 ) ) ;
#3102 = EDGE_CURVE ( 'NONE', #431, #9010, #7666, .T. ) ;
#3103 = LINE ( 'NONE', #1206, #1877 ) ;
#3104 = CARTESIAN_POINT ( 'NONE',  ( 2.100000000000001865, 0.05000000000000002359, -0.3700000000000018274 ) ) ;
#3105 = FACE_OUTER_BOUND ( 'NONE', #3250, .T. ) ;
#3106 = ORIENTED_EDGE ( 'NONE', *, *, #7612, .T. ) ;
#3107 = VECTOR ( 'NONE', #2609, 1000.000000000000000 ) ;
#3108 = ORIENTED_EDGE ( 'NONE', *, *, #7418, .T. ) ;
#3109 = CARTESIAN_POINT ( 'NONE',  ( -1.629999999999999005, 0.2000000000000000111, 2.500000000000000444 ) ) ;
#3110 = CARTESIAN_POINT ( 'NONE',  ( -2.100000000000001865, 0.6664761515876249653, 1.629999999999998117 ) ) ;
#3111 = LINE ( 'NONE', #7266, #312 ) ;
#3112 = EDGE_CURVE ( 'NONE', #980, #169, #426, .T. ) ;
#3113 =( NAMED_UNIT ( * ) PLANE_ANGLE_UNIT ( ) SI_UNIT ( $, .RADIAN. ) );
#3114 = VERTEX_POINT ( 'NONE', #4601 ) ;
#3115 = VECTOR ( 'NONE', #2143, 1000.000000000000000 ) ;
#3116 = EDGE_CURVE ( 'NONE', #4687, #4883, #8619, .T. ) ;
#3117 = VERTEX_POINT ( 'NONE', #681 ) ;
#3118 = VECTOR ( 'NONE', #3548, 1000.000000000000000 ) ;
#3119 = FACE_OUTER_BOUND ( 'NONE', #6945, .T. ) ;
#3120 = VERTEX_POINT ( 'NONE', #8357 ) ;
#3121 = LINE ( 'NONE', #8310, #4093 ) ;
#3122 = DIRECTION ( 'NONE',  ( -0.000000000000000000, 0.000000000000000000, 1.000000000000000000 ) ) ;
#3123 = ADVANCED_FACE ( 'NONE', ( #3331 ), #4510, .T. ) ;
#3124 = VERTEX_POINT ( 'NONE', #9967 ) ;
#3125 = EDGE_CURVE ( 'NONE', #4701, #7180, #2992, .T. ) ;
#3126 = PLANE ( 'NONE',  #16 ) ;
#3127 = CARTESIAN_POINT ( 'NONE',  ( 1.800000000000000044, 5.291168824543142968, -1.799999999999999822 ) ) ;
#3128 = AXIS2_PLACEMENT_3D ( 'NONE', #7447, #8239, #4487 ) ;
#3129 = VECTOR ( 'NONE', #6424, 1000.000000000000000 ) ;
#3130 = VERTEX_POINT ( 'NONE', #4537 ) ;
#3131 = VERTEX_POINT ( 'NONE', #1527 ) ;
#3132 = LINE ( 'NONE', #6915, #6995 ) ;
#3133 = EDGE_LOOP ( 'NONE', ( #418, #4105, #5608, #3530 ) ) ;
#3134 = LINE ( 'NONE', #1814, #4219 ) ;
#3135 = DIRECTION ( 'NONE',  ( 3.614007241618325499E-15, -0.000000000000000000, 1.000000000000000000 ) ) ;
#3136 = ORIENTED_EDGE ( 'NONE', *, *, #2605, .F. ) ;
#3137 = ADVANCED_FACE ( 'NONE', ( #3823 ), #6811, .F. ) ;
#3138 = ORIENTED_EDGE ( 'NONE', *, *, #2084, .F. ) ;
#3139 = LINE ( 'NONE', #2771, #7362 ) ;
#3140 = ORIENTED_EDGE ( 'NONE', *, *, #762, .T. ) ;
#3141 = CARTESIAN_POINT ( 'NONE',  ( 0.3700000000000013833, 0.6664761515876257425, -2.100000000000000089 ) ) ;
#3142 = CARTESIAN_POINT ( 'NONE',  ( 1.370000000000001883, 0.2000000000000000111, 2.100000000000000089 ) ) ;
#3143 = LINE ( 'NONE', #5242, #8203 ) ;
#3144 = ORIENTED_EDGE ( 'NONE', *, *, #1030, .T. ) ;
#3145 = CARTESIAN_POINT ( 'NONE',  ( -2.500000000000001332, 0.2000000000000005107, -0.6300000000000003375 ) ) ;
#3146 = STYLED_ITEM ( 'NONE', ( #5929 ), #3929 ) ;
#3147 = CARTESIAN_POINT ( 'NONE',  ( -1.629999999999998561, 0.000000000000000000, -2.100000000000000089 ) ) ;
#3148 = VERTEX_POINT ( 'NONE', #5382 ) ;
#3149 = DIRECTION ( 'NONE',  ( 0.000000000000000000, -0.000000000000000000, -1.000000000000000000 ) ) ;
#3150 = EDGE_CURVE ( 'NONE', #5811, #3424, #9006, .T. ) ;
#3151 = CARTESIAN_POINT ( 'NONE',  ( -1.129999999999999005, 0.2000000000000000111, 2.500000000000000444 ) ) ;
#3152 = DIRECTION ( 'NONE',  ( 0.000000000000000000, 1.000000000000000000, 0.000000000000000000 ) ) ;
#3153 = LINE ( 'NONE', #8513, #3653 ) ;
#3154 = ORIENTED_EDGE ( 'NONE', *, *, #2425, .F. ) ;
#3155 = LINE ( 'NONE', #227, #3988 ) ;
#3156 = EDGE_LOOP ( 'NONE', ( #8822, #8885, #6380, #202, #8291, #3917, #3537, #918, #3165, #7886, #7219, #7687, #3877, #7102, #6179, #6288, #8583, #8201, #4036, #3779, #6731, #8588, #5125, #3083, #6363, #607, #5159, #893, #3316, #4256, #4535, #600, #5561, #2927, #7351, #748 ) ) ;
#3157 = DIRECTION ( 'NONE',  ( 0.000000000000000000, -1.000000000000000000, 0.000000000000000000 ) ) ;
#3158 = EDGE_CURVE ( 'NONE', #87, #4984, #6465, .T. ) ;
#3159 = AXIS2_PLACEMENT_3D ( 'NONE', #1145, #8011, #4962 ) ;
#3160 = ORIENTED_EDGE ( 'NONE', *, *, #9791, .F. ) ;
#3161 = EDGE_CURVE ( 'NONE', #5933, #39, #7201, .T. ) ;
#3162 = DIRECTION ( 'NONE',  ( 1.000000000000000000, 0.000000000000000000, -3.614007241618325499E-15 ) ) ;
#3163 = DIRECTION ( 'NONE',  ( 2.168404344971008079E-15, -0.000000000000000000, -1.000000000000000000 ) ) ;
#3164 = DIRECTION ( 'NONE',  ( -0.000000000000000000, -1.000000000000000000, -0.000000000000000000 ) ) ;
#3165 = ORIENTED_EDGE ( 'NONE', *, *, #6677, .F. ) ;
#3166 = DIRECTION ( 'NONE',  ( 0.000000000000000000, -1.000000000000000000, 0.000000000000000000 ) ) ;
#3167 = VERTEX_POINT ( 'NONE', #6133 ) ;
#3168 = ORIENTED_EDGE ( 'NONE', *, *, #744, .T. ) ;
#3169 = EDGE_CURVE ( 'NONE', #8532, #2216, #1749, .T. ) ;
#3170 = LINE ( 'NONE', #1993, #3066 ) ;
#3171 = ADVANCED_FACE ( 'NONE', ( #3095 ), #9904, .F. ) ;
#3172 = CARTESIAN_POINT ( 'NONE',  ( -2.500000000000002220, 0.000000000000000000, -0.8700000000000018829 ) ) ;
#3173 = DIRECTION ( 'NONE',  ( -2.168404344971008079E-15, 0.000000000000000000, 1.000000000000000000 ) ) ;
#3174 = CARTESIAN_POINT ( 'NONE',  ( -1.370000000000000107, 0.6664761515876257425, -2.500000000000000444 ) ) ;
#3175 = ORIENTED_EDGE ( 'NONE', *, *, #9776, .F. ) ;
#3176 = CARTESIAN_POINT ( 'NONE',  ( -0.8699999999999996625, 0.000000000000000000, 2.100000000000000977 ) ) ;
#3177 = LINE ( 'NONE', #5006, #1122 ) ;
#3178 = ORIENTED_EDGE ( 'NONE', *, *, #8138, .T. ) ;
#3179 = VECTOR ( 'NONE', #4787, 1000.000000000000000 ) ;
#3180 = EDGE_CURVE ( 'NONE', #5997, #355, #543, .T. ) ;
#3183 = ADVANCED_FACE ( 'NONE', ( #5875 ), #1493, .F. ) ;
#3182 = EDGE_LOOP ( 'NONE', ( #3470, #6346, #5844, #7939 ) ) ;
#3181 = AXIS2_PLACEMENT_3D ( 'NONE', #3141, #9925, #797 ) ;
#3184 = DIRECTION ( 'NONE',  ( -2.710505431213760296E-15, 0.000000000000000000, -1.000000000000000000 ) ) ;
#3185 = DIRECTION ( 'NONE',  ( 1.000000000000000000, -0.000000000000000000, 0.000000000000000000 ) ) ;
#3186 = LINE ( 'NONE', #4562, #9687 ) ;
#3187 = ORIENTED_EDGE ( 'NONE', *, *, #4521, .F. ) ;
#3188 = DIRECTION ( 'NONE',  ( -0.000000000000000000, -0.000000000000000000, 1.000000000000000000 ) ) ;
#3189 = CARTESIAN_POINT ( 'NONE',  ( 1.370000000000001439, 0.2000000000000000111, -2.100000000000000089 ) ) ;
#3190 = EDGE_LOOP ( 'NONE', ( #5832, #2725, #6183, #8728 ) ) ;
#3191 = CARTESIAN_POINT ( 'NONE',  ( -2.100000000000001865, 0.05000000000000002359, -0.1300000000000003375 ) ) ;
#3192 =( LENGTH_UNIT ( ) NAMED_UNIT ( * ) SI_UNIT ( .MILLI., .METRE. ) );
#3193 = LINE ( 'NONE', #1665, #2000 ) ;
#3194 = PLANE ( 'NONE',  #6495 ) ;
#3195 = ORIENTED_EDGE ( 'NONE', *, *, #9318, .T. ) ;
#3196 = AXIS2_PLACEMENT_3D ( 'NONE', #2451, #6256, #4753 ) ;
#3197 = ORIENTED_EDGE ( 'NONE', *, *, #6290, .F. ) ;
#3198 = EDGE_CURVE ( 'NONE', #4200, #4489, #3709, .T. ) ;
#3199 = ORIENTED_EDGE ( 'NONE', *, *, #1088, .F. ) ;
#3200 = LINE ( 'NONE', #3408, #5609 ) ;
#3201 = DIRECTION ( 'NONE',  ( -5.421010862427520198E-16, 0.000000000000000000, -1.000000000000000000 ) ) ;
#3202 = CARTESIAN_POINT ( 'NONE',  ( -0.8699999999999994404, 0.6664761515876257425, 2.500000000000001332 ) ) ;
#3203 = FACE_OUTER_BOUND ( 'NONE', #1679, .T. ) ;
#3204 = ORIENTED_EDGE ( 'NONE', *, *, #3942, .F. ) ;
#3205 = CARTESIAN_POINT ( 'NONE',  ( -2.500000000000002220, 0.6664761515876249653, 0.1299999999999981726 ) ) ;
#3206 = ORIENTED_EDGE ( 'NONE', *, *, #839, .T. ) ;
#3207 = DIRECTION ( 'NONE',  ( 0.000000000000000000, -1.000000000000000000, 0.000000000000000000 ) ) ;
#3208 = AXIS2_PLACEMENT_3D ( 'NONE', #7227, #2507, #2546 ) ;
#3209 = LINE ( 'NONE', #6716, #2880 ) ;
#3210 = VECTOR ( 'NONE', #8703, 1000.000000000000000 ) ;
#3211 = EDGE_CURVE ( 'NONE', #6311, #5459, #4763, .T. ) ;
#3212 = CARTESIAN_POINT ( 'NONE',  ( 2.500000000000002220, 0.04999999999999969746, 1.369999999999999662 ) ) ;
#3213 = VECTOR ( 'NONE', #3591, 1000.000000000000000 ) ;
#3214 = VERTEX_POINT ( 'NONE', #4628 ) ;
#3215 = CARTESIAN_POINT ( 'NONE',  ( 2.100000000000001865, 0.000000000000000000, -1.630000000000000338 ) ) ;
#3216 = ORIENTED_EDGE ( 'NONE', *, *, #6404, .T. ) ;
#3217 = ADVANCED_FACE ( 'NONE', ( #1626 ), #5537, .T. ) ;
#3218 = VECTOR ( 'NONE', #9664, 1000.000000000000000 ) ;
#3219 = AXIS2_PLACEMENT_3D ( 'NONE', #7725, #9143, #8483 ) ;
#3220 = CARTESIAN_POINT ( 'NONE',  ( 0.8700000000000014388, 0.000000000000000000, -2.100000000000000089 ) ) ;
#3221 = DIRECTION ( 'NONE',  ( 0.000000000000000000, -1.000000000000000000, 0.000000000000000000 ) ) ;
#3222 = CARTESIAN_POINT ( 'NONE',  ( 1.370000000000000995, 0.000000000000000000, 2.500000000000000444 ) ) ;
#3223 = VECTOR ( 'NONE', #6668, 1000.000000000000000 ) ;
#3224 = VERTEX_POINT ( 'NONE', #907 ) ;
#3225 = VECTOR ( 'NONE', #8610, 1000.000000000000000 ) ;
#3226 = VERTEX_POINT ( 'NONE', #1650 ) ;
#3227 = EDGE_CURVE ( 'NONE', #7145, #6449, #7779, .T. ) ;
#3228 = PRESENTATION_STYLE_ASSIGNMENT (( #1745 ) ) ;
#3229 = ADVANCED_FACE ( 'NONE', ( #2490 ), #6994, .F. ) ;
#3230 = FACE_OUTER_BOUND ( 'NONE', #2183, .T. ) ;
#3231 = ORIENTED_EDGE ( 'NONE', *, *, #3302, .F. ) ;
#3232 = ORIENTED_EDGE ( 'NONE', *, *, #2342, .F. ) ;
#3233 = AXIS2_PLACEMENT_3D ( 'NONE', #2212, #5352, #9142 ) ;
#3234 = DIRECTION ( 'NONE',  ( -0.000000000000000000, 0.000000000000000000, 1.000000000000000000 ) ) ;
#3235 = DIRECTION ( 'NONE',  ( -0.000000000000000000, -1.000000000000000000, -0.000000000000000000 ) ) ;
#3236 = DIRECTION ( 'NONE',  ( 0.000000000000000000, 0.000000000000000000, -1.000000000000000000 ) ) ;
#3237 = PLANE ( 'NONE',  #3005 ) ;
#3238 = UNCERTAINTY_MEASURE_WITH_UNIT (LENGTH_MEASURE( 1.000000000000000082E-05 ), #5678, 'distance_accuracy_value', 'NONE');
#3239 = CARTESIAN_POINT ( 'NONE',  ( 0.6299999999999998934, 0.05000000000000000278, 0.000000000000000000 ) ) ;
#3240 = ORIENTED_EDGE ( 'NONE', *, *, #7625, .T. ) ;
#3241 = EDGE_CURVE ( 'NONE', #7900, #945, #9576, .T. ) ;
#3242 = CARTESIAN_POINT ( 'NONE',  ( 2.500000000000002220, 0.1999999999999999833, -1.630000000000000338 ) ) ;
#3243 = DIRECTION ( 'NONE',  ( 0.000000000000000000, 0.000000000000000000, -1.000000000000000000 ) ) ;
#3244 = SURFACE_SIDE_STYLE ('',( #3355 ) ) ;
#3245 = LINE ( 'NONE', #3724, #2784 ) ;
#3246 = CARTESIAN_POINT ( 'NONE',  ( 1.630000000000000338, 0.2000000000000000111, 2.100000000000000977 ) ) ;
#3247 = VECTOR ( 'NONE', #3744, 1000.000000000000000 ) ;
#3248 = VERTEX_POINT ( 'NONE', #3925 ) ;
#3249 = FACE_OUTER_BOUND ( 'NONE', #8893, .T. ) ;
#3250 = EDGE_LOOP ( 'NONE', ( #2258, #4098, #5867, #8423 ) ) ;
#3251 = DIRECTION ( 'NONE',  ( 0.000000000000000000, -1.000000000000000000, 0.000000000000000000 ) ) ;
#3252 = CARTESIAN_POINT ( 'NONE',  ( -0.1299999999999986167, 0.2000000000000000111, -2.100000000000000089 ) ) ;
#3253 = LINE ( 'NONE', #7831, #3743 ) ;
#3254 = ORIENTED_EDGE ( 'NONE', *, *, #3354, .T. ) ;
#3255 = FACE_OUTER_BOUND ( 'NONE', #3440, .T. ) ;
#3256 = EDGE_CURVE ( 'NONE', #3639, #6862, #2983, .T. ) ;
#3257 = ORIENTED_EDGE ( 'NONE', *, *, #8060, .T. ) ;
#3258 = LINE ( 'NONE', #5182, #7479 ) ;
#3259 = ORIENTED_EDGE ( 'NONE', *, *, #4621, .T. ) ;
#3260 = SURFACE_SIDE_STYLE ('',( #473 ) ) ;
#3261 = CARTESIAN_POINT ( 'NONE',  ( -0.6299999999999982281, 0.2000000000000000111, 2.100000000000000089 ) ) ;
#3262 = AXIS2_PLACEMENT_3D ( 'NONE', #5729, #5839, #7284 ) ;
#3263 = CARTESIAN_POINT ( 'NONE',  ( 0.1299999999999998934, 0.2000000000000000111, -2.100000000000000089 ) ) ;
#3264 = EDGE_CURVE ( 'NONE', #6491, #5324, #897, .T. ) ;
#3265 = LINE ( 'NONE', #6550, #3763 ) ;
#3266 = ORIENTED_EDGE ( 'NONE', *, *, #2590, .F. ) ;
#3267 =( NAMED_UNIT ( * ) PLANE_ANGLE_UNIT ( ) SI_UNIT ( $, .RADIAN. ) );
#3268 = VECTOR ( 'NONE', #4167, 1000.000000000000000 ) ;
#3269 = VECTOR ( 'NONE', #5792, 1000.000000000000000 ) ;
#3270 = VERTEX_POINT ( 'NONE', #23 ) ;
#3271 = DIRECTION ( 'NONE',  ( -0.000000000000000000, -1.000000000000000000, -0.000000000000000000 ) ) ;
#3273 = ADVANCED_FACE ( 'NONE', ( #4041 ), #7056, .T. ) ;
#3272 = VECTOR ( 'NONE', #3895, 1000.000000000000000 ) ;
#3274 = CARTESIAN_POINT ( 'NONE',  ( -2.100000000000001865, 0.6664761515876249653, 0.6299999999999982281 ) ) ;
#3275 = MECHANICAL_DESIGN_GEOMETRIC_PRESENTATION_REPRESENTATION (  '', ( #542 ), #6717 ) ;
#3276 = VERTEX_POINT ( 'NONE', #9320 ) ;
#3277 = CARTESIAN_POINT ( 'NONE',  ( -2.100000000000001865, 0.000000000000000000, 1.869999999999999662 ) ) ;
#3278 = CARTESIAN_POINT ( 'NONE',  ( 2.100000000000001865, 0.1999999999999999833, -0.3700000000000018274 ) ) ;
#3279 = PLANE ( 'NONE',  #9358 ) ;
#3280 = LINE ( 'NONE', #8033, #973 ) ;
#3281 = VERTEX_POINT ( 'NONE', #10007 ) ;
#3282 = EDGE_CURVE ( 'NONE', #3566, #573, #7546, .T. ) ;
#3283 = DIRECTION ( 'NONE',  ( 2.168404344971008079E-15, -0.000000000000000000, -1.000000000000000000 ) ) ;
#3284 = VECTOR ( 'NONE', #2739, 1000.000000000000000 ) ;
#3285 = CARTESIAN_POINT ( 'NONE',  ( -2.100000000000001865, 0.6664761515876249653, 1.369999999999999662 ) ) ;
#3286 = EDGE_LOOP ( 'NONE', ( #603, #4165, #8162, #786 ) ) ;
#3287 = ORIENTED_EDGE ( 'NONE', *, *, #1030, .F. ) ;
#3288 = ADVANCED_FACE ( 'NONE', ( #416 ), #9293, .T. ) ;
#3289 = EDGE_CURVE ( 'NONE', #456, #520, #9329, .T. ) ;
#3290 = DIRECTION ( 'NONE',  ( 0.000000000000000000, 0.000000000000000000, 1.000000000000000000 ) ) ;
#3291 = FACE_OUTER_BOUND ( 'NONE', #4699, .T. ) ;
#3292 = EDGE_CURVE ( 'NONE', #3947, #3020, #5491, .T. ) ;
#3293 = ORIENTED_EDGE ( 'NONE', *, *, #7255, .F. ) ;
#3294 = CARTESIAN_POINT ( 'NONE',  ( -2.500000000000002220, 0.6664761515876249653, 1.129999999999998117 ) ) ;
#3295 = CARTESIAN_POINT ( 'NONE',  ( -2.100000000000001865, 0.6664761515876249653, 0.8699999999999996625 ) ) ;
#3296 = ORIENTED_EDGE ( 'NONE', *, *, #1498, .T. ) ;
#3297 = CARTESIAN_POINT ( 'NONE',  ( 0.6300000000000003375, 0.1999999999999999833, 2.100000000000000977 ) ) ;
#3298 = DIRECTION ( 'NONE',  ( 1.000000000000000000, -0.000000000000000000, -3.614007241618342065E-15 ) ) ;
#3299 = LINE ( 'NONE', #4794, #7642 ) ;
#3300 = PRESENTATION_LAYER_ASSIGNMENT (  '', '', ( #760 ) ) ;
#3301 = ORIENTED_EDGE ( 'NONE', *, *, #7794, .F. ) ;
#3302 = EDGE_CURVE ( 'NONE', #6941, #6674, #1403, .T. ) ;
#3303 = FACE_OUTER_BOUND ( 'NONE', #9881, .T. ) ;
#3304 = ORIENTED_EDGE ( 'NONE', *, *, #7315, .F. ) ;
#3305 =( LENGTH_UNIT ( ) NAMED_UNIT ( * ) SI_UNIT ( .MILLI., .METRE. ) );
#3306 = VECTOR ( 'NONE', #6839, 1000.000000000000000 ) ;
#3307 = CARTESIAN_POINT ( 'NONE',  ( 0.8700000000000009948, 0.2000000000000000111, 2.500000000000000444 ) ) ;
#3308 = PLANE ( 'NONE',  #2809 ) ;
#3309 = MANIFOLD_SOLID_BREP ( 'Boss-Extrude3[2]', #4633 ) ;
#3310 = ORIENTED_EDGE ( 'NONE', *, *, #9165, .F. ) ;
#3311 = CARTESIAN_POINT ( 'NONE',  ( 0.1299999999999998934, 0.04999999999999999584, -2.100000000000000089 ) ) ;
#3312 = CARTESIAN_POINT ( 'NONE',  ( -2.500000000000002220, 0.1999999999999999833, 0.6299999999999982281 ) ) ;
#3313 = AXIS2_PLACEMENT_3D ( 'NONE', #2506, #1815, #4818 ) ;
#3314 = DIRECTION ( 'NONE',  ( 1.000000000000000000, -0.000000000000000000, -0.000000000000000000 ) ) ;
#3315 = LINE ( 'NONE', #393, #8474 ) ;
#3316 = ORIENTED_EDGE ( 'NONE', *, *, #3062, .F. ) ;
#3317 = EDGE_CURVE ( 'NONE', #1134, #732, #8141, .T. ) ;
#3318 = EDGE_LOOP ( 'NONE', ( #176, #6702, #9373, #9403 ) ) ;
#3319 = DIRECTION ( 'NONE',  ( 0.000000000000000000, -0.000000000000000000, 1.000000000000000000 ) ) ;
#3320 = ORIENTED_EDGE ( 'NONE', *, *, #4179, .T. ) ;
#3321 = EDGE_LOOP ( 'NONE', ( #5623, #7509, #1259, #1504 ) ) ;
#3322 = DIRECTION ( 'NONE',  ( -2.168404344971008079E-15, 0.000000000000000000, 1.000000000000000000 ) ) ;
#3323 = CARTESIAN_POINT ( 'NONE',  ( -1.629999999999999005, 0.1999999999999999833, 2.500000000000000444 ) ) ;
#3324 = ORIENTED_EDGE ( 'NONE', *, *, #9540, .F. ) ;
#3325 = PLANE ( 'NONE',  #6291 ) ;
#3326 = CARTESIAN_POINT ( 'NONE',  ( 2.499999999999998668, 0.05000000000000000278, -2.500000000000000444 ) ) ;
#3327 = CARTESIAN_POINT ( 'NONE',  ( -2.100000000000001865, 0.6664761515876249653, -0.6300000000000003375 ) ) ;
#3328 = CARTESIAN_POINT ( 'NONE',  ( 2.100000000000001865, 0.1999999999999999833, 0.8699999999999996625 ) ) ;
#3329 = FACE_OUTER_BOUND ( 'NONE', #3047, .T. ) ;
#3331 = FACE_OUTER_BOUND ( 'NONE', #9779, .T. ) ;
#3330 = AXIS2_PLACEMENT_3D ( 'NONE', #9462, #5759, #6457 ) ;
#3332 = ADVANCED_FACE ( 'NONE', ( #5610 ), #4016, .F. ) ;
#3333 = FACE_OUTER_BOUND ( 'NONE', #4707, .T. ) ;
#3334 = ORIENTED_EDGE ( 'NONE', *, *, #3815, .F. ) ;
#3335 = EDGE_CURVE ( 'NONE', #6802, #9246, #9936, .T. ) ;
#3336 = ORIENTED_EDGE ( 'NONE', *, *, #4411, .F. ) ;
#3337 = DIRECTION ( 'NONE',  ( 0.000000000000000000, 0.000000000000000000, -1.000000000000000000 ) ) ;
#3338 = DIRECTION ( 'NONE',  ( 1.000000000000000000, -0.000000000000000000, -0.000000000000000000 ) ) ;
#3339 = DIRECTION ( 'NONE',  ( 0.000000000000000000, 0.000000000000000000, -1.000000000000000000 ) ) ;
#3340 = PLANE ( 'NONE',  #1811 ) ;
#3341 = VECTOR ( 'NONE', #6504, 1000.000000000000000 ) ;
#3342 = CARTESIAN_POINT ( 'NONE',  ( 2.500000000000002220, 0.6664761515876249653, -0.8700000000000018829 ) ) ;
#3343 = CARTESIAN_POINT ( 'NONE',  ( 1.129999999999999893, 0.6664761515876257425, -2.100000000000000089 ) ) ;
#3344 = DIRECTION ( 'NONE',  ( -0.000000000000000000, -1.000000000000000000, -0.000000000000000000 ) ) ;
#3345 = CARTESIAN_POINT ( 'NONE',  ( -2.100000000000001865, 0.000000000000000000, -0.8700000000000018829 ) ) ;
#3346 = LINE ( 'NONE', #366, #9722 ) ;
#3347 = EDGE_LOOP ( 'NONE', ( #7055, #3747, #4475, #3389 ) ) ;
#3349 = PLANE ( 'NONE',  #9392 ) ;
#3348 = PLANE ( 'NONE',  #3034 ) ;
#3350 = LINE ( 'NONE', #3445, #5168 ) ;
#3351 = ORIENTED_EDGE ( 'NONE', *, *, #7053, .T. ) ;
#3352 = CARTESIAN_POINT ( 'NONE',  ( -1.129999999999998117, 0.1999999999999999833, 2.100000000000000089 ) ) ;
#3353 = AXIS2_PLACEMENT_3D ( 'NONE', #1961, #1996, #2072 ) ;
#3354 = EDGE_CURVE ( 'NONE', #8874, #9918, #3814, .T. ) ;
#3355 = SURFACE_STYLE_FILL_AREA ( #161 ) ;
#3356 = VECTOR ( 'NONE', #2658, 1000.000000000000000 ) ;
#3357 = ORIENTED_EDGE ( 'NONE', *, *, #685, .T. ) ;
#3358 = VECTOR ( 'NONE', #5152, 1000.000000000000000 ) ;
#3359 = ORIENTED_EDGE ( 'NONE', *, *, #6040, .T. ) ;
#3360 = AXIS2_PLACEMENT_3D ( 'NONE', #2937, #5186, #7500 ) ;
#3361 = ORIENTED_EDGE ( 'NONE', *, *, #2783, .F. ) ;
#3362 = CARTESIAN_POINT ( 'NONE',  ( -2.100000000000001865, 0.6664761515876249653, 1.369999999999999662 ) ) ;
#3363 = DIRECTION ( 'NONE',  ( 1.000000000000000000, 0.000000000000000000, 0.000000000000000000 ) ) ;
#3364 = VECTOR ( 'NONE', #1984, 1000.000000000000000 ) ;
#3365 = CARTESIAN_POINT ( 'NONE',  ( -1.629999999999998561, 0.2000000000000000111, -2.100000000000000089 ) ) ;
#3366 = EDGE_CURVE ( 'NONE', #9436, #1433, #7890, .T. ) ;
#3367 = CARTESIAN_POINT ( 'NONE',  ( -0.6299999999999982281, 0.2000000000000000111, 2.100000000000000089 ) ) ;
#3368 = LINE ( 'NONE', #7628, #1186 ) ;
#3369 = ORIENTED_EDGE ( 'NONE', *, *, #9431, .T. ) ;
#3370 = VECTOR ( 'NONE', #1545, 1000.000000000000000 ) ;
#3371 = EDGE_CURVE ( 'NONE', #169, #3124, #9441, .T. ) ;
#3372 = CARTESIAN_POINT ( 'NONE',  ( 0.000000000000000000, 0.05000000000000000278, 0.6299999999999982281 ) ) ;
#3373 = ORIENTED_EDGE ( 'NONE', *, *, #6168, .T. ) ;
#3374 = UNCERTAINTY_MEASURE_WITH_UNIT (LENGTH_MEASURE( 1.000000000000000082E-05 ), #1702, 'distance_accuracy_value', 'NONE');
#3375 = ORIENTED_EDGE ( 'NONE', *, *, #2984, .T. ) ;
#3376 = VERTEX_POINT ( 'NONE', #9211 ) ;
#3377 = ADVANCED_FACE ( 'NONE', ( #2704 ), #2358, .T. ) ;
#3378 = AXIS2_PLACEMENT_3D ( 'NONE', #4879, #1107, #9550 ) ;
#3379 = ORIENTED_EDGE ( 'NONE', *, *, #5473, .T. ) ;
#3380 = DIRECTION ( 'NONE',  ( 0.000000000000000000, 0.000000000000000000, 1.000000000000000000 ) ) ;
#3381 = DIRECTION ( 'NONE',  ( 0.000000000000000000, -0.000000000000000000, -1.000000000000000000 ) ) ;
#3382 = FILL_AREA_STYLE_COLOUR ( '', #8914 ) ;
#3383 = ORIENTED_EDGE ( 'NONE', *, *, #4876, .T. ) ;
#3384 = EDGE_CURVE ( 'NONE', #9103, #3602, #2828, .T. ) ;
#3385 = CARTESIAN_POINT ( 'NONE',  ( -0.1299999999999986167, 0.2000000000000000111, -2.100000000000000089 ) ) ;
#3386 = VERTEX_POINT ( 'NONE', #7663 ) ;
#3387 = PLANE ( 'NONE',  #7662 ) ;
#3388 = CARTESIAN_POINT ( 'NONE',  ( 0.8700000000000018829, 0.6664761515876257425, 2.100000000000000089 ) ) ;
#3389 = ORIENTED_EDGE ( 'NONE', *, *, #2317, .T. ) ;
#3390 = VECTOR ( 'NONE', #4590, 1000.000000000000000 ) ;
#3391 = VERTEX_POINT ( 'NONE', #2579 ) ;
#3392 = LINE ( 'NONE', #9531, #2553 ) ;
#3393 = ADVANCED_FACE ( 'NONE', ( #4969 ), #8827, .T. ) ;
#3394 = ORIENTED_EDGE ( 'NONE', *, *, #974, .T. ) ;
#3395 = LINE ( 'NONE', #4450, #9514 ) ;
#3396 = VERTEX_POINT ( 'NONE', #1147 ) ;
#3397 = LINE ( 'NONE', #1829, #3766 ) ;
#3398 = DIRECTION ( 'NONE',  ( 8.673617379884035472E-17, -0.000000000000000000, 1.000000000000000000 ) ) ;
#3399 = CARTESIAN_POINT ( 'NONE',  ( 2.500000000000002220, 0.1999999999999999833, -1.130000000000000338 ) ) ;
#3400 = CARTESIAN_POINT ( 'NONE',  ( 1.130000000000000338, 0.2000000000000000111, 2.100000000000000977 ) ) ;
#3401 = CARTESIAN_POINT ( 'NONE',  ( 1.129999999999999893, 0.04999999999999999584, -2.100000000000000089 ) ) ;
#3402 = EDGE_CURVE ( 'NONE', #2428, #8053, #9496, .T. ) ;
#3403 = DIRECTION ( 'NONE',  ( -1.000000000000000000, 0.000000000000000000, 0.000000000000000000 ) ) ;
#3404 = CARTESIAN_POINT ( 'NONE',  ( 1.800000000000000044, 0.1999999999999996503, 1.799999999999999822 ) ) ;
#3405 = LINE ( 'NONE', #2816, #8692 ) ;
#3406 = ORIENTED_EDGE ( 'NONE', *, *, #1290, .F. ) ;
#3407 = COLOUR_RGB ( '',0.7921568627450980005, 0.8196078431372548767, 0.9333333333333333481 ) ;
#3408 = CARTESIAN_POINT ( 'NONE',  ( 2.100000000000001865, 0.1999999999999999833, 0.1299999999999981726 ) ) ;
#3409 = AXIS2_PLACEMENT_3D ( 'NONE', #9180, #2250, #6038 ) ;
#3410 = CARTESIAN_POINT ( 'NONE',  ( 3.000000000000000000, 0.000000000000000000, 0.000000000000000000 ) ) ;
#3411 = ORIENTED_EDGE ( 'NONE', *, *, #9445, .T. ) ;
#3412 = PLANE ( 'NONE',  #1185 ) ;
#3413 = CARTESIAN_POINT ( 'NONE',  ( 1.800000000000000044, 0.05000000000000000278, 0.000000000000000000 ) ) ;
#3414 = EDGE_LOOP ( 'NONE', ( #9652, #9520, #5034, #6935 ) ) ;
#3415 = EDGE_CURVE ( 'NONE', #9757, #7933, #4331, .T. ) ;
#3416 = SURFACE_SIDE_STYLE ('',( #6729 ) ) ;
#3417 = DIRECTION ( 'NONE',  ( 1.000000000000000000, 0.000000000000000000, 0.000000000000000000 ) ) ;
#3418 = CARTESIAN_POINT ( 'NONE',  ( -1.129999999999999671, 0.2000000000000000111, -2.500000000000000444 ) ) ;
#3419 = VECTOR ( 'NONE', #1820, 1000.000000000000000 ) ;
#3420 = VERTEX_POINT ( 'NONE', #3345 ) ;
#3421 = CARTESIAN_POINT ( 'NONE',  ( 0.8700000000000014388, 0.04999999999999999584, -2.100000000000000089 ) ) ;
#3422 = DIRECTION ( 'NONE',  ( -0.000000000000000000, -1.000000000000000000, -0.000000000000000000 ) ) ;
#3423 = VECTOR ( 'NONE', #4021, 1000.000000000000000 ) ;
#3424 = VERTEX_POINT ( 'NONE', #2695 ) ;
#3425 = EDGE_CURVE ( 'NONE', #4017, #9832, #9836, .T. ) ;
#3426 = DIRECTION ( 'NONE',  ( 0.000000000000000000, -1.000000000000000000, 0.000000000000000000 ) ) ;
#3427 = CARTESIAN_POINT ( 'NONE',  ( 0.000000000000000000, 0.000000000000000000, 3.000000000000000000 ) ) ;
#3428 = CARTESIAN_POINT ( 'NONE',  ( -0.1299999999999981726, 0.2000000000000000111, 2.100000000000000089 ) ) ;
#3429 = ORIENTED_EDGE ( 'NONE', *, *, #4332, .T. ) ;
#3430 = CARTESIAN_POINT ( 'NONE',  ( 0.8700000000000009948, 0.1999999999999999833, 2.500000000000000444 ) ) ;
#3431 = CARTESIAN_POINT ( 'NONE',  ( 0.000000000000000000, 0.05000000000000000278, 1.129999999999998117 ) ) ;
#3432 = DIRECTION ( 'NONE',  ( -1.000000000000000000, 0.000000000000000000, 0.000000000000000000 ) ) ;
#3433 = CARTESIAN_POINT ( 'NONE',  ( -2.100000000000001865, 0.1999999999999999833, -1.630000000000000338 ) ) ;
#3434 = CARTESIAN_POINT ( 'NONE',  ( 1.629999999999999893, 0.000000000000000000, -2.100000000000000089 ) ) ;
#3435 = VECTOR ( 'NONE', #909, 1000.000000000000000 ) ;
#3436 = VERTEX_POINT ( 'NONE', #1851 ) ;
#3437 = ADVANCED_FACE ( 'NONE', ( #7928 ), #4086, .T. ) ;
#3438 = EDGE_CURVE ( 'NONE', #9801, #8916, #6020, .T. ) ;
#3439 = MANIFOLD_SOLID_BREP ( 'LPattern4[3]', #7511 ) ;
#3440 = EDGE_LOOP ( 'NONE', ( #9011, #4619, #1581, #8293 ) ) ;
#3441 = FILL_AREA_STYLE ('',( #495 ) ) ;
#3442 = AXIS2_PLACEMENT_3D ( 'NONE', #4989, #1845, #8040 ) ;
#3443 = CARTESIAN_POINT ( 'NONE',  ( -1.870000000000000107, 0.05000000000000000278, 0.000000000000000000 ) ) ;
#3444 = DIRECTION ( 'NONE',  ( -0.000000000000000000, -1.000000000000000000, -0.000000000000000000 ) ) ;
#3445 = CARTESIAN_POINT ( 'NONE',  ( 2.100000000000001865, 0.000000000000000000, -1.630000000000000338 ) ) ;
#3446 = PLANE ( 'NONE',  #8598 ) ;
#3447 = EDGE_LOOP ( 'NONE', ( #776, #7057, #1807, #7293 ) ) ;
#3448 = DIRECTION ( 'NONE',  ( 1.000000000000000000, -0.000000000000000000, 0.000000000000000000 ) ) ;
#3449 = CARTESIAN_POINT ( 'NONE',  ( -1.370000000000000107, 0.1999999999999999833, -2.100000000000000089 ) ) ;
#3450 =( NAMED_UNIT ( * ) SI_UNIT ( $, .STERADIAN. ) SOLID_ANGLE_UNIT ( ) );
#3451 = ORIENTED_EDGE ( 'NONE', *, *, #4890, .F. ) ;
#3452 = CARTESIAN_POINT ( 'NONE',  ( 2.100000000000001865, 0.6664761515876249653, 1.629999999999998117 ) ) ;
#3453 = VERTEX_POINT ( 'NONE', #6442 ) ;
#3454 = LINE ( 'NONE', #2540, #8140 ) ;
#3455 = EDGE_CURVE ( 'NONE', #60, #4751, #5217, .T. ) ;
#3456 = VECTOR ( 'NONE', #2414, 1000.000000000000000 ) ;
#3457 = VECTOR ( 'NONE', #7908, 1000.000000000000000 ) ;
#3458 = EDGE_LOOP ( 'NONE', ( #4766, #6412, #8065, #9861 ) ) ;
#3459 = DIRECTION ( 'NONE',  ( 0.000000000000000000, 1.000000000000000000, 0.000000000000000000 ) ) ;
#3460 = EDGE_LOOP ( 'NONE', ( #1863, #8913, #4080, #4444 ) ) ;
#3461 = AXIS2_PLACEMENT_3D ( 'NONE', #7646, #763, #3915 ) ;
#3462 = VECTOR ( 'NONE', #2195, 1000.000000000000000 ) ;
#3463 = CARTESIAN_POINT ( 'NONE',  ( 2.100000000000001865, 0.1999999999999999833, 1.869999999999999662 ) ) ;
#3464 = CARTESIAN_POINT ( 'NONE',  ( -0.6299999999999982281, 0.1999999999999999833, 2.100000000000000089 ) ) ;
#3465 = LINE ( 'NONE', #8505, #5280 ) ;
#3466 = CARTESIAN_POINT ( 'NONE',  ( 2.500000000000002220, 0.6664761515876249653, -1.870000000000001883 ) ) ;
#3467 = SURFACE_STYLE_FILL_AREA ( #1256 ) ;
#3468 = EDGE_LOOP ( 'NONE', ( #8676, #4561, #5356, #794 ) ) ;
#3469 = PLANE ( 'NONE',  #9123 ) ;
#3470 = ORIENTED_EDGE ( 'NONE', *, *, #7604, .F. ) ;
#3471 = DIRECTION ( 'NONE',  ( 0.000000000000000000, 1.000000000000000000, 0.000000000000000000 ) ) ;
#3472 = MECHANICAL_DESIGN_GEOMETRIC_PRESENTATION_REPRESENTATION (  '', ( #7649 ), #5222 ) ;
#3473 = LINE ( 'NONE', #8188, #9347 ) ;
#3474 = PLANE ( 'NONE',  #8967 ) ;
#3475 = EDGE_CURVE ( 'NONE', #4489, #218, #3155, .T. ) ;
#3476 = LINE ( 'NONE', #3352, #2151 ) ;
#3477 = ORIENTED_EDGE ( 'NONE', *, *, #3951, .T. ) ;
#3478 = LINE ( 'NONE', #4121, #9240 ) ;
#3479 = CARTESIAN_POINT ( 'NONE',  ( -0.6299999999999985612, 0.6664761515876257425, -2.100000000000000089 ) ) ;
#3480 = ORIENTED_EDGE ( 'NONE', *, *, #2119, .T. ) ;
#3481 = CARTESIAN_POINT ( 'NONE',  ( 1.130000000000000338, 0.2000000000000000111, 2.100000000000000977 ) ) ;
#3482 = DIRECTION ( 'NONE',  ( 0.000000000000000000, 0.000000000000000000, -1.000000000000000000 ) ) ;
#3483 = CARTESIAN_POINT ( 'NONE',  ( -1.129999999999998117, 0.6664761515876257425, 2.100000000000000089 ) ) ;
#3484 = DIRECTION ( 'NONE',  ( -1.000000000000000000, 0.000000000000000000, 0.000000000000000000 ) ) ;
#3485 =( NAMED_UNIT ( * ) SI_UNIT ( $, .STERADIAN. ) SOLID_ANGLE_UNIT ( ) );
#3486 = VECTOR ( 'NONE', #785, 1000.000000000000000 ) ;
#3487 = EDGE_CURVE ( 'NONE', #3971, #2198, #7375, .T. ) ;
#3488 = VECTOR ( 'NONE', #9877, 1000.000000000000000 ) ;
#3489 = ORIENTED_EDGE ( 'NONE', *, *, #5905, .F. ) ;
#3490 = VECTOR ( 'NONE', #422, 1000.000000000000000 ) ;
#3491 = EDGE_LOOP ( 'NONE', ( #9065, #5799, #231, #7267 ) ) ;
#3492 = EDGE_CURVE ( 'NONE', #7935, #8497, #9281, .T. ) ;
#3493 = ADVANCED_FACE ( 'NONE', ( #3656 ), #4188, .F. ) ;
#3494 = ORIENTED_EDGE ( 'NONE', *, *, #8859, .T. ) ;
#3495 = CARTESIAN_POINT ( 'NONE',  ( 0.000000000000000000, 0.2000000000000000111, 0.000000000000000000 ) ) ;
#3496 = LINE ( 'NONE', #4866, #6992 ) ;
#3497 = DIRECTION ( 'NONE',  ( 0.000000000000000000, 0.000000000000000000, -1.000000000000000000 ) ) ;
#3498 = COLOUR_RGB ( '',0.7921568627450980005, 0.8196078431372548767, 0.9333333333333333481 ) ;
#3499 = ORIENTED_EDGE ( 'NONE', *, *, #7792, .T. ) ;
#3500 = VECTOR ( 'NONE', #18, 1000.000000000000000 ) ;
#3501 = VERTEX_POINT ( 'NONE', #1293 ) ;
#3502 = AXIS2_PLACEMENT_3D ( 'NONE', #5341, #6060, #9100 ) ;
#3503 = UNCERTAINTY_MEASURE_WITH_UNIT (LENGTH_MEASURE( 1.000000000000000082E-05 ), #5184, 'distance_accuracy_value', 'NONE');
#3504 = CARTESIAN_POINT ( 'NONE',  ( 2.100000000000001865, 0.1999999999999999833, -0.6300000000000003375 ) ) ;
#3505 = PLANE ( 'NONE',  #3926 ) ;
#3506 = DIRECTION ( 'NONE',  ( -1.000000000000000000, 0.000000000000000000, 0.000000000000000000 ) ) ;
#3507 = DIRECTION ( 'NONE',  ( 0.000000000000000000, 0.000000000000000000, -1.000000000000000000 ) ) ;
#3508 = ORIENTED_EDGE ( 'NONE', *, *, #4132, .T. ) ;
#3509 = DIRECTION ( 'NONE',  ( -5.421010862427520198E-16, 0.000000000000000000, -1.000000000000000000 ) ) ;
#3510 = CARTESIAN_POINT ( 'NONE',  ( 2.100000000000001865, 0.05000000000000002359, 1.369999999999999662 ) ) ;
#3511 = VECTOR ( 'NONE', #4665, 1000.000000000000000 ) ;
#3512 = ORIENTED_EDGE ( 'NONE', *, *, #6998, .F. ) ;
#3513 = LINE ( 'NONE', #2181, #3029 ) ;
#3514 = EDGE_LOOP ( 'NONE', ( #4588, #3562, #9870, #7857 ) ) ;
#3515 = DIRECTION ( 'NONE',  ( 0.000000000000000000, 0.000000000000000000, -1.000000000000000000 ) ) ;
#3516 = VECTOR ( 'NONE', #9414, 1000.000000000000000 ) ;
#3517 = VERTEX_POINT ( 'NONE', #5784 ) ;
#3518 = VECTOR ( 'NONE', #8101, 1000.000000000000000 ) ;
#3519 = EDGE_CURVE ( 'NONE', #1526, #9294, #360, .T. ) ;
#3520 = VERTEX_POINT ( 'NONE', #3311 ) ;
#3521 = PRESENTATION_STYLE_ASSIGNMENT (( #1013 ) ) ;
#3522 = DIRECTION ( 'NONE',  ( 0.000000000000000000, -0.000000000000000000, 1.000000000000000000 ) ) ;
#3523 = CARTESIAN_POINT ( 'NONE',  ( 0.000000000000000000, 0.05000000000000000278, -2.100000000000000089 ) ) ;
#3524 =( NAMED_UNIT ( * ) PLANE_ANGLE_UNIT ( ) SI_UNIT ( $, .RADIAN. ) );
#3525 = ORIENTED_EDGE ( 'NONE', *, *, #2563, .T. ) ;
#3526 = AXIS2_PLACEMENT_3D ( 'NONE', #6547, #7420, #3515 ) ;
#3527 = VECTOR ( 'NONE', #3710, 1000.000000000000000 ) ;
#3528 = EDGE_LOOP ( 'NONE', ( #6078, #768, #8720, #2909 ) ) ;
#3529 = LINE ( 'NONE', #9752, #371 ) ;
#3530 = ORIENTED_EDGE ( 'NONE', *, *, #9460, .F. ) ;
#3531 = CARTESIAN_POINT ( 'NONE',  ( 0.3700000000000013833, 0.1999999999999999833, -2.100000000000000089 ) ) ;
#3532 = CARTESIAN_POINT ( 'NONE',  ( -2.100000000000001865, 0.1999999999999999833, 0.3699999999999996625 ) ) ;
#3533 = CARTESIAN_POINT ( 'NONE',  ( -0.3699999999999996625, 0.2000000000000000111, 2.100000000000000977 ) ) ;
#3534 = VECTOR ( 'NONE', #5728, 1000.000000000000000 ) ;
#3535 = ORIENTED_EDGE ( 'NONE', *, *, #9356, .T. ) ;
#3536 = AXIS2_PLACEMENT_3D ( 'NONE', #2376, #6987, #864 ) ;
#3537 = ORIENTED_EDGE ( 'NONE', *, *, #9791, .T. ) ;
#3538 = DIRECTION ( 'NONE',  ( 0.000000000000000000, 0.000000000000000000, -1.000000000000000000 ) ) ;
#3539 = DIRECTION ( 'NONE',  ( 3.614007241618325499E-15, -0.000000000000000000, 1.000000000000000000 ) ) ;
#3540 = EDGE_CURVE ( 'NONE', #4344, #5244, #5559, .T. ) ;
#3541 =( NAMED_UNIT ( * ) PLANE_ANGLE_UNIT ( ) SI_UNIT ( $, .RADIAN. ) );
#3542 = SURFACE_STYLE_USAGE ( .BOTH. , #2910 ) ;
#3543 = CARTESIAN_POINT ( 'NONE',  ( 1.129999999999999893, 0.000000000000000000, -2.500000000000000444 ) ) ;
#3544 = LINE ( 'NONE', #6089, #8961 ) ;
#3546 = ADVANCED_FACE ( 'NONE', ( #5817 ), #2591, .T. ) ;
#3545 = ORIENTED_EDGE ( 'NONE', *, *, #2640, .T. ) ;
#3547 = VERTEX_POINT ( 'NONE', #1283 ) ;
#3548 = DIRECTION ( 'NONE',  ( 0.000000000000000000, 0.000000000000000000, -1.000000000000000000 ) ) ;
#3549 = ORIENTED_EDGE ( 'NONE', *, *, #5551, .F. ) ;
#3550 = AXIS2_PLACEMENT_3D ( 'NONE', #291, #3448, #8151 ) ;
#3551 = DIRECTION ( 'NONE',  ( 0.000000000000000000, 1.000000000000000000, 0.000000000000000000 ) ) ;
#3552 = DIRECTION ( 'NONE',  ( -1.000000000000000000, 0.000000000000000000, 0.000000000000000000 ) ) ;
#3553 = FACE_OUTER_BOUND ( 'NONE', #5762, .T. ) ;
#3554 = DIRECTION ( 'NONE',  ( 1.000000000000000000, 0.000000000000000000, -0.000000000000000000 ) ) ;
#3555 = EDGE_CURVE ( 'NONE', #1671, #4452, #7608, .T. ) ;
#3556 = DIRECTION ( 'NONE',  ( 1.000000000000000000, -0.000000000000000000, 0.000000000000000000 ) ) ;
#3557 = DIRECTION ( 'NONE',  ( 2.168404344971008079E-15, -0.000000000000000000, -1.000000000000000000 ) ) ;
#3558 = ORIENTED_EDGE ( 'NONE', *, *, #8717, .T. ) ;
#3559 = CARTESIAN_POINT ( 'NONE',  ( 0.8700000000000003286, 0.2000000000000000111, -2.500000000000000444 ) ) ;
#3560 = ADVANCED_FACE ( 'NONE', ( #7730 ), #7065, .F. ) ;
#3561 = ORIENTED_EDGE ( 'NONE', *, *, #6265, .T. ) ;
#3562 = ORIENTED_EDGE ( 'NONE', *, *, #4349, .T. ) ;
#3563 = LINE ( 'NONE', #5900, #4280 ) ;
#3564 = AXIS2_PLACEMENT_3D ( 'NONE', #1857, #6322, #29 ) ;
#3565 = CARTESIAN_POINT ( 'NONE',  ( -2.500000000000002220, 0.1999999999999999833, 1.629999999999998117 ) ) ;
#3566 = VERTEX_POINT ( 'NONE', #1697 ) ;
#3567 = PLANE ( 'NONE',  #632 ) ;
#3568 = EDGE_CURVE ( 'NONE', #1330, #7114, #114, .T. ) ;
#3569 = EDGE_LOOP ( 'NONE', ( #6642, #1648, #2574, #8096 ) ) ;
#3570 = PLANE ( 'NONE',  #730 ) ;
#3571 = VERTEX_POINT ( 'NONE', #7101 ) ;
#3572 = DIRECTION ( 'NONE',  ( -1.000000000000000000, 0.000000000000000000, 3.614007241618342065E-15 ) ) ;
#3573 = CARTESIAN_POINT ( 'NONE',  ( -2.500000000000002220, 0.6664761515876249653, 1.869999999999999662 ) ) ;
#3574 = VERTEX_POINT ( 'NONE', #7206 ) ;
#3575 = CARTESIAN_POINT ( 'NONE',  ( -1.129999999999998561, 0.1999999999999999833, -2.100000000000000089 ) ) ;
#3576 = CARTESIAN_POINT ( 'NONE',  ( 0.6299999999999998934, 0.2000000000000000111, -2.500000000000000444 ) ) ;
#3577 = VECTOR ( 'NONE', #2630, 1000.000000000000000 ) ;
#3578 = ORIENTED_EDGE ( 'NONE', *, *, #8213, .T. ) ;
#3579 = EDGE_CURVE ( 'NONE', #951, #6213, #1095, .T. ) ;
#3580 = VERTEX_POINT ( 'NONE', #6453 ) ;
#3581 = PLANE ( 'NONE',  #4375 ) ;
#3582 = AXIS2_PLACEMENT_3D ( 'NONE', #9255, #8573, #6281 ) ;
#3583 = CARTESIAN_POINT ( 'NONE',  ( 0.6300000000000003375, 0.6664761515876257425, 2.100000000000000977 ) ) ;
#3584 = DIRECTION ( 'NONE',  ( 1.000000000000000000, 0.000000000000000000, -0.000000000000000000 ) ) ;
#3585 = CARTESIAN_POINT ( 'NONE',  ( 2.500000000000002220, 0.04999999999999969746, -0.3700000000000018274 ) ) ;
#3586 = DIRECTION ( 'NONE',  ( 1.000000000000000000, 0.000000000000000000, -5.421010862427520198E-16 ) ) ;
#3587 = DIRECTION ( 'NONE',  ( 1.000000000000000000, -0.000000000000000000, 0.000000000000000000 ) ) ;
#3588 = CARTESIAN_POINT ( 'NONE',  ( -1.869999999999999662, 0.6664761515876257425, 2.100000000000000977 ) ) ;
#3589 = VECTOR ( 'NONE', #6696, 1000.000000000000000 ) ;
#3590 = EDGE_LOOP ( 'NONE', ( #6275, #2939, #702, #3030 ) ) ;
#3591 = DIRECTION ( 'NONE',  ( 2.168404344971008079E-15, -0.000000000000000000, -1.000000000000000000 ) ) ;
#3592 = ORIENTED_EDGE ( 'NONE', *, *, #5618, .F. ) ;
#3593 = FACE_OUTER_BOUND ( 'NONE', #4808, .T. ) ;
#3594 = ADVANCED_FACE ( 'NONE', ( #5445 ), #8876, .F. ) ;
#3595 = AXIS2_PLACEMENT_3D ( 'NONE', #3274, #2503, #7188 ) ;
#3596 = CARTESIAN_POINT ( 'NONE',  ( -2.100000000000001865, 0.05000000000000000278, 0.000000000000000000 ) ) ;
#3597 = VECTOR ( 'NONE', #2548, 1000.000000000000000 ) ;
#3598 = ORIENTED_EDGE ( 'NONE', *, *, #5033, .F. ) ;
#3599 = SURFACE_STYLE_FILL_AREA ( #1000 ) ;
#3600 = EDGE_CURVE ( 'NONE', #5517, #8143, #4238, .T. ) ;
#3601 = CARTESIAN_POINT ( 'NONE',  ( -2.500000000000000888, 0.2000000000000005107, 0.8699999999999998845 ) ) ;
#3602 = VERTEX_POINT ( 'NONE', #303 ) ;
#3603 = VECTOR ( 'NONE', #729, 1000.000000000000000 ) ;
#3604 = DIRECTION ( 'NONE',  ( -1.000000000000000000, 0.000000000000000000, 0.000000000000000000 ) ) ;
#3605 = DIRECTION ( 'NONE',  ( -0.000000000000000000, -1.000000000000000000, -0.000000000000000000 ) ) ;
#3606 = CARTESIAN_POINT ( 'NONE',  ( 2.500000000000002220, 0.1999999999999999833, -1.130000000000000338 ) ) ;
#3607 = ADVANCED_FACE ( 'NONE', ( #1461 ), #5045, .F. ) ;
#3608 = LINE ( 'NONE', #9102, #8172 ) ;
#3609 = ORIENTED_EDGE ( 'NONE', *, *, #8394, .F. ) ;
#3610 = VECTOR ( 'NONE', #6284, 1000.000000000000000 ) ;
#3611 = ORIENTED_EDGE ( 'NONE', *, *, #4132, .F. ) ;
#3612 = VERTEX_POINT ( 'NONE', #7308 ) ;
#3613 = EDGE_CURVE ( 'NONE', #2977, #860, #3037, .T. ) ;
#3614 = FACE_OUTER_BOUND ( 'NONE', #8685, .T. ) ;
#3615 = DIRECTION ( 'NONE',  ( -0.000000000000000000, -1.000000000000000000, -0.000000000000000000 ) ) ;
#3616 = FACE_OUTER_BOUND ( 'NONE', #9084, .T. ) ;
#3617 = ORIENTED_EDGE ( 'NONE', *, *, #5735, .T. ) ;
#3618 = VECTOR ( 'NONE', #5025, 1000.000000000000000 ) ;
#3619 = DIRECTION ( 'NONE',  ( 0.000000000000000000, 0.000000000000000000, -1.000000000000000000 ) ) ;
#3620 = CARTESIAN_POINT ( 'NONE',  ( -1.629999999999999005, 0.2000000000000000111, 2.500000000000000444 ) ) ;
#3621 = ORIENTED_EDGE ( 'NONE', *, *, #5108, .F. ) ;
#3622 = SURFACE_SIDE_STYLE ('',( #3467 ) ) ;
#3623 = CARTESIAN_POINT ( 'NONE',  ( 1.870000000000000329, 0.2000000000000000111, -2.500000000000000444 ) ) ;
#3624 = CARTESIAN_POINT ( 'NONE',  ( 2.499999999999998668, 0.2000000000000005107, 1.629999999999998117 ) ) ;
#3625 = DIRECTION ( 'NONE',  ( 5.421010862427520198E-16, 0.000000000000000000, 1.000000000000000000 ) ) ;
#3626 = EDGE_CURVE ( 'NONE', #87, #5811, #1222, .T. ) ;
#3627 = VECTOR ( 'NONE', #306, 1000.000000000000000 ) ;
#3628 = VERTEX_POINT ( 'NONE', #6603 ) ;
#3629 = ORIENTED_EDGE ( 'NONE', *, *, #8367, .T. ) ;
#3630 = DIRECTION ( 'NONE',  ( -2.168404344971008079E-15, 0.000000000000000000, 1.000000000000000000 ) ) ;
#3631 = FACE_OUTER_BOUND ( 'NONE', #1471, .T. ) ;
#3632 = VERTEX_POINT ( 'NONE', #1094 ) ;
#3633 = LINE ( 'NONE', #2966, #2427 ) ;
#3634 = EDGE_CURVE ( 'NONE', #9270, #2825, #7130, .T. ) ;
#3635 = ORIENTED_EDGE ( 'NONE', *, *, #3568, .F. ) ;
#3636 = DIRECTION ( 'NONE',  ( -0.000000000000000000, -1.000000000000000000, -0.000000000000000000 ) ) ;
#3637 = MANIFOLD_SOLID_BREP ( 'LPattern2', #8544 ) ;
#3638 = PLANE ( 'NONE',  #251 ) ;
#3639 = VERTEX_POINT ( 'NONE', #4203 ) ;
#3640 = FACE_OUTER_BOUND ( 'NONE', #5570, .T. ) ;
#3641 = ORIENTED_EDGE ( 'NONE', *, *, #2208, .T. ) ;
#3642 = MECHANICAL_DESIGN_GEOMETRIC_PRESENTATION_REPRESENTATION (  '', ( #760 ), #5372 ) ;
#3643 = VECTOR ( 'NONE', #1055, 1000.000000000000000 ) ;
#3644 = VERTEX_POINT ( 'NONE', #2703 ) ;
#3645 = VECTOR ( 'NONE', #2587, 1000.000000000000000 ) ;
#3646 = VERTEX_POINT ( 'NONE', #4976 ) ;
#3647 = CARTESIAN_POINT ( 'NONE',  ( 0.3700000000000003286, 0.1999999999999999833, -2.500000000000000444 ) ) ;
#3648 = EDGE_CURVE ( 'NONE', #7408, #441, #2437, .T. ) ;
#3649 = CARTESIAN_POINT ( 'NONE',  ( 0.000000000000000000, 0.05000000000000000278, -2.100000000000000089 ) ) ;
#3650 = EDGE_CURVE ( 'NONE', #9231, #3632, #8555, .T. ) ;
#3651 = CARTESIAN_POINT ( 'NONE',  ( 2.500000000000002220, 0.04999999999999969746, -0.1300000000000003375 ) ) ;
#3652 = DIRECTION ( 'NONE',  ( -1.000000000000000000, 0.000000000000000000, 0.000000000000000000 ) ) ;
#3653 = VECTOR ( 'NONE', #9287, 1000.000000000000000 ) ;
#3654 = ORIENTED_EDGE ( 'NONE', *, *, #6340, .F. ) ;
#3655 = ADVANCED_FACE ( 'NONE', ( #1817 ), #4307, .F. ) ;
#3656 = FACE_OUTER_BOUND ( 'NONE', #8368, .T. ) ;
#3657 = ORIENTED_EDGE ( 'NONE', *, *, #4582, .T. ) ;
#3658 = CARTESIAN_POINT ( 'NONE',  ( -1.799999999999999600, 0.1999999999999996503, 1.799999999999999822 ) ) ;
#3659 = PRESENTATION_LAYER_ASSIGNMENT (  '', '', ( #721 ) ) ;
#3660 = CARTESIAN_POINT ( 'NONE',  ( 1.129999999999999893, 0.2000000000000000111, -2.100000000000000089 ) ) ;
#3661 = VECTOR ( 'NONE', #1942, 1000.000000000000000 ) ;
#3662 = EDGE_CURVE ( 'NONE', #9387, #9913, #3397, .T. ) ;
#3663 = ORIENTED_EDGE ( 'NONE', *, *, #5701, .F. ) ;
#3664 = CARTESIAN_POINT ( 'NONE',  ( -0.8699999999999994404, 0.1999999999999999833, 2.500000000000001332 ) ) ;
#3665 = CARTESIAN_POINT ( 'NONE',  ( 2.100000000000001865, 0.6664761515876249653, 0.1299999999999981726 ) ) ;
#3666 = ADVANCED_FACE ( 'NONE', ( #9642 ), #7990, .T. ) ;
#3667 = AXIS2_PLACEMENT_3D ( 'NONE', #1537, #1632, #7039 ) ;
#3668 = FACE_OUTER_BOUND ( 'NONE', #6655, .T. ) ;
#3669 = EDGE_LOOP ( 'NONE', ( #7989, #8449, #8613, #3887 ) ) ;
#3670 = ORIENTED_EDGE ( 'NONE', *, *, #2007, .F. ) ;
#3671 = CARTESIAN_POINT ( 'NONE',  ( -1.370000000000000107, 0.2000000000000000111, -2.100000000000000089 ) ) ;
#3672 = CARTESIAN_POINT ( 'NONE',  ( -2.100000000000001865, 0.6664761515876249653, -1.630000000000000338 ) ) ;
#3673 = CARTESIAN_POINT ( 'NONE',  ( 1.629999999999999893, 0.05000000000000000278, 0.000000000000000000 ) ) ;
#3674 = LINE ( 'NONE', #2750, #2710 ) ;
#3675 = MECHANICAL_DESIGN_GEOMETRIC_PRESENTATION_REPRESENTATION (  '', ( #3146 ), #6953 ) ;
#3676 = ORIENTED_EDGE ( 'NONE', *, *, #9279, .T. ) ;
#3677 = CARTESIAN_POINT ( 'NONE',  ( 1.370000000000001883, 0.2000000000000000111, 2.100000000000000089 ) ) ;
#3678 = SURFACE_STYLE_USAGE ( .BOTH. , #684 ) ;
#3679 = DIRECTION ( 'NONE',  ( -5.421010862427520198E-16, 0.000000000000000000, -1.000000000000000000 ) ) ;
#3680 = EDGE_CURVE ( 'NONE', #6318, #3248, #8325, .T. ) ;
#3681 = CARTESIAN_POINT ( 'NONE',  ( 1.870000000000001439, 0.2000000000000000111, -2.100000000000000089 ) ) ;
#3682 = CARTESIAN_POINT ( 'NONE',  ( -2.500000000000002220, 0.1999999999999999833, 1.869999999999999662 ) ) ;
#3683 = VECTOR ( 'NONE', #1361, 1000.000000000000000 ) ;
#3684 = ORIENTED_EDGE ( 'NONE', *, *, #652, .F. ) ;
#3685 = ORIENTED_EDGE ( 'NONE', *, *, #4474, .F. ) ;
#3686 = DIRECTION ( 'NONE',  ( -0.000000000000000000, -1.000000000000000000, -0.000000000000000000 ) ) ;
#3687 = EDGE_CURVE ( 'NONE', #6887, #5684, #6895, .T. ) ;
#3688 = ORIENTED_EDGE ( 'NONE', *, *, #2678, .F. ) ;
#3689 = CARTESIAN_POINT ( 'NONE',  ( -2.500000000000002220, 0.1999999999999999833, 0.3699999999999996625 ) ) ;
#3690 = VECTOR ( 'NONE', #972, 1000.000000000000000 ) ;
#3691 = ORIENTED_EDGE ( 'NONE', *, *, #1725, .F. ) ;
#3692 = EDGE_CURVE ( 'NONE', #7044, #3639, #4490, .T. ) ;
#3693 = DIRECTION ( 'NONE',  ( 0.000000000000000000, -1.000000000000000000, 0.000000000000000000 ) ) ;
#3694 = ADVANCED_BREP_SHAPE_REPRESENTATION ( 'SLI9670AQ20FW1311XUMA1', ( #3637, #2455, #5859, #9121, #3309, #3761, #1515, #8361, #4788, #3013, #7927, #6909, #7024, #9404, #4380, #5241, #1821, #6169, #9840, #1949, #4501, #3439, #5535, #458, #6600, #4049, #3929, #7630, #5725, #7336, #143, #5923, #1214, #885, #9001 ), #6053 ) ;
#3695 = LINE ( 'NONE', #2969, #5858 ) ;
#3696 = SURFACE_SIDE_STYLE ('',( #7218 ) ) ;
#3697 = VERTEX_POINT ( 'NONE', #1899 ) ;
#3698 = ADVANCED_FACE ( 'NONE', ( #6534 ), #1800, .T. ) ;
#3699 = PLANE ( 'NONE',  #6240 ) ;
#3701 = LINE ( 'NONE', #5695, #3577 ) ;
#3700 = AXIS2_PLACEMENT_3D ( 'NONE', #6665, #9663, #2069 ) ;
#3702 = ORIENTED_EDGE ( 'NONE', *, *, #5921, .T. ) ;
#3703 = CARTESIAN_POINT ( 'NONE',  ( -2.500000000000002220, 0.1999999999999999833, 0.8699999999999996625 ) ) ;
#3704 = VERTEX_POINT ( 'NONE', #8732 ) ;
#3705 = CARTESIAN_POINT ( 'NONE',  ( 2.100000000000001865, 0.6664761515876249653, 1.369999999999999662 ) ) ;
#3706 = DIRECTION ( 'NONE',  ( 1.000000000000000000, 0.000000000000000000, -0.000000000000000000 ) ) ;
#3707 = EDGE_CURVE ( 'NONE', #6449, #6489, #6068, .T. ) ;
#3708 = VECTOR ( 'NONE', #4806, 1000.000000000000000 ) ;
#3709 = LINE ( 'NONE', #2998, #4298 ) ;
#3710 = DIRECTION ( 'NONE',  ( -0.000000000000000000, -1.000000000000000000, -0.000000000000000000 ) ) ;
#3711 = DIRECTION ( 'NONE',  ( 1.000000000000000000, 0.000000000000000000, -0.000000000000000000 ) ) ;
#3712 = VECTOR ( 'NONE', #2332, 1000.000000000000000 ) ;
#3713 = VERTEX_POINT ( 'NONE', #4138 ) ;
#3714 = VERTEX_POINT ( 'NONE', #4865 ) ;
#3715 = CARTESIAN_POINT ( 'NONE',  ( 0.3700000000000013833, 0.2000000000000000111, -2.100000000000000089 ) ) ;
#3716 = PLANE ( 'NONE',  #985 ) ;
#3717 = MECHANICAL_DESIGN_GEOMETRIC_PRESENTATION_REPRESENTATION (  '', ( #8652 ), #8853 ) ;
#3718 = LINE ( 'NONE', #4455, #9585 ) ;
#3719 = EDGE_CURVE ( 'NONE', #5546, #6938, #6056, .T. ) ;
#3720 = VECTOR ( 'NONE', #1059, 1000.000000000000000 ) ;
#3721 = AXIS2_PLACEMENT_3D ( 'NONE', #827, #7718, #3054 ) ;
#3722 = LINE ( 'NONE', #5890, #67 ) ;
#3723 = EDGE_LOOP ( 'NONE', ( #1275, #5552, #7252, #455 ) ) ;
#3724 = CARTESIAN_POINT ( 'NONE',  ( 2.100000000000001865, 0.000000000000000000, -1.870000000000001883 ) ) ;
#3725 = ORIENTED_EDGE ( 'NONE', *, *, #1805, .T. ) ;
#3726 = DIRECTION ( 'NONE',  ( 1.000000000000000000, 0.000000000000000000, -5.421010862427520198E-16 ) ) ;
#3727 =( NAMED_UNIT ( * ) PLANE_ANGLE_UNIT ( ) SI_UNIT ( $, .RADIAN. ) );
#3728 = LINE ( 'NONE', #1389, #199 ) ;
#3729 = ORIENTED_EDGE ( 'NONE', *, *, #5196, .F. ) ;
#3730 = ORIENTED_EDGE ( 'NONE', *, *, #9589, .F. ) ;
#3731 = CARTESIAN_POINT ( 'NONE',  ( 0.8700000000000009948, 0.6664761515876257425, 2.500000000000000444 ) ) ;
#3732 = PLANE ( 'NONE',  #9494 ) ;
#3733 = DIRECTION ( 'NONE',  ( -0.000000000000000000, 0.000000000000000000, -1.000000000000000000 ) ) ;
#3734 = VECTOR ( 'NONE', #7452, 1000.000000000000000 ) ;
#3735 = CARTESIAN_POINT ( 'NONE',  ( 2.500000000000002220, 0.04999999999999969746, 0.8699999999999996625 ) ) ;
#3736 = EDGE_CURVE ( 'NONE', #4648, #975, #6277, .T. ) ;
#3737 = DIRECTION ( 'NONE',  ( 2.710505431213760691E-15, 0.000000000000000000, 1.000000000000000000 ) ) ;
#3738 = EDGE_LOOP ( 'NONE', ( #4010, #7463, #9548, #6272 ) ) ;
#3739 = CARTESIAN_POINT ( 'NONE',  ( 0.3700000000000013833, 0.6664761515876257425, -2.100000000000000089 ) ) ;
#3740 = ORIENTED_EDGE ( 'NONE', *, *, #3169, .T. ) ;
#3741 = PLANE ( 'NONE',  #9969 ) ;
#3742 = EDGE_LOOP ( 'NONE', ( #9430, #7341, #1391, #757 ) ) ;
#3743 = VECTOR ( 'NONE', #853, 1000.000000000000000 ) ;
#3744 = DIRECTION ( 'NONE',  ( -0.000000000000000000, -0.000000000000000000, 1.000000000000000000 ) ) ;
#3745 = CARTESIAN_POINT ( 'NONE',  ( -0.3700000000000001066, 0.1999999999999999833, -2.100000000000000089 ) ) ;
#3746 = LINE ( 'NONE', #8168, #336 ) ;
#3747 = ORIENTED_EDGE ( 'NONE', *, *, #8796, .F. ) ;
#3748 = LINE ( 'NONE', #465, #9622 ) ;
#3749 = ADVANCED_FACE ( 'NONE', ( #4230 ), #305, .T. ) ;
#3750 = EDGE_LOOP ( 'NONE', ( #7815, #1335, #8634, #3994 ) ) ;
#3751 = EDGE_CURVE ( 'NONE', #5823, #5669, #5939, .T. ) ;
#3752 = CARTESIAN_POINT ( 'NONE',  ( -2.500000000000002220, 0.6664761515876249653, -1.630000000000000338 ) ) ;
#3753 = LINE ( 'NONE', #8917, #9160 ) ;
#3754 = PLANE ( 'NONE',  #856 ) ;
#3755 = ORIENTED_EDGE ( 'NONE', *, *, #1530, .F. ) ;
#3756 = VERTEX_POINT ( 'NONE', #8698 ) ;
#3757 = LINE ( 'NONE', #4009, #716 ) ;
#3758 = CARTESIAN_POINT ( 'NONE',  ( -2.100000000000001865, 0.000000000000000000, -1.870000000000001883 ) ) ;
#3759 = ORIENTED_EDGE ( 'NONE', *, *, #7766, .F. ) ;
#3760 =( GEOMETRIC_REPRESENTATION_CONTEXT ( 3 ) GLOBAL_UNCERTAINTY_ASSIGNED_CONTEXT ( ( #6219 ) ) GLOBAL_UNIT_ASSIGNED_CONTEXT ( ( #9672, #7405, #9710 ) ) REPRESENTATION_CONTEXT ( 'NONE', 'WORKASPACE' ) );
#3761 = MANIFOLD_SOLID_BREP ( 'LPattern3[1]', #9930 ) ;
#3762 = ADVANCED_FACE ( 'NONE', ( #5437 ), #240, .T. ) ;
#3763 = VECTOR ( 'NONE', #2788, 1000.000000000000000 ) ;
#3764 = ORIENTED_EDGE ( 'NONE', *, *, #6918, .T. ) ;
#3765 = EDGE_CURVE ( 'NONE', #8180, #9544, #4827, .T. ) ;
#3766 = VECTOR ( 'NONE', #3426, 1000.000000000000000 ) ;
#3767 = DIRECTION ( 'NONE',  ( -1.000000000000000000, 0.000000000000000000, -0.000000000000000000 ) ) ;
#3768 = ORIENTED_EDGE ( 'NONE', *, *, #1172, .T. ) ;
#3769 = CARTESIAN_POINT ( 'NONE',  ( -0.6299999999999982281, 0.000000000000000000, 2.100000000000000089 ) ) ;
#3770 = DIRECTION ( 'NONE',  ( 1.000000000000000000, -0.000000000000000000, 0.000000000000000000 ) ) ;
#3771 = VECTOR ( 'NONE', #7505, 1000.000000000000000 ) ;
#3772 = AXIS2_PLACEMENT_3D ( 'NONE', #5126, #5097, #2016 ) ;
#3773 = EDGE_LOOP ( 'NONE', ( #2032, #7651, #1559, #1601 ) ) ;
#3774 = CARTESIAN_POINT ( 'NONE',  ( 2.100000000000001865, 0.1999999999999999833, -1.870000000000001883 ) ) ;
#3775 = EDGE_CURVE ( 'NONE', #3628, #4300, #4595, .T. ) ;
#3776 = ORIENTED_EDGE ( 'NONE', *, *, #9589, .T. ) ;
#3777 = LINE ( 'NONE', #3433, #5455 ) ;
#3778 = VECTOR ( 'NONE', #9345, 1000.000000000000000 ) ;
#3779 = ORIENTED_EDGE ( 'NONE', *, *, #5748, .T. ) ;
#3780 = ORIENTED_EDGE ( 'NONE', *, *, #2200, .F. ) ;
#3781 = CARTESIAN_POINT ( 'NONE',  ( -0.6299999999999985612, 0.1999999999999999833, -2.100000000000000089 ) ) ;
#3782 = VECTOR ( 'NONE', #9855, 1000.000000000000000 ) ;
#3783 = EDGE_CURVE ( 'NONE', #7678, #4050, #2810, .T. ) ;
#3784 = PLANE ( 'NONE',  #3502 ) ;
#3785 = CARTESIAN_POINT ( 'NONE',  ( -0.8700000000000008837, 0.05000000000000000278, 4.716279450311948232E-16 ) ) ;
#3786 = ORIENTED_EDGE ( 'NONE', *, *, #6578, .F. ) ;
#3787 = VERTEX_POINT ( 'NONE', #9567 ) ;
#3788 = CARTESIAN_POINT ( 'NONE',  ( 1.370000000000000329, 0.000000000000000000, -2.500000000000000444 ) ) ;
#3789 = EDGE_CURVE ( 'NONE', #772, #1532, #6524, .T. ) ;
#3790 = ORIENTED_EDGE ( 'NONE', *, *, #3006, .F. ) ;
#3791 = ADVANCED_FACE ( 'NONE', ( #723 ), #8063, .T. ) ;
#3792 = CARTESIAN_POINT ( 'NONE',  ( -1.870000000000000107, 0.000000000000000000, -2.100000000000000089 ) ) ;
#3793 = DIRECTION ( 'NONE',  ( 0.000000000000000000, 0.000000000000000000, -1.000000000000000000 ) ) ;
#3794 = VERTEX_POINT ( 'NONE', #5800 ) ;
#3795 = CARTESIAN_POINT ( 'NONE',  ( 1.129999999999999893, 0.6664761515876257425, -2.500000000000000444 ) ) ;
#3796 = DIRECTION ( 'NONE',  ( 0.000000000000000000, -1.000000000000000000, 0.000000000000000000 ) ) ;
#3797 = CARTESIAN_POINT ( 'NONE',  ( -0.6299999999999996714, 0.2000000000000000111, -2.500000000000000444 ) ) ;
#3798 = VERTEX_POINT ( 'NONE', #2705 ) ;
#3799 = FACE_OUTER_BOUND ( 'NONE', #289, .T. ) ;
#3800 = CARTESIAN_POINT ( 'NONE',  ( -2.500000000000002220, 0.6664761515876249653, -1.870000000000001883 ) ) ;
#3801 = DIRECTION ( 'NONE',  ( 0.000000000000000000, -1.000000000000000000, 0.000000000000000000 ) ) ;
#3802 = CARTESIAN_POINT ( 'NONE',  ( -2.500000000000002220, 0.1999999999999999833, -0.8700000000000018829 ) ) ;
#3803 = EDGE_CURVE ( 'NONE', #3798, #7812, #482, .T. ) ;
#3805 = ADVANCED_FACE ( 'NONE', ( #4480 ), #5941, .T. ) ;
#3804 = ORIENTED_EDGE ( 'NONE', *, *, #9120, .T. ) ;
#3806 = LINE ( 'NONE', #1939, #7884 ) ;
#3807 = VERTEX_POINT ( 'NONE', #6643 ) ;
#3808 = ORIENTED_EDGE ( 'NONE', *, *, #3241, .F. ) ;
#3809 = DIRECTION ( 'NONE',  ( -1.000000000000000000, 0.000000000000000000, 0.000000000000000000 ) ) ;
#3810 = CARTESIAN_POINT ( 'NONE',  ( 0.000000000000000000, 0.05000000000000000278, 0.8699999999999996625 ) ) ;
#3811 = EDGE_CURVE ( 'NONE', #5011, #9343, #103, .T. ) ;
#3812 = VERTEX_POINT ( 'NONE', #9860 ) ;
#3813 = LINE ( 'NONE', #8767, #3720 ) ;
#3814 = LINE ( 'NONE', #4294, #9704 ) ;
#3815 = EDGE_CURVE ( 'NONE', #264, #6318, #348, .T. ) ;
#3816 = DIRECTION ( 'NONE',  ( 0.000000000000000000, -0.000000000000000000, -1.000000000000000000 ) ) ;
#3817 = LINE ( 'NONE', #887, #5877 ) ;
#3818 = ORIENTED_EDGE ( 'NONE', *, *, #8367, .F. ) ;
#3819 = ORIENTED_EDGE ( 'NONE', *, *, #5118, .F. ) ;
#3820 = DIRECTION ( 'NONE',  ( 0.000000000000000000, -1.000000000000000000, 0.000000000000000000 ) ) ;
#3821 = VECTOR ( 'NONE', #8607, 1000.000000000000000 ) ;
#3822 = AXIS2_PLACEMENT_3D ( 'NONE', #4993, #9484, #7228 ) ;
#3823 = FACE_OUTER_BOUND ( 'NONE', #2930, .T. ) ;
#3824 = CARTESIAN_POINT ( 'NONE',  ( 0.8700000000000014388, 0.2000000000000000111, -2.100000000000000089 ) ) ;
#3825 = CARTESIAN_POINT ( 'NONE',  ( -2.100000000000001865, 0.1999999999999999833, -0.3700000000000018274 ) ) ;
#3826 = DIRECTION ( 'NONE',  ( 1.000000000000000000, -0.000000000000000000, -0.000000000000000000 ) ) ;
#3827 = VECTOR ( 'NONE', #225, 1000.000000000000000 ) ;
#3828 = VERTEX_POINT ( 'NONE', #3050 ) ;
#3829 = EDGE_CURVE ( 'NONE', #9736, #1834, #3977, .T. ) ;
#3830 = PLANE ( 'NONE',  #3219 ) ;
#3831 = ORIENTED_EDGE ( 'NONE', *, *, #9540, .T. ) ;
#3832 = AXIS2_PLACEMENT_3D ( 'NONE', #7281, #5051, #8106 ) ;
#3833 = DIRECTION ( 'NONE',  ( 1.000000000000000000, -0.000000000000000000, -0.000000000000000000 ) ) ;
#3834 = FACE_OUTER_BOUND ( 'NONE', #3569, .T. ) ;
#3835 = LINE ( 'NONE', #4157, #440 ) ;
#3836 = CARTESIAN_POINT ( 'NONE',  ( -2.500000000000002220, 0.000000000000000000, 0.8699999999999996625 ) ) ;
#3837 = VERTEX_POINT ( 'NONE', #6803 ) ;
#3838 = VECTOR ( 'NONE', #8576, 1000.000000000000000 ) ;
#3839 = DIRECTION ( 'NONE',  ( -0.000000000000000000, -1.000000000000000000, -0.000000000000000000 ) ) ;
#3840 = ORIENTED_EDGE ( 'NONE', *, *, #3292, .T. ) ;
#3841 = AXIS2_PLACEMENT_3D ( 'NONE', #7021, #6251, #4626 ) ;
#3842 = ADVANCED_FACE ( 'NONE', ( #2424 ), #3075, .F. ) ;
#3843 = EDGE_CURVE ( 'NONE', #6609, #9129, #1341, .T. ) ;
#3844 = FACE_OUTER_BOUND ( 'NONE', #5212, .T. ) ;
#3845 = DIRECTION ( 'NONE',  ( 0.000000000000000000, 0.000000000000000000, 1.000000000000000000 ) ) ;
#3846 = CARTESIAN_POINT ( 'NONE',  ( 0.1299999999999998934, 0.000000000000000000, -2.100000000000000089 ) ) ;
#3847 = AXIS2_PLACEMENT_3D ( 'NONE', #3127, #1507, #3068 ) ;
#3848 = DIRECTION ( 'NONE',  ( 8.673617379884035472E-17, -0.000000000000000000, 1.000000000000000000 ) ) ;
#3849 = VECTOR ( 'NONE', #6858, 1000.000000000000000 ) ;
#3850 = VERTEX_POINT ( 'NONE', #6120 ) ;
#3851 = LINE ( 'NONE', #5494, #7462 ) ;
#3852 = ORIENTED_EDGE ( 'NONE', *, *, #9972, .T. ) ;
#3853 = DIRECTION ( 'NONE',  ( -1.000000000000000000, 0.000000000000000000, 0.000000000000000000 ) ) ;
#3854 = DIRECTION ( 'NONE',  ( -0.000000000000000000, -0.000000000000000000, 1.000000000000000000 ) ) ;
#3855 = VERTEX_POINT ( 'NONE', #1485 ) ;
#3856 = VECTOR ( 'NONE', #1175, 1000.000000000000000 ) ;
#3857 = ADVANCED_FACE ( 'NONE', ( #8073 ), #8445, .F. ) ;
#3858 = ORIENTED_EDGE ( 'NONE', *, *, #9667, .F. ) ;
#3859 = VECTOR ( 'NONE', #1363, 1000.000000000000000 ) ;
#3860 = CARTESIAN_POINT ( 'NONE',  ( -2.500000000000002220, 0.000000000000000000, -1.130000000000000338 ) ) ;
#3861 = VERTEX_POINT ( 'NONE', #7552 ) ;
#3862 = MECHANICAL_DESIGN_GEOMETRIC_PRESENTATION_REPRESENTATION (  '', ( #7968 ), #4384 ) ;
#3863 = CARTESIAN_POINT ( 'NONE',  ( 0.8700000000000018829, 0.2000000000000000111, 2.100000000000000089 ) ) ;
#3864 = CARTESIAN_POINT ( 'NONE',  ( 1.629999999999999893, 0.1999999999999999833, -2.500000000000000444 ) ) ;
#3865 = DIRECTION ( 'NONE',  ( 0.000000000000000000, -0.000000000000000000, -1.000000000000000000 ) ) ;
#3866 = EDGE_CURVE ( 'NONE', #3632, #2298, #7825, .T. ) ;
#3867 = CARTESIAN_POINT ( 'NONE',  ( -0.8699999999999996625, 0.2000000000000000111, 2.100000000000000977 ) ) ;
#3868 = VECTOR ( 'NONE', #1020, 1000.000000000000000 ) ;
#3869 = ORIENTED_EDGE ( 'NONE', *, *, #6852, .T. ) ;
#3870 = CARTESIAN_POINT ( 'NONE',  ( -1.129999999999998117, 0.2000000000000000111, 2.100000000000000089 ) ) ;
#3871 = ORIENTED_EDGE ( 'NONE', *, *, #8010, .T. ) ;
#3872 = LINE ( 'NONE', #7433, #1797 ) ;
#3873 = EDGE_LOOP ( 'NONE', ( #9501, #3160, #3067, #5676 ) ) ;
#3874 = CARTESIAN_POINT ( 'NONE',  ( 2.100000000000001865, 0.6664761515876249653, -1.370000000000001883 ) ) ;
#3875 = VECTOR ( 'NONE', #898, 1000.000000000000000 ) ;
#3876 = AXIS2_PLACEMENT_3D ( 'NONE', #3343, #1683, #5601 ) ;
#3877 = ORIENTED_EDGE ( 'NONE', *, *, #6328, .F. ) ;
#3878 = VECTOR ( 'NONE', #3398, 1000.000000000000000 ) ;
#3879 = VERTEX_POINT ( 'NONE', #737 ) ;
#3880 = EDGE_CURVE ( 'NONE', #2712, #4756, #1927, .T. ) ;
#3881 = ORIENTED_EDGE ( 'NONE', *, *, #5653, .T. ) ;
#3882 = DIRECTION ( 'NONE',  ( -1.000000000000000000, 0.000000000000000000, 0.000000000000000000 ) ) ;
#3883 = LINE ( 'NONE', #3147, #9771 ) ;
#3884 = ORIENTED_EDGE ( 'NONE', *, *, #9176, .F. ) ;
#3885 = PLANE ( 'NONE',  #9473 ) ;
#3886 = VECTOR ( 'NONE', #2808, 1000.000000000000000 ) ;
#3887 = ORIENTED_EDGE ( 'NONE', *, *, #8453, .F. ) ;
#3888 = DIRECTION ( 'NONE',  ( -1.000000000000000000, -0.000000000000000000, -0.000000000000000000 ) ) ;
#3889 = EDGE_CURVE ( 'NONE', #8773, #1990, #3143, .T. ) ;
#3890 = EDGE_CURVE ( 'NONE', #9834, #7560, #7719, .T. ) ;
#3891 = ADVANCED_FACE ( 'NONE', ( #2922 ), #1392, .F. ) ;
#3892 = DIRECTION ( 'NONE',  ( 2.168404344971008079E-15, -0.000000000000000000, -1.000000000000000000 ) ) ;
#3893 = CARTESIAN_POINT ( 'NONE',  ( 2.499999999999998668, 0.05000000000000000278, 2.499999999999999556 ) ) ;
#3894 = ORIENTED_EDGE ( 'NONE', *, *, #4740, .F. ) ;
#3895 = DIRECTION ( 'NONE',  ( 0.000000000000000000, 0.000000000000000000, -1.000000000000000000 ) ) ;
#3896 = DIRECTION ( 'NONE',  ( 0.000000000000000000, -1.000000000000000000, 0.000000000000000000 ) ) ;
#3897 = CARTESIAN_POINT ( 'NONE',  ( 0.8700000000000009948, 0.2000000000000000111, 2.500000000000000444 ) ) ;
#3898 = DIRECTION ( 'NONE',  ( -1.000000000000000000, 0.000000000000000000, 0.000000000000000000 ) ) ;
#3899 = VECTOR ( 'NONE', #8374, 1000.000000000000000 ) ;
#3900 = ORIENTED_EDGE ( 'NONE', *, *, #10003, .F. ) ;
#3901 = EDGE_CURVE ( 'NONE', #1789, #5100, #9872, .T. ) ;
#3902 = EDGE_LOOP ( 'NONE', ( #5815, #8929, #1316, #9381 ) ) ;
#3903 = ADVANCED_FACE ( 'NONE', ( #6176 ), #4528, .F. ) ;
#3904 = CARTESIAN_POINT ( 'NONE',  ( -2.100000000000001865, 0.1999999999999999833, 1.369999999999999662 ) ) ;
#3905 = CARTESIAN_POINT ( 'NONE',  ( -1.370000000000000107, 0.2000000000000000111, -2.500000000000000444 ) ) ;
#3906 = ORIENTED_EDGE ( 'NONE', *, *, #612, .F. ) ;
#3907 = CARTESIAN_POINT ( 'NONE',  ( -1.369999999999999440, 0.2000000000000000111, 2.500000000000001332 ) ) ;
#3908 = CARTESIAN_POINT ( 'NONE',  ( -2.100000000000001865, 0.1999999999999999833, -1.130000000000000338 ) ) ;
#3909 = LINE ( 'NONE', #5185, #3683 ) ;
#3910 = VERTEX_POINT ( 'NONE', #9105 ) ;
#3911 = PRESENTATION_STYLE_ASSIGNMENT (( #4750 ) ) ;
#3912 = AXIS2_PLACEMENT_3D ( 'NONE', #7875, #8742, #2570 ) ;
#3913 = ORIENTED_EDGE ( 'NONE', *, *, #7131, .F. ) ;
#3914 = EDGE_CURVE ( 'NONE', #6887, #5335, #9057, .T. ) ;
#3915 = DIRECTION ( 'NONE',  ( 1.000000000000000000, 0.000000000000000000, -0.000000000000000000 ) ) ;
#3916 = LINE ( 'NONE', #2374, #3069 ) ;
#3917 = ORIENTED_EDGE ( 'NONE', *, *, #9344, .T. ) ;
#3918 = CARTESIAN_POINT ( 'NONE',  ( 2.100000000000001865, 0.1999999999999999833, 0.1299999999999981726 ) ) ;
#3919 = CARTESIAN_POINT ( 'NONE',  ( -2.100000000000001865, 0.6664761515876249653, 1.369999999999999662 ) ) ;
#3920 = CARTESIAN_POINT ( 'NONE',  ( 0.000000000000000000, 0.000000000000000000, 0.000000000000000000 ) ) ;
#3921 = VECTOR ( 'NONE', #2486, 1000.000000000000000 ) ;
#3922 = CARTESIAN_POINT ( 'NONE',  ( 2.500000000000002220, 0.000000000000000000, -1.130000000000000338 ) ) ;
#3923 = CARTESIAN_POINT ( 'NONE',  ( -0.1299999999999981726, 0.2000000000000000111, 2.100000000000000089 ) ) ;
#3924 = VERTEX_POINT ( 'NONE', #1608 ) ;
#3925 = CARTESIAN_POINT ( 'NONE',  ( -0.6299999999999985612, 0.000000000000000000, -2.100000000000000089 ) ) ;
#3926 = AXIS2_PLACEMENT_3D ( 'NONE', #5093, #8236, #6682 ) ;
#3927 = ORIENTED_EDGE ( 'NONE', *, *, #2133, .F. ) ;
#3928 = EDGE_CURVE ( 'NONE', #5791, #9698, #4950, .T. ) ;
#3929 = MANIFOLD_SOLID_BREP ( 'LPattern4[7]', #5419 ) ;
#3930 = ORIENTED_EDGE ( 'NONE', *, *, #929, .T. ) ;
#3931 = DIRECTION ( 'NONE',  ( 0.000000000000000000, -1.000000000000000000, 0.000000000000000000 ) ) ;
#3932 = CARTESIAN_POINT ( 'NONE',  ( 1.130000000000000338, 0.1999999999999999833, 2.100000000000000977 ) ) ;
#3933 = VECTOR ( 'NONE', #1772, 1000.000000000000000 ) ;
#3934 = ADVANCED_FACE ( 'NONE', ( #7707 ), #9207, .F. ) ;
#3935 = VECTOR ( 'NONE', #4051, 1000.000000000000000 ) ;
#3936 = VECTOR ( 'NONE', #7398, 1000.000000000000000 ) ;
#3937 = EDGE_LOOP ( 'NONE', ( #4385, #2850, #5481, #7691 ) ) ;
#3938 = CARTESIAN_POINT ( 'NONE',  ( -2.500000000000002220, 0.04999999999999969746, 0.3699999999999996625 ) ) ;
#3939 = PLANE ( 'NONE',  #1753 ) ;
#3940 = ORIENTED_EDGE ( 'NONE', *, *, #7374, .F. ) ;
#3941 = CARTESIAN_POINT ( 'NONE',  ( 2.100000000000001865, 0.6664761515876249653, 0.1299999999999981726 ) ) ;
#3942 = EDGE_CURVE ( 'NONE', #6006, #9669, #9632, .T. ) ;
#3943 = CARTESIAN_POINT ( 'NONE',  ( 0.000000000000000000, 0.000000000000000000, 1.000000000000000000 ) ) ;
#3944 = VECTOR ( 'NONE', #414, 1000.000000000000000 ) ;
#3945 = DIRECTION ( 'NONE',  ( 0.000000000000000000, -1.000000000000000000, 0.000000000000000000 ) ) ;
#3946 = ADVANCED_FACE ( 'NONE', ( #3255 ), #7737, .F. ) ;
#3947 = VERTEX_POINT ( 'NONE', #2441 ) ;
#3948 = LINE ( 'NONE', #9660, #433 ) ;
#3949 = ORIENTED_EDGE ( 'NONE', *, *, #8542, .T. ) ;
#3950 = AXIS2_PLACEMENT_3D ( 'NONE', #4634, #8585, #7760 ) ;
#3951 = EDGE_CURVE ( 'NONE', #7453, #8603, #7117, .T. ) ;
#3952 = DIRECTION ( 'NONE',  ( 0.000000000000000000, 0.000000000000000000, -1.000000000000000000 ) ) ;
#3953 = COLOUR_RGB ( '',0.7921568627450980005, 0.8196078431372548767, 0.9333333333333333481 ) ;
#3954 = VERTEX_POINT ( 'NONE', #7610 ) ;
#3955 = FACE_OUTER_BOUND ( 'NONE', #653, .T. ) ;
#3956 = CARTESIAN_POINT ( 'NONE',  ( -2.100000000000001865, 0.000000000000000000, 1.129999999999998117 ) ) ;
#3957 = EDGE_LOOP ( 'NONE', ( #7742, #3010, #5680, #2600 ) ) ;
#3958 = LINE ( 'NONE', #1416, #7342 ) ;
#3959 = CARTESIAN_POINT ( 'NONE',  ( 0.000000000000000000, 0.05000000000000000278, -0.8700000000000018829 ) ) ;
#3960 = CARTESIAN_POINT ( 'NONE',  ( 0.8700000000000003286, 0.000000000000000000, -2.500000000000000444 ) ) ;
#3961 = CARTESIAN_POINT ( 'NONE',  ( 1.370000000000001883, 0.000000000000000000, 2.100000000000000089 ) ) ;
#3962 = LINE ( 'NONE', #6872, #2901 ) ;
#3963 = ORIENTED_EDGE ( 'NONE', *, *, #7794, .T. ) ;
#3964 = LINE ( 'NONE', #9071, #1434 ) ;
#3965 = ORIENTED_EDGE ( 'NONE', *, *, #3256, .F. ) ;
#3966 = EDGE_CURVE ( 'NONE', #6890, #3580, #4936, .T. ) ;
#3967 = CLOSED_SHELL ( 'NONE', ( #9841, #7763, #1599, #5060, #5716, #233 ) ) ;
#3968 = DIRECTION ( 'NONE',  ( 0.000000000000000000, 0.000000000000000000, -1.000000000000000000 ) ) ;
#3969 = VECTOR ( 'NONE', #1686, 1000.000000000000000 ) ;
#3970 = VECTOR ( 'NONE', #3605, 1000.000000000000000 ) ;
#3971 = VERTEX_POINT ( 'NONE', #7701 ) ;
#3972 = FACE_OUTER_BOUND ( 'NONE', #1584, .T. ) ;
#3973 = VERTEX_POINT ( 'NONE', #3907 ) ;
#3974 = LINE ( 'NONE', #3583, #9054 ) ;
#3975 = ORIENTED_EDGE ( 'NONE', *, *, #137, .T. ) ;
#3976 = CARTESIAN_POINT ( 'NONE',  ( -2.100000000000001865, 0.6664761515876249653, 1.869999999999999662 ) ) ;
#3977 = LINE ( 'NONE', #3015, #9765 ) ;
#3978 = ORIENTED_EDGE ( 'NONE', *, *, #7100, .T. ) ;
#3979 = VECTOR ( 'NONE', #642, 1000.000000000000000 ) ;
#3980 = CARTESIAN_POINT ( 'NONE',  ( 2.500000000000002220, 0.6664761515876249653, 1.369999999999999662 ) ) ;
#3981 = UNCERTAINTY_MEASURE_WITH_UNIT (LENGTH_MEASURE( 1.000000000000000082E-05 ), #6440, 'distance_accuracy_value', 'NONE');
#3982 = ORIENTED_EDGE ( 'NONE', *, *, #1255, .F. ) ;
#3983 = CARTESIAN_POINT ( 'NONE',  ( -0.3700000000000001066, 0.2000000000000000111, -2.100000000000000089 ) ) ;
#3984 = EDGE_CURVE ( 'NONE', #9308, #649, #9498, .T. ) ;
#3985 = CARTESIAN_POINT ( 'NONE',  ( 0.6299999999999998934, 0.1999999999999999833, -2.100000000000000089 ) ) ;
#3986 = LINE ( 'NONE', #9517, #3875 ) ;
#3987 = ORIENTED_EDGE ( 'NONE', *, *, #3302, .T. ) ;
#3988 = VECTOR ( 'NONE', #8791, 1000.000000000000000 ) ;
#3989 = ADVANCED_FACE ( 'NONE', ( #1450 ), #3126, .F. ) ;
#3990 = VERTEX_POINT ( 'NONE', #6205 ) ;
#3991 = CARTESIAN_POINT ( 'NONE',  ( -0.3700000000000001066, 0.2000000000000000111, -2.100000000000000089 ) ) ;
#3992 = EDGE_CURVE ( 'NONE', #9387, #1108, #8780, .T. ) ;
#3993 = VECTOR ( 'NONE', #5193, 1000.000000000000000 ) ;
#3994 = ORIENTED_EDGE ( 'NONE', *, *, #4684, .F. ) ;
#3995 = EDGE_CURVE ( 'NONE', #3124, #9566, #6652, .T. ) ;
#3996 = LINE ( 'NONE', #4389, #8334 ) ;
#3997 = ORIENTED_EDGE ( 'NONE', *, *, #5653, .F. ) ;
#3998 = DIRECTION ( 'NONE',  ( -0.000000000000000000, -1.000000000000000000, -0.000000000000000000 ) ) ;
#3999 = CARTESIAN_POINT ( 'NONE',  ( 2.100000000000001865, 0.000000000000000000, 0.6299999999999982281 ) ) ;
#4000 = VECTOR ( 'NONE', #7349, 1000.000000000000000 ) ;
#4001 = PLANE ( 'NONE',  #5558 ) ;
#4002 = ORIENTED_EDGE ( 'NONE', *, *, #795, .F. ) ;
#4003 = AXIS2_PLACEMENT_3D ( 'NONE', #2098, #3556, #8938 ) ;
#4004 = VERTEX_POINT ( 'NONE', #9216 ) ;
#4005 = EDGE_CURVE ( 'NONE', #1771, #9010, #5081, .T. ) ;
#4006 = VECTOR ( 'NONE', #81, 1000.000000000000000 ) ;
#4007 = DIRECTION ( 'NONE',  ( 1.000000000000000000, -0.000000000000000000, -0.000000000000000000 ) ) ;
#4008 = CARTESIAN_POINT ( 'NONE',  ( 2.499999999999998668, 0.2000000000000005107, 1.129999999999998117 ) ) ;
#4009 = CARTESIAN_POINT ( 'NONE',  ( -2.100000000000001865, 0.1999999999999999833, -1.870000000000001883 ) ) ;
#4010 = ORIENTED_EDGE ( 'NONE', *, *, #6381, .F. ) ;
#4011 = DIRECTION ( 'NONE',  ( 0.000000000000000000, 0.000000000000000000, -1.000000000000000000 ) ) ;
#4012 = CARTESIAN_POINT ( 'NONE',  ( -0.1299999999999986167, 0.2000000000000000111, -2.100000000000000089 ) ) ;
#4013 = ORIENTED_EDGE ( 'NONE', *, *, #7115, .T. ) ;
#4014 = CARTESIAN_POINT ( 'NONE',  ( 2.100000000000001865, 0.6664761515876249653, -1.630000000000000338 ) ) ;
#4015 =( NAMED_UNIT ( * ) PLANE_ANGLE_UNIT ( ) SI_UNIT ( $, .RADIAN. ) );
#4016 = PLANE ( 'NONE',  #6075 ) ;
#4017 = VERTEX_POINT ( 'NONE', #3041 ) ;
#4018 = VECTOR ( 'NONE', #6285, 1000.000000000000000 ) ;
#4019 = EDGE_CURVE ( 'NONE', #2198, #3571, #7364, .T. ) ;
#4020 = EDGE_LOOP ( 'NONE', ( #388, #1619, #1166, #5901 ) ) ;
#4021 = DIRECTION ( 'NONE',  ( -1.000000000000000000, 0.000000000000000000, 0.000000000000000000 ) ) ;
#4022 = AXIS2_PLACEMENT_3D ( 'NONE', #5063, #2854, #6691 ) ;
#4023 = FILL_AREA_STYLE_COLOUR ( '', #8798 ) ;
#4024 = PRESENTATION_STYLE_ASSIGNMENT (( #2273 ) ) ;
#4025 = ORIENTED_EDGE ( 'NONE', *, *, #5497, .F. ) ;
#4026 = VECTOR ( 'NONE', #7528, 1000.000000000000000 ) ;
#4027 = DIRECTION ( 'NONE',  ( -0.000000000000000000, -1.000000000000000000, -0.000000000000000000 ) ) ;
#4028 = DIRECTION ( 'NONE',  ( 0.000000000000000000, -1.000000000000000000, 0.000000000000000000 ) ) ;
#4029 = ORIENTED_EDGE ( 'NONE', *, *, #3634, .F. ) ;
#4030 = FILL_AREA_STYLE_COLOUR ( '', #6227 ) ;
#4031 = CARTESIAN_POINT ( 'NONE',  ( -1.800000000000000044, 0.05000000000000000278, 0.000000000000000000 ) ) ;
#4032 = DIRECTION ( 'NONE',  ( 0.000000000000000000, 0.000000000000000000, -1.000000000000000000 ) ) ;
#4033 = VERTEX_POINT ( 'NONE', #5454 ) ;
#4034 = AXIS2_PLACEMENT_3D ( 'NONE', #7222, #2606, #5702 ) ;
#4035 = ADVANCED_FACE ( 'NONE', ( #3631 ), #728, .F. ) ;
#4036 = ORIENTED_EDGE ( 'NONE', *, *, #3648, .T. ) ;
#4037 = EDGE_CURVE ( 'NONE', #2805, #9400, #3132, .T. ) ;
#4038 = ORIENTED_EDGE ( 'NONE', *, *, #2278, .T. ) ;
#4039 = LINE ( 'NONE', #9507, #5504 ) ;
#4040 = CARTESIAN_POINT ( 'NONE',  ( -2.500000000000002220, 0.000000000000000000, 1.629999999999998117 ) ) ;
#4041 = FACE_OUTER_BOUND ( 'NONE', #5912, .T. ) ;
#4042 = DIRECTION ( 'NONE',  ( -0.000000000000000000, 0.000000000000000000, 1.000000000000000000 ) ) ;
#4043 = CARTESIAN_POINT ( 'NONE',  ( 2.100000000000001865, 0.1999999999999999833, -1.630000000000000338 ) ) ;
#4044 =( NAMED_UNIT ( * ) PLANE_ANGLE_UNIT ( ) SI_UNIT ( $, .RADIAN. ) );
#4045 = VECTOR ( 'NONE', #144, 1000.000000000000000 ) ;
#4046 = DIRECTION ( 'NONE',  ( 0.000000000000000000, -0.000000000000000000, -1.000000000000000000 ) ) ;
#4047 = ORIENTED_EDGE ( 'NONE', *, *, #5165, .F. ) ;
#4048 = DIRECTION ( 'NONE',  ( 1.000000000000000000, 0.000000000000000000, -0.000000000000000000 ) ) ;
#4049 = MANIFOLD_SOLID_BREP ( 'tab ex', #3967 ) ;
#4050 = VERTEX_POINT ( 'NONE', #5336 ) ;
#4051 = DIRECTION ( 'NONE',  ( -0.000000000000000000, -1.000000000000000000, -0.000000000000000000 ) ) ;
#4052 = AXIS2_PLACEMENT_3D ( 'NONE', #4166, #3586, #9822 ) ;
#4053 = FACE_OUTER_BOUND ( 'NONE', #8806, .T. ) ;
#4054 = VECTOR ( 'NONE', #2320, 1000.000000000000000 ) ;
#4055 = EDGE_CURVE ( 'NONE', #7704, #4813, #9382, .T. ) ;
#4056 = VECTOR ( 'NONE', #1036, 1000.000000000000000 ) ;
#4057 = EDGE_LOOP ( 'NONE', ( #6076, #8575, #5370, #7162 ) ) ;
#4058 = COLOUR_RGB ( '',0.7921568627450980005, 0.8196078431372548767, 0.9333333333333333481 ) ;
#4059 = FILL_AREA_STYLE ('',( #4023 ) ) ;
#4060 = ORIENTED_EDGE ( 'NONE', *, *, #9883, .T. ) ;
#4061 = DIRECTION ( 'NONE',  ( -0.000000000000000000, -1.000000000000000000, -0.000000000000000000 ) ) ;
#4062 = FACE_OUTER_BOUND ( 'NONE', #8407, .T. ) ;
#4063 = DIRECTION ( 'NONE',  ( 0.000000000000000000, -0.000000000000000000, 1.000000000000000000 ) ) ;
#4064 = CARTESIAN_POINT ( 'NONE',  ( 1.870000000000001439, 0.6664761515876257425, -2.100000000000000089 ) ) ;
#4065 = LINE ( 'NONE', #9525, #2763 ) ;
#4066 = ORIENTED_EDGE ( 'NONE', *, *, #1144, .T. ) ;
#4067 = FACE_OUTER_BOUND ( 'NONE', #3669, .T. ) ;
#4068 = EDGE_LOOP ( 'NONE', ( #5447, #2822, #8973, #7953 ) ) ;
#4069 = EDGE_CURVE ( 'NONE', #1532, #6611, #6768, .T. ) ;
#4070 = CARTESIAN_POINT ( 'NONE',  ( -0.1299999999999981726, 0.2000000000000000111, 2.100000000000000089 ) ) ;
#4071 = VECTOR ( 'NONE', #6789, 1000.000000000000000 ) ;
#4072 = ORIENTED_EDGE ( 'NONE', *, *, #2917, .T. ) ;
#4073 = VECTOR ( 'NONE', #4565, 1000.000000000000000 ) ;
#4074 = DIRECTION ( 'NONE',  ( 0.000000000000000000, 0.000000000000000000, -1.000000000000000000 ) ) ;
#4075 = VERTEX_POINT ( 'NONE', #2390 ) ;
#4076 = CARTESIAN_POINT ( 'NONE',  ( -2.100000000000001865, 0.1999999999999999833, -0.6300000000000003375 ) ) ;
#4077 = SURFACE_SIDE_STYLE ('',( #8782 ) ) ;
#4078 = CARTESIAN_POINT ( 'NONE',  ( 0.000000000000000000, 0.05000000000000000278, 1.799999999999999822 ) ) ;
#4079 = CARTESIAN_POINT ( 'NONE',  ( -2.100000000000001865, 0.1999999999999999833, 0.6299999999999982281 ) ) ;
#4080 = ORIENTED_EDGE ( 'NONE', *, *, #2230, .T. ) ;
#4081 = EDGE_CURVE ( 'NONE', #7025, #7239, #4585, .T. ) ;
#4082 = CARTESIAN_POINT ( 'NONE',  ( -1.869999999999999662, 0.04999999999999999584, 2.100000000000000977 ) ) ;
#4083 = DIRECTION ( 'NONE',  ( -1.000000000000000000, 0.000000000000000000, 0.000000000000000000 ) ) ;
#4084 = CARTESIAN_POINT ( 'NONE',  ( 1.870000000000000995, 0.04999999999999969746, 2.500000000000000444 ) ) ;
#4085 = FACE_OUTER_BOUND ( 'NONE', #4115, .T. ) ;
#4086 = PLANE ( 'NONE',  #4175 ) ;
#4088 = CARTESIAN_POINT ( 'NONE',  ( -2.500000000000002220, 0.6664761515876249653, -0.8700000000000018829 ) ) ;
#4087 = DIRECTION ( 'NONE',  ( 0.000000000000000000, -1.000000000000000000, 0.000000000000000000 ) ) ;
#4089 = AXIS2_PLACEMENT_3D ( 'NONE', #7121, #7944, #3339 ) ;
#4090 = LINE ( 'NONE', #6299, #1442 ) ;
#4091 = ORIENTED_EDGE ( 'NONE', *, *, #9356, .F. ) ;
#4092 = CARTESIAN_POINT ( 'NONE',  ( 1.370000000000001439, 0.2000000000000000111, -2.100000000000000089 ) ) ;
#4093 = VECTOR ( 'NONE', #627, 1000.000000000000000 ) ;
#4094 = VERTEX_POINT ( 'NONE', #3938 ) ;
#4095 = ADVANCED_FACE ( 'NONE', ( #8422 ), #4705, .F. ) ;
#4096 = FACE_OUTER_BOUND ( 'NONE', #821, .T. ) ;
#4097 = ORIENTED_EDGE ( 'NONE', *, *, #34, .T. ) ;
#4098 = ORIENTED_EDGE ( 'NONE', *, *, #4696, .T. ) ;
#4099 = COLOUR_RGB ( '',0.7921568627450980005, 0.8196078431372548767, 0.9333333333333333481 ) ;
#4100 = ORIENTED_EDGE ( 'NONE', *, *, #6222, .F. ) ;
#4101 = LINE ( 'NONE', #6070, #5664 ) ;
#4102 = ORIENTED_EDGE ( 'NONE', *, *, #2119, .F. ) ;
#4103 = MECHANICAL_DESIGN_GEOMETRIC_PRESENTATION_REPRESENTATION (  '', ( #2370 ), #272 ) ;
#4104 = DIRECTION ( 'NONE',  ( -0.000000000000000000, -1.000000000000000000, -0.000000000000000000 ) ) ;
#4105 = ORIENTED_EDGE ( 'NONE', *, *, #5297, .F. ) ;
#4106 = EDGE_CURVE ( 'NONE', #7871, #4733, #9162, .T. ) ;
#4107 = VECTOR ( 'NONE', #8819, 1000.000000000000000 ) ;
#4108 = ORIENTED_EDGE ( 'NONE', *, *, #672, .F. ) ;
#4109 =( NAMED_UNIT ( * ) SI_UNIT ( $, .STERADIAN. ) SOLID_ANGLE_UNIT ( ) );
#4110 = DIRECTION ( 'NONE',  ( -1.000000000000000000, 0.000000000000000000, -0.000000000000000000 ) ) ;
#4111 = VECTOR ( 'NONE', #7244, 1000.000000000000000 ) ;
#4112 = ORIENTED_EDGE ( 'NONE', *, *, #9758, .T. ) ;
#4113 = LINE ( 'NONE', #1049, #9395 ) ;
#4114 = UNCERTAINTY_MEASURE_WITH_UNIT (LENGTH_MEASURE( 1.000000000000000082E-05 ), #4169, 'distance_accuracy_value', 'NONE');
#4115 = EDGE_LOOP ( 'NONE', ( #9047, #4180, #4911, #337 ) ) ;
#4116 = LINE ( 'NONE', #3863, #2074 ) ;
#4117 = CARTESIAN_POINT ( 'NONE',  ( -1.370000000000000773, 0.05000000000000000278, 7.426784881525707345E-16 ) ) ;
#4118 = ORIENTED_EDGE ( 'NONE', *, *, #184, .F. ) ;
#4119 = CARTESIAN_POINT ( 'NONE',  ( 1.130000000000000560, 0.2000000000000000111, 2.500000000000001332 ) ) ;
#4120 = CARTESIAN_POINT ( 'NONE',  ( -1.370000000000000107, 0.2000000000000005107, -2.500000000000000444 ) ) ;
#4121 = CARTESIAN_POINT ( 'NONE',  ( 2.500000000000002220, 0.6664761515876249653, -0.3700000000000018274 ) ) ;
#4122 = FACE_OUTER_BOUND ( 'NONE', #7123, .T. ) ;
#4123 = ORIENTED_EDGE ( 'NONE', *, *, #6546, .F. ) ;
#4124 = EDGE_CURVE ( 'NONE', #264, #1755, #4355, .T. ) ;
#4125 = PLANE ( 'NONE',  #2129 ) ;
#4126 = CARTESIAN_POINT ( 'NONE',  ( -1.629999999999998117, 0.2000000000000000111, 2.100000000000000089 ) ) ;
#4127 = ORIENTED_EDGE ( 'NONE', *, *, #7612, .F. ) ;
#4128 = DIRECTION ( 'NONE',  ( -2.710505431213760296E-15, 0.000000000000000000, -1.000000000000000000 ) ) ;
#4129 = DIRECTION ( 'NONE',  ( -0.000000000000000000, -0.000000000000000000, 1.000000000000000000 ) ) ;
#4130 = FACE_OUTER_BOUND ( 'NONE', #9755, .T. ) ;
#4131 = ORIENTED_EDGE ( 'NONE', *, *, #3264, .T. ) ;
#4132 = EDGE_CURVE ( 'NONE', #8603, #3990, #1207, .T. ) ;
#4133 = PLANE ( 'NONE',  #5191 ) ;
#4134 = VECTOR ( 'NONE', #113, 1000.000000000000000 ) ;
#4135 = EDGE_CURVE ( 'NONE', #3020, #5044, #1795, .T. ) ;
#4136 = DIRECTION ( 'NONE',  ( 0.000000000000000000, 1.000000000000000000, 0.000000000000000000 ) ) ;
#4137 = EDGE_LOOP ( 'NONE', ( #2975, #9239, #2883, #6230 ) ) ;
#4138 = CARTESIAN_POINT ( 'NONE',  ( 2.499999999999998668, 0.2000000000000005107, -1.870000000000001883 ) ) ;
#4139 = EDGE_LOOP ( 'NONE', ( #1340, #8927, #6192, #2986 ) ) ;
#4140 = DIRECTION ( 'NONE',  ( -1.000000000000000000, 0.000000000000000000, 0.000000000000000000 ) ) ;
#4141 = DIRECTION ( 'NONE',  ( -0.000000000000000000, -1.000000000000000000, -0.000000000000000000 ) ) ;
#4142 = CARTESIAN_POINT ( 'NONE',  ( 1.800000000000000044, 5.291168824543142968, 1.799999999999999822 ) ) ;
#4143 = FACE_OUTER_BOUND ( 'NONE', #2516, .T. ) ;
#4145 = ADVANCED_FACE ( 'NONE', ( #6386 ), #6267, .T. ) ;
#4144 = ORIENTED_EDGE ( 'NONE', *, *, #5226, .T. ) ;
#4146 = EDGE_CURVE ( 'NONE', #3990, #5860, #4090, .T. ) ;
#4147 = EDGE_CURVE ( 'NONE', #2712, #4727, #9372, .T. ) ;
#4148 = LINE ( 'NONE', #5277, #35 ) ;
#4149 = ORIENTED_EDGE ( 'NONE', *, *, #5022, .T. ) ;
#4150 = DIRECTION ( 'NONE',  ( 0.000000000000000000, 0.000000000000000000, -1.000000000000000000 ) ) ;
#4151 = DIRECTION ( 'NONE',  ( 1.000000000000000000, -0.000000000000000000, -0.000000000000000000 ) ) ;
#4152 = CARTESIAN_POINT ( 'NONE',  ( 2.100000000000001865, 0.000000000000000000, -0.1300000000000003375 ) ) ;
#4153 = CARTESIAN_POINT ( 'NONE',  ( -2.500000000000002220, 0.1999999999999999833, -1.870000000000001883 ) ) ;
#4154 = CARTESIAN_POINT ( 'NONE',  ( 2.100000000000001865, 0.6664761515876249653, 1.129999999999998117 ) ) ;
#4155 = CLOSED_SHELL ( 'NONE', ( #3594, #7820, #4407, #2569, #3332, #6092 ) ) ;
#4156 = CARTESIAN_POINT ( 'NONE',  ( -1.629999999999998561, 0.000000000000000000, -2.100000000000000089 ) ) ;
#4157 = CARTESIAN_POINT ( 'NONE',  ( 1.370000000000001439, 0.000000000000000000, -2.100000000000000089 ) ) ;
#4158 = LINE ( 'NONE', #5530, #2731 ) ;
#4159 = EDGE_LOOP ( 'NONE', ( #3852, #8070, #7633, #5427 ) ) ;
#4160 = EDGE_CURVE ( 'NONE', #4178, #5459, #1197, .T. ) ;
#4161 = VECTOR ( 'NONE', #7774, 1000.000000000000000 ) ;
#4162 = ORIENTED_EDGE ( 'NONE', *, *, #5672, .T. ) ;
#4163 = MECHANICAL_DESIGN_GEOMETRIC_PRESENTATION_REPRESENTATION (  '', ( #2431 ), #1390 ) ;
#4164 = CARTESIAN_POINT ( 'NONE',  ( -2.500000000000002220, 0.1999999999999999833, 1.629999999999998117 ) ) ;
#4165 = ORIENTED_EDGE ( 'NONE', *, *, #6749, .T. ) ;
#4166 = CARTESIAN_POINT ( 'NONE',  ( -0.3699999999999996625, 0.2000000000000000111, 2.100000000000000977 ) ) ;
#4167 = DIRECTION ( 'NONE',  ( -0.000000000000000000, -1.000000000000000000, -0.000000000000000000 ) ) ;
#4168 = ORIENTED_EDGE ( 'NONE', *, *, #3076, .F. ) ;
#4169 =( LENGTH_UNIT ( ) NAMED_UNIT ( * ) SI_UNIT ( .MILLI., .METRE. ) );
#4170 = CARTESIAN_POINT ( 'NONE',  ( 0.000000000000000000, 0.000000000000000000, 0.000000000000000000 ) ) ;
#4171 = ORIENTED_EDGE ( 'NONE', *, *, #2997, .F. ) ;
#4172 = PLANE ( 'NONE',  #2571 ) ;
#4173 = CARTESIAN_POINT ( 'NONE',  ( -0.1299999999999996991, 0.2000000000000000111, -2.500000000000000444 ) ) ;
#4174 = VECTOR ( 'NONE', #6280, 1000.000000000000000 ) ;
#4176 = FACE_OUTER_BOUND ( 'NONE', #3528, .T. ) ;
#4175 = AXIS2_PLACEMENT_3D ( 'NONE', #1823, #3417, #9557 ) ;
#4177 = FACE_OUTER_BOUND ( 'NONE', #6528, .T. ) ;
#4178 = VERTEX_POINT ( 'NONE', #921 ) ;
#4179 = EDGE_CURVE ( 'NONE', #2218, #146, #3016, .T. ) ;
#4180 = ORIENTED_EDGE ( 'NONE', *, *, #313, .T. ) ;
#4181 = DIRECTION ( 'NONE',  ( -1.000000000000000000, 0.000000000000000000, -1.204669080539449344E-16 ) ) ;
#4182 = CARTESIAN_POINT ( 'NONE',  ( -0.6299999999999996714, 0.6664761515876257425, -2.500000000000000444 ) ) ;
#4183 = VECTOR ( 'NONE', #4213, 1000.000000000000000 ) ;
#4184 = DIRECTION ( 'NONE',  ( 0.000000000000000000, -1.000000000000000000, 0.000000000000000000 ) ) ;
#4185 = CARTESIAN_POINT ( 'NONE',  ( 2.100000000000001865, 0.000000000000000000, 0.1299999999999981726 ) ) ;
#4186 = CARTESIAN_POINT ( 'NONE',  ( -2.500000000000002220, 0.6664761515876249653, -0.6300000000000003375 ) ) ;
#4187 = DIRECTION ( 'NONE',  ( 0.000000000000000000, -1.000000000000000000, 0.000000000000000000 ) ) ;
#4188 = PLANE ( 'NONE',  #7146 ) ;
#4189 = COLOUR_RGB ( '',0.7921568627450980005, 0.8196078431372548767, 0.9333333333333333481 ) ;
#4190 = VERTEX_POINT ( 'NONE', #3220 ) ;
#4191 = CARTESIAN_POINT ( 'NONE',  ( -1.129999999999999005, 0.6664761515876257425, 2.500000000000000444 ) ) ;
#4192 = VECTOR ( 'NONE', #8042, 1000.000000000000000 ) ;
#4193 = EDGE_CURVE ( 'NONE', #4050, #257, #462, .T. ) ;
#4194 = EDGE_LOOP ( 'NONE', ( #9079, #5889, #2201, #2499 ) ) ;
#4195 = EDGE_CURVE ( 'NONE', #299, #9322, #7587, .T. ) ;
#4196 = LINE ( 'NONE', #9796, #2266 ) ;
#4197 = ADVANCED_FACE ( 'NONE', ( #2785 ), #1271, .F. ) ;
#4198 = CARTESIAN_POINT ( 'NONE',  ( 2.500000000000002220, 0.1999999999999999833, -0.6300000000000003375 ) ) ;
#4199 = VECTOR ( 'NONE', #1327, 1000.000000000000000 ) ;
#4200 = VERTEX_POINT ( 'NONE', #2562 ) ;
#4201 = LINE ( 'NONE', #8288, #5054 ) ;
#4202 = ORIENTED_EDGE ( 'NONE', *, *, #3180, .F. ) ;
#4203 = CARTESIAN_POINT ( 'NONE',  ( 0.6299999999999998934, 0.1999999999999999833, -2.500000000000000444 ) ) ;
#4204 = DIRECTION ( 'NONE',  ( -1.000000000000000000, 0.000000000000000000, -2.168404344971008079E-15 ) ) ;
#4205 = DIRECTION ( 'NONE',  ( 0.000000000000000000, 0.000000000000000000, 1.000000000000000000 ) ) ;
#4206 = LINE ( 'NONE', #8687, #8400 ) ;
#4207 = CARTESIAN_POINT ( 'NONE',  ( -1.129999999999998561, 0.6664761515876257425, -2.100000000000000089 ) ) ;
#4208 = PLANE ( 'NONE',  #5996 ) ;
#4209 = LINE ( 'NONE', #6843, #9249 ) ;
#4210 = VERTEX_POINT ( 'NONE', #3401 ) ;
#4211 = EDGE_CURVE ( 'NONE', #1157, #4313, #8912, .T. ) ;
#4212 = DIRECTION ( 'NONE',  ( 1.000000000000000000, 0.000000000000000000, 0.000000000000000000 ) ) ;
#4213 = DIRECTION ( 'NONE',  ( -1.000000000000000000, 0.000000000000000000, 0.000000000000000000 ) ) ;
#4214 = ORIENTED_EDGE ( 'NONE', *, *, #8977, .T. ) ;
#4215 = ORIENTED_EDGE ( 'NONE', *, *, #547, .T. ) ;
#4216 = PRESENTATION_STYLE_ASSIGNMENT (( #5553 ) ) ;
#4217 = CARTESIAN_POINT ( 'NONE',  ( 1.629999999999999893, 0.2000000000000000111, -2.100000000000000089 ) ) ;
#4218 = VERTEX_POINT ( 'NONE', #1902 ) ;
#4219 = VECTOR ( 'NONE', #8041, 1000.000000000000000 ) ;
#4220 = CARTESIAN_POINT ( 'NONE',  ( 3.500000000000000000, 0.000000000000000000, 0.000000000000000000 ) ) ;
#4221 = VERTEX_POINT ( 'NONE', #6497 ) ;
#4222 = FILL_AREA_STYLE_COLOUR ( '', #8249 ) ;
#4223 = EDGE_CURVE ( 'NONE', #7118, #8021, #584, .T. ) ;
#4224 = DIRECTION ( 'NONE',  ( 0.000000000000000000, 0.000000000000000000, 1.000000000000000000 ) ) ;
#4225 = PRESENTATION_LAYER_ASSIGNMENT (  '', '', ( #5005 ) ) ;
#4226 = DIRECTION ( 'NONE',  ( -0.000000000000000000, -1.000000000000000000, -0.000000000000000000 ) ) ;
#4227 = STYLED_ITEM ( 'NONE', ( #4216 ), #1214 ) ;
#4228 = LINE ( 'NONE', #2011, #101 ) ;
#4229 = EDGE_LOOP ( 'NONE', ( #7893, #9701, #3561, #3259 ) ) ;
#4230 = FACE_OUTER_BOUND ( 'NONE', #694, .T. ) ;
#4231 = ORIENTED_EDGE ( 'NONE', *, *, #5857, .F. ) ;
#4232 = LINE ( 'NONE', #5934, #4357 ) ;
#4233 = ORIENTED_EDGE ( 'NONE', *, *, #3455, .T. ) ;
#4234 = CARTESIAN_POINT ( 'NONE',  ( 0.000000000000000000, 0.2000000000000000111, 0.000000000000000000 ) ) ;
#4235 = FACE_OUTER_BOUND ( 'NONE', #9275, .T. ) ;
#4236 = ORIENTED_EDGE ( 'NONE', *, *, #1144, .F. ) ;
#4237 = SURFACE_STYLE_USAGE ( .BOTH. , #268 ) ;
#4238 = LINE ( 'NONE', #9533, #9066 ) ;
#4239 = DIRECTION ( 'NONE',  ( 0.000000000000000000, -1.000000000000000000, 0.000000000000000000 ) ) ;
#4240 = AXIS2_PLACEMENT_3D ( 'NONE', #4781, #6248, #7778 ) ;
#4241 = ORIENTED_EDGE ( 'NONE', *, *, #7922, .F. ) ;
#4242 = DIRECTION ( 'NONE',  ( 1.000000000000000000, 0.000000000000000000, -0.000000000000000000 ) ) ;
#4243 = EDGE_CURVE ( 'NONE', #4452, #5577, #9155, .T. ) ;
#4244 = DIRECTION ( 'NONE',  ( 0.000000000000000000, 1.000000000000000000, 0.000000000000000000 ) ) ;
#4245 = CARTESIAN_POINT ( 'NONE',  ( 2.100000000000001865, 0.6664761515876249653, -0.8700000000000018829 ) ) ;
#4246 = FACE_OUTER_BOUND ( 'NONE', #2862, .T. ) ;
#4247 = VERTEX_POINT ( 'NONE', #2631 ) ;
#4248 = ADVANCED_FACE ( 'NONE', ( #2416 ), #9570, .T. ) ;
#4249 = VERTEX_POINT ( 'NONE', #243 ) ;
#4250 = DIRECTION ( 'NONE',  ( -1.000000000000000000, 0.000000000000000000, -0.000000000000000000 ) ) ;
#4251 = VECTOR ( 'NONE', #8846, 1000.000000000000000 ) ;
#4252 = AXIS2_PLACEMENT_3D ( 'NONE', #361, #5743, #6556 ) ;
#4253 = PLANE ( 'NONE',  #9880 ) ;
#4254 = CARTESIAN_POINT ( 'NONE',  ( 2.500000000000002220, 0.6664761515876249653, 0.3699999999999996625 ) ) ;
#4255 = CARTESIAN_POINT ( 'NONE',  ( 0.000000000000000000, 0.2000000000000000111, 0.000000000000000000 ) ) ;
#4256 = ORIENTED_EDGE ( 'NONE', *, *, #2148, .T. ) ;
#4257 = EDGE_CURVE ( 'NONE', #7485, #8700, #6508, .T. ) ;
#4258 = DIRECTION ( 'NONE',  ( 1.000000000000000000, 0.000000000000000000, -0.000000000000000000 ) ) ;
#4259 = CARTESIAN_POINT ( 'NONE',  ( 2.500000000000002220, 0.6664761515876249653, -0.3700000000000018274 ) ) ;
#4260 = DIRECTION ( 'NONE',  ( -0.000000000000000000, -0.000000000000000000, 1.000000000000000000 ) ) ;
#4261 = LINE ( 'NONE', #4553, #3782 ) ;
#4262 = ORIENTED_EDGE ( 'NONE', *, *, #3425, .F. ) ;
#4263 = ORIENTED_EDGE ( 'NONE', *, *, #1028, .T. ) ;
#4264 = DIRECTION ( 'NONE',  ( 1.000000000000000000, 0.000000000000000000, -3.614007241618325499E-15 ) ) ;
#4265 = DIRECTION ( 'NONE',  ( 0.000000000000000000, -1.000000000000000000, 0.000000000000000000 ) ) ;
#4266 = ORIENTED_EDGE ( 'NONE', *, *, #7894, .F. ) ;
#4267 = EDGE_CURVE ( 'NONE', #7670, #7621, #7106, .T. ) ;
#4268 = CARTESIAN_POINT ( 'NONE',  ( 2.500000000000000000, 0.000000000000000000, 0.000000000000000000 ) ) ;
#4269 = LINE ( 'NONE', #5468, #1125 ) ;
#4270 = DIRECTION ( 'NONE',  ( 0.000000000000000000, 1.000000000000000000, 0.000000000000000000 ) ) ;
#4271 = EDGE_LOOP ( 'NONE', ( #6048, #6535, #6165, #3894 ) ) ;
#4272 = DIRECTION ( 'NONE',  ( 0.000000000000000000, -1.000000000000000000, 0.000000000000000000 ) ) ;
#4273 = DIRECTION ( 'NONE',  ( 0.000000000000000000, -1.000000000000000000, 0.000000000000000000 ) ) ;
#4274 = DIRECTION ( 'NONE',  ( -0.000000000000000000, 0.000000000000000000, 1.000000000000000000 ) ) ;
#4275 = DIRECTION ( 'NONE',  ( -0.000000000000000000, -1.000000000000000000, -0.000000000000000000 ) ) ;
#4276 = PLANE ( 'NONE',  #1577 ) ;
#4278 = VECTOR ( 'NONE', #735, 1000.000000000000000 ) ;
#4277 = MECHANICAL_DESIGN_GEOMETRIC_PRESENTATION_REPRESENTATION (  '', ( #4649 ), #4602 ) ;
#4279 = ORIENTED_EDGE ( 'NONE', *, *, #4368, .F. ) ;
#4280 = VECTOR ( 'NONE', #443, 1000.000000000000000 ) ;
#4281 = EDGE_CURVE ( 'NONE', #7617, #624, #6376, .T. ) ;
#4282 = VERTEX_POINT ( 'NONE', #7312 ) ;
#4283 = DIRECTION ( 'NONE',  ( 0.000000000000000000, 0.000000000000000000, -1.000000000000000000 ) ) ;
#4284 = DIRECTION ( 'NONE',  ( 1.000000000000000000, 0.000000000000000000, -5.421010862427520198E-16 ) ) ;
#4285 =( NAMED_UNIT ( * ) PLANE_ANGLE_UNIT ( ) SI_UNIT ( $, .RADIAN. ) );
#4286 = CARTESIAN_POINT ( 'NONE',  ( 2.100000000000001865, 0.05000000000000000278, 0.000000000000000000 ) ) ;
#4287 = CARTESIAN_POINT ( 'NONE',  ( 2.499999999999998668, 0.2000000000000005107, -0.3700000000000018274 ) ) ;
#4288 = ORIENTED_EDGE ( 'NONE', *, *, #4684, .T. ) ;
#4289 = DIRECTION ( 'NONE',  ( -0.000000000000000000, -1.000000000000000000, -0.000000000000000000 ) ) ;
#4290 = CARTESIAN_POINT ( 'NONE',  ( -2.500000000000002220, 0.1999999999999999833, -1.630000000000000338 ) ) ;
#4291 = CARTESIAN_POINT ( 'NONE',  ( -2.500000000000002220, 0.1999999999999999833, 1.369999999999999662 ) ) ;
#4292 = ORIENTED_EDGE ( 'NONE', *, *, #1233, .F. ) ;
#4293 = CARTESIAN_POINT ( 'NONE',  ( 2.100000000000001865, 0.1999999999999999833, -1.130000000000000338 ) ) ;
#4294 = CARTESIAN_POINT ( 'NONE',  ( -2.100000000000001865, 0.1999999999999999833, -1.870000000000001883 ) ) ;
#4295 = ORIENTED_EDGE ( 'NONE', *, *, #5593, .F. ) ;
#4296 = FACE_OUTER_BOUND ( 'NONE', #7961, .T. ) ;
#4297 = EDGE_CURVE ( 'NONE', #8053, #6006, #5065, .T. ) ;
#4298 = VECTOR ( 'NONE', #713, 1000.000000000000000 ) ;
#4299 = ADVANCED_FACE ( 'NONE', ( #8412 ), #4172, .F. ) ;
#4300 = VERTEX_POINT ( 'NONE', #1129 ) ;
#4301 = MECHANICAL_DESIGN_GEOMETRIC_PRESENTATION_REPRESENTATION (  '', ( #7273 ), #9952 ) ;
#4302 = EDGE_LOOP ( 'NONE', ( #9455, #6867, #8640, #278 ) ) ;
#4303 = PLANE ( 'NONE',  #908 ) ;
#4304 = EDGE_CURVE ( 'NONE', #5659, #7485, #8653, .T. ) ;
#4305 = DIRECTION ( 'NONE',  ( 1.000000000000000000, -0.000000000000000000, -0.000000000000000000 ) ) ;
#4306 = SURFACE_STYLE_USAGE ( .BOTH. , #1969 ) ;
#4307 = PLANE ( 'NONE',  #1766 ) ;
#4308 = VECTOR ( 'NONE', #6897, 1000.000000000000000 ) ;
#4309 =( NAMED_UNIT ( * ) PLANE_ANGLE_UNIT ( ) SI_UNIT ( $, .RADIAN. ) );
#4310 = VECTOR ( 'NONE', #4981, 1000.000000000000000 ) ;
#4311 = FILL_AREA_STYLE_COLOUR ( '', #43 ) ;
#4312 = DIRECTION ( 'NONE',  ( 1.000000000000000000, 0.000000000000000000, 0.000000000000000000 ) ) ;
#4313 = VERTEX_POINT ( 'NONE', #5652 ) ;
#4314 = VECTOR ( 'NONE', #5027, 1000.000000000000000 ) ;
#4315 = ADVANCED_FACE ( 'NONE', ( #942 ), #5834, .T. ) ;
#4316 = ORIENTED_EDGE ( 'NONE', *, *, #3211, .F. ) ;
#4317 = FILL_AREA_STYLE ('',( #5871 ) ) ;
#4318 = CARTESIAN_POINT ( 'NONE',  ( 2.100000000000001865, 0.6664761515876249653, -1.130000000000000338 ) ) ;
#4319 = FACE_OUTER_BOUND ( 'NONE', #451, .T. ) ;
#4320 = EDGE_CURVE ( 'NONE', #9400, #10, #4577, .T. ) ;
#4321 = LINE ( 'NONE', #4088, #9014 ) ;
#4322 = ORIENTED_EDGE ( 'NONE', *, *, #3600, .F. ) ;
#4323 = VECTOR ( 'NONE', #4880, 1000.000000000000000 ) ;
#4324 = CARTESIAN_POINT ( 'NONE',  ( -0.1299999999999981726, 0.1999999999999999833, 2.100000000000000089 ) ) ;
#4325 = ORIENTED_EDGE ( 'NONE', *, *, #5035, .F. ) ;
#4326 = CARTESIAN_POINT ( 'NONE',  ( 0.1300000000000005596, 0.04999999999999969746, 2.500000000000001332 ) ) ;
#4327 = CARTESIAN_POINT ( 'NONE',  ( 1.800000000000000044, 0.1999999999999996503, -1.799999999999999822 ) ) ;
#4328 = DIRECTION ( 'NONE',  ( 1.000000000000000000, -0.000000000000000000, 0.000000000000000000 ) ) ;
#4329 = DIRECTION ( 'NONE',  ( 1.000000000000000000, 0.000000000000000000, -5.421010862427520198E-16 ) ) ;
#4330 = DIRECTION ( 'NONE',  ( 0.000000000000000000, 0.000000000000000000, 1.000000000000000000 ) ) ;
#4331 = LINE ( 'NONE', #6415, #2277 ) ;
#4332 = EDGE_CURVE ( 'NONE', #5791, #8769, #2290, .T. ) ;
#4333 = FACE_OUTER_BOUND ( 'NONE', #4229, .T. ) ;
#4334 = ORIENTED_EDGE ( 'NONE', *, *, #3438, .F. ) ;
#4335 = VECTOR ( 'NONE', #9227, 1000.000000000000000 ) ;
#4336 = ORIENTED_EDGE ( 'NONE', *, *, #7635, .F. ) ;
#4337 = EDGE_CURVE ( 'NONE', #1080, #736, #3746, .T. ) ;
#4338 = ORIENTED_EDGE ( 'NONE', *, *, #5364, .T. ) ;
#4339 = CARTESIAN_POINT ( 'NONE',  ( 2.100000000000001865, 0.1999999999999999833, -1.370000000000001883 ) ) ;
#4340 = VECTOR ( 'NONE', #7321, 1000.000000000000000 ) ;
#4341 = DIRECTION ( 'NONE',  ( 1.000000000000000000, 0.000000000000000000, 0.000000000000000000 ) ) ;
#4342 = DIRECTION ( 'NONE',  ( 0.000000000000000000, -1.000000000000000000, 0.000000000000000000 ) ) ;
#4343 = SURFACE_STYLE_FILL_AREA ( #5012 ) ;
#4344 = VERTEX_POINT ( 'NONE', #1306 ) ;
#4345 = ORIENTED_EDGE ( 'NONE', *, *, #9839, .F. ) ;
#4346 = STYLED_ITEM ( 'NONE', ( #4397 ), #7336 ) ;
#4347 = DIRECTION ( 'NONE',  ( 0.000000000000000000, -0.000000000000000000, 1.000000000000000000 ) ) ;
#4348 = CARTESIAN_POINT ( 'NONE',  ( 1.800000000000000044, 5.291168824543142968, 1.799999999999999822 ) ) ;
#4349 = EDGE_CURVE ( 'NONE', #2339, #1544, #5538, .T. ) ;
#4350 = VECTOR ( 'NONE', #9302, 1000.000000000000000 ) ;
#4351 = CARTESIAN_POINT ( 'NONE',  ( 2.499999999999998668, 0.05000000000000000278, 2.499999999999999556 ) ) ;
#4352 = ORIENTED_EDGE ( 'NONE', *, *, #6732, .F. ) ;
#4353 = EDGE_CURVE ( 'NONE', #4452, #4598, #5310, .T. ) ;
#4354 = FILL_AREA_STYLE ('',( #2087 ) ) ;
#4355 = LINE ( 'NONE', #8534, #2299 ) ;
#4356 = EDGE_LOOP ( 'NONE', ( #747, #2472, #8500, #727 ) ) ;
#4357 = VECTOR ( 'NONE', #8327, 1000.000000000000000 ) ;
#4358 = ADVANCED_FACE ( 'NONE', ( #2526 ), #2772, .F. ) ;
#4359 = ORIENTED_EDGE ( 'NONE', *, *, #1350, .T. ) ;
#4360 = EDGE_LOOP ( 'NONE', ( #7526, #8980, #1362, #3831 ) ) ;
#4361 = DIRECTION ( 'NONE',  ( 0.000000000000000000, 0.000000000000000000, -1.000000000000000000 ) ) ;
#4362 = FACE_OUTER_BOUND ( 'NONE', #230, .T. ) ;
#4363 = CARTESIAN_POINT ( 'NONE',  ( -1.869999999999999662, 0.2000000000000000111, 2.100000000000000977 ) ) ;
#4364 = ORIENTED_EDGE ( 'NONE', *, *, #2264, .F. ) ;
#4365 = DIRECTION ( 'NONE',  ( 0.000000000000000000, 1.000000000000000000, 0.000000000000000000 ) ) ;
#4366 = CARTESIAN_POINT ( 'NONE',  ( -2.500000000000002220, 0.04999999999999969746, -0.8700000000000018829 ) ) ;
#4367 = SURFACE_STYLE_FILL_AREA ( #1126 ) ;
#4368 = EDGE_CURVE ( 'NONE', #5115, #2388, #9620, .T. ) ;
#4369 = ORIENTED_EDGE ( 'NONE', *, *, #65, .T. ) ;
#4370 = LINE ( 'NONE', #5685, #3038 ) ;
#4371 = CARTESIAN_POINT ( 'NONE',  ( -1.629999999999998561, 0.2000000000000000111, -2.100000000000000089 ) ) ;
#4372 = PLANE ( 'NONE',  #7801 ) ;
#4373 = CARTESIAN_POINT ( 'NONE',  ( -0.8699999999999996625, 0.6664761515876257425, 2.100000000000000977 ) ) ;
#4374 = ORIENTED_EDGE ( 'NONE', *, *, #9396, .T. ) ;
#4375 = AXIS2_PLACEMENT_3D ( 'NONE', #3479, #4361, #1874 ) ;
#4376 = ADVANCED_FACE ( 'NONE', ( #3616 ), #486, .F. ) ;
#4377 = ORIENTED_EDGE ( 'NONE', *, *, #7806, .T. ) ;
#4378 = ORIENTED_EDGE ( 'NONE', *, *, #3648, .F. ) ;
#4379 = CARTESIAN_POINT ( 'NONE',  ( 1.370000000000001439, 0.6664761515876257425, -2.100000000000000089 ) ) ;
#4380 = MANIFOLD_SOLID_BREP ( 'LPattern3[10]', #1241 ) ;
#4381 = DIRECTION ( 'NONE',  ( 0.000000000000000000, 0.000000000000000000, -1.000000000000000000 ) ) ;
#4382 = DIRECTION ( 'NONE',  ( 1.000000000000000000, 0.000000000000000000, 0.000000000000000000 ) ) ;
#4383 = FACE_OUTER_BOUND ( 'NONE', #9420, .T. ) ;
#4384 =( GEOMETRIC_REPRESENTATION_CONTEXT ( 3 ) GLOBAL_UNCERTAINTY_ASSIGNED_CONTEXT ( ( #4114 ) ) GLOBAL_UNIT_ASSIGNED_CONTEXT ( ( #4169, #5692, #7310 ) ) REPRESENTATION_CONTEXT ( 'NONE', 'WORKASPACE' ) );
#4385 = ORIENTED_EDGE ( 'NONE', *, *, #6863, .T. ) ;
#4386 = DIRECTION ( 'NONE',  ( -1.000000000000000000, 0.000000000000000000, -0.000000000000000000 ) ) ;
#4387 = CARTESIAN_POINT ( 'NONE',  ( 2.100000000000001865, 0.6664761515876249653, 0.3699999999999996625 ) ) ;
#4388 = EDGE_CURVE ( 'NONE', #7793, #4756, #2176, .T. ) ;
#4389 = CARTESIAN_POINT ( 'NONE',  ( 2.100000000000001865, 0.6664761515876249653, -1.130000000000000338 ) ) ;
#4390 = VECTOR ( 'NONE', #9, 1000.000000000000000 ) ;
#4391 = ORIENTED_EDGE ( 'NONE', *, *, #1111, .T. ) ;
#4392 = ORIENTED_EDGE ( 'NONE', *, *, #8747, .T. ) ;
#4393 = CARTESIAN_POINT ( 'NONE',  ( 0.1299999999999998934, 0.000000000000000000, -2.100000000000000089 ) ) ;
#4394 = AXIS2_PLACEMENT_3D ( 'NONE', #1296, #2863, #8224 ) ;
#4395 = CARTESIAN_POINT ( 'NONE',  ( -1.870000000000000107, 0.1999999999999999833, -2.100000000000000089 ) ) ;
#4396 = PLANE ( 'NONE',  #7692 ) ;
#4397 = PRESENTATION_STYLE_ASSIGNMENT (( #9823 ) ) ;
#4398 = EDGE_CURVE ( 'NONE', #463, #8560, #7467, .T. ) ;
#4399 = DIRECTION ( 'NONE',  ( -0.000000000000000000, -0.000000000000000000, 1.000000000000000000 ) ) ;
#4400 = DIRECTION ( 'NONE',  ( -1.000000000000000000, 0.000000000000000000, 0.000000000000000000 ) ) ;
#4401 = CARTESIAN_POINT ( 'NONE',  ( 2.100000000000001865, 0.6664761515876249653, -0.6300000000000003375 ) ) ;
#4402 = ORIENTED_EDGE ( 'NONE', *, *, #4160, .F. ) ;
#4403 = CARTESIAN_POINT ( 'NONE',  ( 2.100000000000001865, 0.1999999999999999833, -0.1300000000000003375 ) ) ;
#4404 = VECTOR ( 'NONE', #9267, 1000.000000000000000 ) ;
#4405 = ORIENTED_EDGE ( 'NONE', *, *, #4945, .F. ) ;
#4406 = LINE ( 'NONE', #8454, #2351 ) ;
#4407 = ADVANCED_FACE ( 'NONE', ( #1547 ), #3505, .F. ) ;
#4408 = DIRECTION ( 'NONE',  ( -1.000000000000000000, 0.000000000000000000, 3.614007241618342065E-15 ) ) ;
#4409 = AXIS2_PLACEMENT_3D ( 'NONE', #9932, #3770, #2279 ) ;
#4410 = VERTEX_POINT ( 'NONE', #3647 ) ;
#4411 = EDGE_CURVE ( 'NONE', #9691, #3850, #86, .T. ) ;
#4412 = FACE_OUTER_BOUND ( 'NONE', #3750, .T. ) ;
#4413 = ORIENTED_EDGE ( 'NONE', *, *, #8627, .T. ) ;
#4414 = CARTESIAN_POINT ( 'NONE',  ( 0.1299999999999998934, 0.1999999999999999833, -2.100000000000000089 ) ) ;
#4415 = ORIENTED_EDGE ( 'NONE', *, *, #2342, .T. ) ;
#4416 = CARTESIAN_POINT ( 'NONE',  ( -2.500000000000002220, 0.1999999999999999833, -0.1300000000000003375 ) ) ;
#4417 = CARTESIAN_POINT ( 'NONE',  ( -2.100000000000001865, 0.6664761515876249653, -0.8700000000000018829 ) ) ;
#4419 = ADVANCED_FACE ( 'NONE', ( #8049 ), #2845, .T. ) ;
#4418 = VERTEX_POINT ( 'NONE', #9748 ) ;
#4420 = DIRECTION ( 'NONE',  ( -0.000000000000000000, -1.000000000000000000, -0.000000000000000000 ) ) ;
#4421 = CARTESIAN_POINT ( 'NONE',  ( 2.100000000000001865, 0.000000000000000000, 1.629999999999998117 ) ) ;
#4422 = STYLED_ITEM ( 'NONE', ( #4473 ), #9121 ) ;
#4423 = SURFACE_STYLE_FILL_AREA ( #717 ) ;
#4424 = ORIENTED_EDGE ( 'NONE', *, *, #290, .F. ) ;
#4425 = EDGE_CURVE ( 'NONE', #8602, #3276, #6033, .T. ) ;
#4426 = VERTEX_POINT ( 'NONE', #5257 ) ;
#4427 = CARTESIAN_POINT ( 'NONE',  ( 2.500000000000002220, 0.1999999999999999833, 1.869999999999999662 ) ) ;
#4428 = PRESENTATION_LAYER_ASSIGNMENT (  '', '', ( #7697 ) ) ;
#4429 = CARTESIAN_POINT ( 'NONE',  ( -0.6299999999999982281, 0.04999999999999999584, 2.100000000000000089 ) ) ;
#4430 = DIRECTION ( 'NONE',  ( -5.421010862427520198E-16, 0.000000000000000000, -1.000000000000000000 ) ) ;
#4431 = LINE ( 'NONE', #9141, #1747 ) ;
#4432 = DIRECTION ( 'NONE',  ( -5.421010862427520198E-16, 0.000000000000000000, -1.000000000000000000 ) ) ;
#4433 = COLOUR_RGB ( '',0.7921568627450980005, 0.8196078431372548767, 0.9333333333333333481 ) ;
#4434 = UNCERTAINTY_MEASURE_WITH_UNIT (LENGTH_MEASURE( 1.000000000000000082E-05 ), #1224, 'distance_accuracy_value', 'NONE');
#4435 = CARTESIAN_POINT ( 'NONE',  ( -1.129999999999998561, 0.2000000000000000111, -2.100000000000000089 ) ) ;
#4436 = ORIENTED_EDGE ( 'NONE', *, *, #3765, .T. ) ;
#4437 = PLANE ( 'NONE',  #3088 ) ;
#4438 = ORIENTED_EDGE ( 'NONE', *, *, #8928, .T. ) ;
#4439 = VECTOR ( 'NONE', #7477, 1000.000000000000000 ) ;
#4440 = AXIS2_PLACEMENT_3D ( 'NONE', #8006, #7943, #7901 ) ;
#4441 = DIRECTION ( 'NONE',  ( -0.000000000000000000, -1.000000000000000000, -0.000000000000000000 ) ) ;
#4442 = DIRECTION ( 'NONE',  ( 0.000000000000000000, -0.000000000000000000, -1.000000000000000000 ) ) ;
#4443 = LINE ( 'NONE', #9665, #3223 ) ;
#4444 = ORIENTED_EDGE ( 'NONE', *, *, #6389, .T. ) ;
#4445 = EDGE_CURVE ( 'NONE', #5004, #688, #325, .T. ) ;
#4446 = DIRECTION ( 'NONE',  ( -0.000000000000000000, -0.000000000000000000, 1.000000000000000000 ) ) ;
#4447 = VERTEX_POINT ( 'NONE', #1243 ) ;
#4448 = LINE ( 'NONE', #6628, #73 ) ;
#4449 = FILL_AREA_STYLE ('',( #5225 ) ) ;
#4450 = CARTESIAN_POINT ( 'NONE',  ( -2.100000000000001865, 0.1999999999999999833, 0.8699999999999996625 ) ) ;
#4451 = VECTOR ( 'NONE', #8430, 1000.000000000000000 ) ;
#4452 = VERTEX_POINT ( 'NONE', #9117 ) ;
#4453 = FACE_OUTER_BOUND ( 'NONE', #8723, .T. ) ;
#4454 = CARTESIAN_POINT ( 'NONE',  ( -1.129999999999999005, 0.000000000000000000, 2.500000000000000444 ) ) ;
#4455 = CARTESIAN_POINT ( 'NONE',  ( -1.369999999999999662, 0.000000000000000000, 2.100000000000000977 ) ) ;
#4456 = ORIENTED_EDGE ( 'NONE', *, *, #4726, .T. ) ;
#4457 = ADVANCED_FACE ( 'NONE', ( #7346 ), #9782, .F. ) ;
#4458 = EDGE_CURVE ( 'NONE', #4727, #9747, #1432, .T. ) ;
#4459 = FACE_OUTER_BOUND ( 'NONE', #9536, .T. ) ;
#4460 = PLANE ( 'NONE',  #7002 ) ;
#4461 = VECTOR ( 'NONE', #617, 1000.000000000000000 ) ;
#4462 = ORIENTED_EDGE ( 'NONE', *, *, #2858, .T. ) ;
#4463 = CARTESIAN_POINT ( 'NONE',  ( 2.499999999999998668, 0.05000000000000000278, 2.499999999999999556 ) ) ;
#4464 = CARTESIAN_POINT ( 'NONE',  ( -2.500000000000002220, 0.04999999999999969746, -0.3700000000000018274 ) ) ;
#4465 = VERTEX_POINT ( 'NONE', #3802 ) ;
#4466 = CARTESIAN_POINT ( 'NONE',  ( -0.1299999999999990330, 0.6664761515876257425, 2.500000000000000444 ) ) ;
#4467 = DIRECTION ( 'NONE',  ( 1.000000000000000000, 0.000000000000000000, 0.000000000000000000 ) ) ;
#4468 = ORIENTED_EDGE ( 'NONE', *, *, #5905, .T. ) ;
#4469 =( LENGTH_UNIT ( ) NAMED_UNIT ( * ) SI_UNIT ( .MILLI., .METRE. ) );
#4470 = ADVANCED_FACE ( 'NONE', ( #3119 ), #2972, .F. ) ;
#4471 = VECTOR ( 'NONE', #5613, 1000.000000000000000 ) ;
#4472 = EDGE_LOOP ( 'NONE', ( #6698, #4438, #3379, #2350 ) ) ;
#4473 = PRESENTATION_STYLE_ASSIGNMENT (( #2541 ) ) ;
#4474 = EDGE_CURVE ( 'NONE', #8426, #3436, #7232, .T. ) ;
#4475 = ORIENTED_EDGE ( 'NONE', *, *, #1290, .T. ) ;
#4476 = DIRECTION ( 'NONE',  ( 0.000000000000000000, -0.000000000000000000, 1.000000000000000000 ) ) ;
#4477 = CARTESIAN_POINT ( 'NONE',  ( -1.129999999999998561, 0.000000000000000000, -2.100000000000000089 ) ) ;
#4478 = ORIENTED_EDGE ( 'NONE', *, *, #1836, .T. ) ;
#4479 = ORIENTED_EDGE ( 'NONE', *, *, #317, .T. ) ;
#4480 = FACE_OUTER_BOUND ( 'NONE', #9508, .T. ) ;
#4481 = ORIENTED_EDGE ( 'NONE', *, *, #7695, .F. ) ;
#4482 = LINE ( 'NONE', #3825, #7119 ) ;
#4483 = ORIENTED_EDGE ( 'NONE', *, *, #5766, .T. ) ;
#4484 = CARTESIAN_POINT ( 'NONE',  ( -2.100000000000001865, 0.6664761515876249653, 0.8699999999999996625 ) ) ;
#4485 = EDGE_CURVE ( 'NONE', #2734, #9387, #9030, .T. ) ;
#4486 = DIRECTION ( 'NONE',  ( 0.000000000000000000, -1.000000000000000000, 0.000000000000000000 ) ) ;
#4487 = DIRECTION ( 'NONE',  ( -0.000000000000000000, 0.000000000000000000, 1.000000000000000000 ) ) ;
#4488 = LINE ( 'NONE', #3481, #720 ) ;
#4489 = VERTEX_POINT ( 'NONE', #2192 ) ;
#4490 = LINE ( 'NONE', #3985, #1349 ) ;
#4491 = EDGE_LOOP ( 'NONE', ( #1595, #5590, #5070, #8832 ) ) ;
#4492 = CARTESIAN_POINT ( 'NONE',  ( -0.6299999999999985612, 0.1999999999999999833, -2.100000000000000089 ) ) ;
#4493 = CARTESIAN_POINT ( 'NONE',  ( -0.3699999999999996625, 0.6664761515876257425, 2.100000000000000977 ) ) ;
#4494 = VECTOR ( 'NONE', #3234, 1000.000000000000000 ) ;
#4495 = EDGE_CURVE ( 'NONE', #7678, #8814, #3962, .T. ) ;
#4496 = ORIENTED_EDGE ( 'NONE', *, *, #3169, .F. ) ;
#4497 =( NAMED_UNIT ( * ) PLANE_ANGLE_UNIT ( ) SI_UNIT ( $, .RADIAN. ) );
#4498 = VECTOR ( 'NONE', #7412, 1000.000000000000000 ) ;
#4499 = ORIENTED_EDGE ( 'NONE', *, *, #3402, .T. ) ;
#4500 = CARTESIAN_POINT ( 'NONE',  ( 2.500000000000002220, 0.000000000000000000, -0.6300000000000003375 ) ) ;
#4501 = MANIFOLD_SOLID_BREP ( 'LPattern4[2]', #7164 ) ;
#4502 = DIRECTION ( 'NONE',  ( 0.000000000000000000, 1.000000000000000000, 0.000000000000000000 ) ) ;
#4503 =( GEOMETRIC_REPRESENTATION_CONTEXT ( 3 ) GLOBAL_UNCERTAINTY_ASSIGNED_CONTEXT ( ( #9780 ) ) GLOBAL_UNIT_ASSIGNED_CONTEXT ( ( #650, #4309, #1937 ) ) REPRESENTATION_CONTEXT ( 'NONE', 'WORKASPACE' ) );
#4504 = FACE_OUTER_BOUND ( 'NONE', #1551, .T. ) ;
#4506 = ADVANCED_FACE ( 'NONE', ( #5416 ), #3741, .F. ) ;
#4505 = ORIENTED_EDGE ( 'NONE', *, *, #1446, .T. ) ;
#4507 = EDGE_LOOP ( 'NONE', ( #6737, #8346, #8302, #9036 ) ) ;
#4508 = CARTESIAN_POINT ( 'NONE',  ( 1.870000000000001883, 0.000000000000000000, 2.100000000000000089 ) ) ;
#4509 = PLANE ( 'NONE',  #956 ) ;
#4510 = PLANE ( 'NONE',  #5649 ) ;
#4511 = VECTOR ( 'NONE', #9039, 1000.000000000000000 ) ;
#4512 = EDGE_LOOP ( 'NONE', ( #1093, #5229, #6050, #6228 ) ) ;
#4513 = DIRECTION ( 'NONE',  ( 0.000000000000000000, -0.000000000000000000, 1.000000000000000000 ) ) ;
#4514 = EDGE_LOOP ( 'NONE', ( #611, #698, #4263, #915 ) ) ;
#4515 = EDGE_CURVE ( 'NONE', #5393, #3547, #5187, .T. ) ;
#4516 = ADVANCED_FACE ( 'NONE', ( #5301 ), #651, .T. ) ;
#4517 = DIRECTION ( 'NONE',  ( 0.000000000000000000, 0.000000000000000000, 1.000000000000000000 ) ) ;
#4518 = ORIENTED_EDGE ( 'NONE', *, *, #6086, .F. ) ;
#4519 = FACE_OUTER_BOUND ( 'NONE', #7783, .T. ) ;
#4520 = VERTEX_POINT ( 'NONE', #7603 ) ;
#4521 = EDGE_CURVE ( 'NONE', #1270, #2722, #2656, .T. ) ;
#4522 = VECTOR ( 'NONE', #1878, 1000.000000000000000 ) ;
#4523 = ORIENTED_EDGE ( 'NONE', *, *, #2708, .F. ) ;
#4524 = EDGE_CURVE ( 'NONE', #9188, #4465, #3368, .T. ) ;
#4525 = DIRECTION ( 'NONE',  ( -1.000000000000000000, -0.000000000000000000, -0.000000000000000000 ) ) ;
#4526 = VECTOR ( 'NONE', #4446, 1000.000000000000000 ) ;
#4527 = ORIENTED_EDGE ( 'NONE', *, *, #752, .T. ) ;
#4528 = PLANE ( 'NONE',  #6430 ) ;
#4529 = LINE ( 'NONE', #731, #7421 ) ;
#4530 = EDGE_LOOP ( 'NONE', ( #3755, #7535, #2380, #3012 ) ) ;
#4531 = PLANE ( 'NONE',  #3073 ) ;
#4532 = CARTESIAN_POINT ( 'NONE',  ( 2.100000000000001865, 0.1999999999999999833, 0.3699999999999996625 ) ) ;
#4533 = ORIENTED_EDGE ( 'NONE', *, *, #3062, .T. ) ;
#4534 = EDGE_CURVE ( 'NONE', #3612, #1177, #9850, .T. ) ;
#4535 = ORIENTED_EDGE ( 'NONE', *, *, #7226, .T. ) ;
#4536 = EDGE_CURVE ( 'NONE', #8785, #850, #2775, .T. ) ;
#4537 = CARTESIAN_POINT ( 'NONE',  ( 2.499999999999998668, 0.8999999999999998002, -2.500000000000000444 ) ) ;
#4538 = VECTOR ( 'NONE', #2646, 1000.000000000000000 ) ;
#4539 = DIRECTION ( 'NONE',  ( 0.000000000000000000, 0.000000000000000000, -1.000000000000000000 ) ) ;
#4540 = VECTOR ( 'NONE', #8825, 1000.000000000000000 ) ;
#4541 = ORIENTED_EDGE ( 'NONE', *, *, #2483, .T. ) ;
#4542 = ORIENTED_EDGE ( 'NONE', *, *, #5543, .T. ) ;
#4543 = DIRECTION ( 'NONE',  ( 0.000000000000000000, -0.000000000000000000, -1.000000000000000000 ) ) ;
#4544 = FACE_OUTER_BOUND ( 'NONE', #6091, .T. ) ;
#4545 = ADVANCED_FACE ( 'NONE', ( #8903 ), #8467, .F. ) ;
#4546 = EDGE_CURVE ( 'NONE', #5262, #4004, #4209, .T. ) ;
#4547 = VECTOR ( 'NONE', #9470, 1000.000000000000000 ) ;
#4548 = LINE ( 'NONE', #4752, #7898 ) ;
#4549 = EDGE_LOOP ( 'NONE', ( #2336, #1248, #7706, #5951 ) ) ;
#4550 = DIRECTION ( 'NONE',  ( 1.000000000000000000, -0.000000000000000000, 0.000000000000000000 ) ) ;
#4551 = DIRECTION ( 'NONE',  ( 0.000000000000000000, 0.000000000000000000, -1.000000000000000000 ) ) ;
#4552 = ORIENTED_EDGE ( 'NONE', *, *, #7922, .T. ) ;
#4553 = CARTESIAN_POINT ( 'NONE',  ( 2.500000000000002220, 0.1999999999999999833, -0.1300000000000003375 ) ) ;
#4554 = LINE ( 'NONE', #3665, #2890 ) ;
#4555 = DIRECTION ( 'NONE',  ( 0.000000000000000000, -0.000000000000000000, -1.000000000000000000 ) ) ;
#4556 = ADVANCED_FACE ( 'NONE', ( #6981 ), #6459, .F. ) ;
#4557 = FACE_OUTER_BOUND ( 'NONE', #2981, .T. ) ;
#4558 = EDGE_LOOP ( 'NONE', ( #1586, #1449, #1408, #9355 ) ) ;
#4559 = DIRECTION ( 'NONE',  ( -0.000000000000000000, -1.000000000000000000, -0.000000000000000000 ) ) ;
#4560 = VECTOR ( 'NONE', #8515, 1000.000000000000000 ) ;
#4561 = ORIENTED_EDGE ( 'NONE', *, *, #8542, .F. ) ;
#4562 = CARTESIAN_POINT ( 'NONE',  ( 2.500000000000002220, 0.6664761515876249653, 1.869999999999999662 ) ) ;
#4563 = AXIS2_PLACEMENT_3D ( 'NONE', #15, #9254, #8476 ) ;
#4564 = VECTOR ( 'NONE', #2979, 1000.000000000000000 ) ;
#4565 = DIRECTION ( 'NONE',  ( -2.710505431213760296E-15, 0.000000000000000000, -1.000000000000000000 ) ) ;
#4566 = EDGE_CURVE ( 'NONE', #9163, #7058, #572, .T. ) ;
#4567 = CARTESIAN_POINT ( 'NONE',  ( -0.6299999999999985612, 0.2000000000000000111, -2.100000000000000089 ) ) ;
#4568 = VECTOR ( 'NONE', #9061, 1000.000000000000000 ) ;
#4569 = VERTEX_POINT ( 'NONE', #1272 ) ;
#4570 = LINE ( 'NONE', #5249, #6490 ) ;
#4571 = CARTESIAN_POINT ( 'NONE',  ( 1.370000000000001883, 0.2000000000000000111, 2.100000000000000089 ) ) ;
#4572 = EDGE_LOOP ( 'NONE', ( #1418, #6177, #6568, #3336 ) ) ;
#4573 = CARTESIAN_POINT ( 'NONE',  ( -2.500000000000000888, 0.05000000000000000278, 2.499999999999999556 ) ) ;
#4574 = ORIENTED_EDGE ( 'NONE', *, *, #6026, .T. ) ;
#4575 = VECTOR ( 'NONE', #5594, 1000.000000000000000 ) ;
#4576 = CARTESIAN_POINT ( 'NONE',  ( -2.500000000000000888, 0.2000000000000005107, 0.3699999999999996625 ) ) ;
#4577 = LINE ( 'NONE', #1276, #5795 ) ;
#4578 = ORIENTED_EDGE ( 'NONE', *, *, #697, .T. ) ;
#4579 = VECTOR ( 'NONE', #8574, 1000.000000000000000 ) ;
#4580 = MECHANICAL_DESIGN_GEOMETRIC_PRESENTATION_REPRESENTATION (  '', ( #1652 ), #6968 ) ;
#4581 = ORIENTED_EDGE ( 'NONE', *, *, #2847, .F. ) ;
#4582 = EDGE_CURVE ( 'NONE', #9312, #9308, #6630, .T. ) ;
#4583 = LINE ( 'NONE', #9714, #7597 ) ;
#4584 = ORIENTED_EDGE ( 'NONE', *, *, #1790, .T. ) ;
#4585 = LINE ( 'NONE', #1700, #2537 ) ;
#4586 = EDGE_LOOP ( 'NONE', ( #1068, #1324, #8601, #2511 ) ) ;
#4587 = VECTOR ( 'NONE', #8416, 1000.000000000000000 ) ;
#4588 = ORIENTED_EDGE ( 'NONE', *, *, #7304, .F. ) ;
#4589 = ORIENTED_EDGE ( 'NONE', *, *, #5367, .F. ) ;
#4590 = DIRECTION ( 'NONE',  ( -1.000000000000000000, 0.000000000000000000, 0.000000000000000000 ) ) ;
#4591 = FACE_OUTER_BOUND ( 'NONE', #2172, .T. ) ;
#4592 = VERTEX_POINT ( 'NONE', #8655 ) ;
#4593 = EDGE_CURVE ( 'NONE', #3574, #5105, #9144, .T. ) ;
#4594 = ADVANCED_FACE ( 'NONE', ( #1060 ), #6417, .F. ) ;
#4595 = LINE ( 'NONE', #340, #6778 ) ;
#4596 = ORIENTED_EDGE ( 'NONE', *, *, #625, .F. ) ;
#4597 = LINE ( 'NONE', #4339, #484 ) ;
#4598 = VERTEX_POINT ( 'NONE', #6444 ) ;
#4599 = DIRECTION ( 'NONE',  ( -3.614007241618342065E-15, 0.000000000000000000, -1.000000000000000000 ) ) ;
#4600 = DIRECTION ( 'NONE',  ( -1.000000000000000000, 0.000000000000000000, -0.000000000000000000 ) ) ;
#4601 = CARTESIAN_POINT ( 'NONE',  ( -1.800000000000000044, 0.05000000000000000278, -1.800000000000000266 ) ) ;
#4602 =( GEOMETRIC_REPRESENTATION_CONTEXT ( 3 ) GLOBAL_UNCERTAINTY_ASSIGNED_CONTEXT ( ( #7074 ) ) GLOBAL_UNIT_ASSIGNED_CONTEXT ( ( #9064, #1978, #581 ) ) REPRESENTATION_CONTEXT ( 'NONE', 'WORKASPACE' ) );
#4603 = ORIENTED_EDGE ( 'NONE', *, *, #2621, .F. ) ;
#4604 = LINE ( 'NONE', #6045, #10010 ) ;
#4605 = EDGE_CURVE ( 'NONE', #5105, #6633, #8528, .T. ) ;
#4606 = ORIENTED_EDGE ( 'NONE', *, *, #2331, .F. ) ;
#4607 = ADVANCED_FACE ( 'NONE', ( #3230 ), #4825, .T. ) ;
#4608 = ORIENTED_EDGE ( 'NONE', *, *, #6942, .F. ) ;
#4609 = AXIS2_PLACEMENT_3D ( 'NONE', #3327, #7834, #8069 ) ;
#4610 = CARTESIAN_POINT ( 'NONE',  ( -2.100000000000001865, 0.05000000000000002359, 1.129999999999998117 ) ) ;
#4611 = CARTESIAN_POINT ( 'NONE',  ( 2.500000000000002220, 0.6664761515876249653, -1.370000000000001883 ) ) ;
#4612 = LINE ( 'NONE', #8136, #368 ) ;
#4613 = ORIENTED_EDGE ( 'NONE', *, *, #7940, .F. ) ;
#4614 = DIRECTION ( 'NONE',  ( -1.000000000000000000, 0.000000000000000000, 0.000000000000000000 ) ) ;
#4615 = LINE ( 'NONE', #5426, #9905 ) ;
#4616 = DIRECTION ( 'NONE',  ( -0.000000000000000000, -1.000000000000000000, -0.000000000000000000 ) ) ;
#4617 = CARTESIAN_POINT ( 'NONE',  ( 1.370000000000001883, 0.2000000000000005107, 2.499999999999999556 ) ) ;
#4618 = VERTEX_POINT ( 'NONE', #4857 ) ;
#4619 = ORIENTED_EDGE ( 'NONE', *, *, #6372, .T. ) ;
#4620 = ORIENTED_EDGE ( 'NONE', *, *, #2352, .T. ) ;
#4621 = EDGE_CURVE ( 'NONE', #3973, #1981, #3007, .T. ) ;
#4622 = LINE ( 'NONE', #9697, #5713 ) ;
#4623 = DIRECTION ( 'NONE',  ( 0.000000000000000000, 0.000000000000000000, -1.000000000000000000 ) ) ;
#4624 = FILL_AREA_STYLE_COLOUR ( '', #6182 ) ;
#4625 = ORIENTED_EDGE ( 'NONE', *, *, #8150, .T. ) ;
#4626 = DIRECTION ( 'NONE',  ( -1.000000000000000000, 0.000000000000000000, -0.000000000000000000 ) ) ;
#4627 = CARTESIAN_POINT ( 'NONE',  ( 0.1300000000000005596, 0.1999999999999999833, 2.500000000000001332 ) ) ;
#4628 = CARTESIAN_POINT ( 'NONE',  ( 2.500000000000002220, 0.1999999999999999833, 1.369999999999999662 ) ) ;
#4629 = FACE_OUTER_BOUND ( 'NONE', #1931, .T. ) ;
#4630 = ORIENTED_EDGE ( 'NONE', *, *, #3555, .F. ) ;
#4631 = VECTOR ( 'NONE', #9903, 1000.000000000000000 ) ;
#4632 = EDGE_CURVE ( 'NONE', #6532, #3879, #1647, .T. ) ;
#4633 = CLOSED_SHELL ( 'NONE', ( #7031, #6700, #4676, #4506, #8889, #3273 ) ) ;
#4634 = CARTESIAN_POINT ( 'NONE',  ( 0.8700000000000014388, 0.2000000000000000111, -2.100000000000000089 ) ) ;
#4635 = ADVANCED_FACE ( 'NONE', ( #9733 ), #1825, .F. ) ;
#4636 = EDGE_LOOP ( 'NONE', ( #7655, #1011, #7478, #8706 ) ) ;
#4637 = PRESENTATION_STYLE_ASSIGNMENT (( #6566 ) ) ;
#4638 = ORIENTED_EDGE ( 'NONE', *, *, #427, .F. ) ;
#4639 = CARTESIAN_POINT ( 'NONE',  ( -1.799999999999999600, 0.1999999999999996503, 1.799999999999999822 ) ) ;
#4640 = EDGE_CURVE ( 'NONE', #7058, #7668, #3476, .T. ) ;
#4641 = EDGE_LOOP ( 'NONE', ( #2444, #8269, #5736, #5349 ) ) ;
#4642 = DIRECTION ( 'NONE',  ( -0.000000000000000000, -1.000000000000000000, -0.000000000000000000 ) ) ;
#4643 = EDGE_CURVE ( 'NONE', #6520, #6213, #6975, .T. ) ;
#4644 = PLANE ( 'NONE',  #9994 ) ;
#4645 = VECTOR ( 'NONE', #4104, 1000.000000000000000 ) ;
#4646 = EDGE_LOOP ( 'NONE', ( #8158, #57, #6690, #623 ) ) ;
#4647 = ADVANCED_FACE ( 'NONE', ( #6253 ), #2480, .T. ) ;
#4648 = VERTEX_POINT ( 'NONE', #2619 ) ;
#4649 = STYLED_ITEM ( 'NONE', ( #733 ), #7927 ) ;
#4650 = SURFACE_STYLE_USAGE ( .BOTH. , #2313 ) ;
#4651 = CARTESIAN_POINT ( 'NONE',  ( -1.370000000000000107, 0.2000000000000000111, -2.100000000000000089 ) ) ;
#4652 = DIRECTION ( 'NONE',  ( 0.000000000000000000, -1.000000000000000000, 0.000000000000000000 ) ) ;
#4653 = EDGE_LOOP ( 'NONE', ( #8537, #9480, #3140, #6296 ) ) ;
#4654 = EDGE_CURVE ( 'NONE', #2066, #7355, #6144, .T. ) ;
#4655 = EDGE_LOOP ( 'NONE', ( #4886, #6589, #3429, #6740 ) ) ;
#4656 = EDGE_CURVE ( 'NONE', #8053, #7453, #9243, .T. ) ;
#4657 = VECTOR ( 'NONE', #7506, 1000.000000000000000 ) ;
#4658 = PLANE ( 'NONE',  #3564 ) ;
#4659 = VECTOR ( 'NONE', #5937, 1000.000000000000000 ) ;
#4660 = ORIENTED_EDGE ( 'NONE', *, *, #5446, .F. ) ;
#4661 = ORIENTED_EDGE ( 'NONE', *, *, #6225, .F. ) ;
#4662 = CARTESIAN_POINT ( 'NONE',  ( 2.100000000000001865, 0.6664761515876249653, 0.6299999999999982281 ) ) ;
#4663 = EDGE_CURVE ( 'NONE', #8378, #644, #314, .T. ) ;
#4664 = VECTOR ( 'NONE', #4922, 1000.000000000000000 ) ;
#4665 = DIRECTION ( 'NONE',  ( 0.000000000000000000, -1.000000000000000000, 0.000000000000000000 ) ) ;
#4666 = PRESENTATION_LAYER_ASSIGNMENT (  '', '', ( #4802 ) ) ;
#4667 = DIRECTION ( 'NONE',  ( 1.000000000000000000, 0.000000000000000000, -0.000000000000000000 ) ) ;
#4668 = LINE ( 'NONE', #2101, #450 ) ;
#4669 = ORIENTED_EDGE ( 'NONE', *, *, #3475, .T. ) ;
#4670 = VECTOR ( 'NONE', #8384, 1000.000000000000000 ) ;
#4671 = ORIENTED_EDGE ( 'NONE', *, *, #8589, .F. ) ;
#4672 = DIRECTION ( 'NONE',  ( -0.000000000000000000, -1.000000000000000000, -0.000000000000000000 ) ) ;
#4673 = VECTOR ( 'NONE', #2644, 1000.000000000000000 ) ;
#4674 = VECTOR ( 'NONE', #8333, 1000.000000000000000 ) ;
#4675 = VERTEX_POINT ( 'NONE', #523 ) ;
#4676 = ADVANCED_FACE ( 'NONE', ( #1425 ), #8246, .F. ) ;
#4677 =( LENGTH_UNIT ( ) NAMED_UNIT ( * ) SI_UNIT ( .MILLI., .METRE. ) );
#4678 = VERTEX_POINT ( 'NONE', #6016 ) ;
#4679 = DIRECTION ( 'NONE',  ( -0.000000000000000000, -1.000000000000000000, -0.000000000000000000 ) ) ;
#4680 = DIRECTION ( 'NONE',  ( 0.000000000000000000, -1.000000000000000000, 0.000000000000000000 ) ) ;
#4681 = CARTESIAN_POINT ( 'NONE',  ( 2.100000000000001865, 0.6664761515876249653, -0.1300000000000003375 ) ) ;
#4682 = CARTESIAN_POINT ( 'NONE',  ( 0.3700000000000013833, 0.000000000000000000, -2.100000000000000089 ) ) ;
#4683 = VERTEX_POINT ( 'NONE', #8597 ) ;
#4684 = EDGE_CURVE ( 'NONE', #7029, #5004, #7918, .T. ) ;
#4685 = LINE ( 'NONE', #1630, #9859 ) ;
#4686 = CARTESIAN_POINT ( 'NONE',  ( 1.800000000000000044, 5.291168824543142968, -1.799999999999999822 ) ) ;
#4687 = VERTEX_POINT ( 'NONE', #6828 ) ;
#4688 = CARTESIAN_POINT ( 'NONE',  ( 0.6299999999999998934, 0.6664761515876257425, -2.500000000000000444 ) ) ;
#4689 = VECTOR ( 'NONE', #3188, 1000.000000000000000 ) ;
#4690 = ORIENTED_EDGE ( 'NONE', *, *, #6319, .F. ) ;
#4691 = LINE ( 'NONE', #4182, #8538 ) ;
#4692 = ORIENTED_EDGE ( 'NONE', *, *, #3415, .T. ) ;
#4693 = ADVANCED_FACE ( 'NONE', ( #4333 ), #4437, .T. ) ;
#4694 = CARTESIAN_POINT ( 'NONE',  ( 0.000000000000000000, 0.000000000000000000, 1.500000000000000000 ) ) ;
#4695 = ORIENTED_EDGE ( 'NONE', *, *, #2765, .T. ) ;
#4696 = EDGE_CURVE ( 'NONE', #2482, #9163, #3608, .T. ) ;
#4697 = CARTESIAN_POINT ( 'NONE',  ( -1.869999999999999662, 0.2000000000000000111, 2.100000000000000977 ) ) ;
#4698 = PRESENTATION_STYLE_ASSIGNMENT (( #2921 ) ) ;
#4699 = EDGE_LOOP ( 'NONE', ( #2156, #9139, #5645, #7271 ) ) ;
#4700 = VECTOR ( 'NONE', #8840, 1000.000000000000000 ) ;
#4701 = VERTEX_POINT ( 'NONE', #9891 ) ;
#4702 = LINE ( 'NONE', #2726, #1808 ) ;
#4703 = EDGE_CURVE ( 'NONE', #2417, #9192, #77, .T. ) ;
#4704 = ORIENTED_EDGE ( 'NONE', *, *, #2708, .T. ) ;
#4705 = PLANE ( 'NONE',  #5472 ) ;
#4706 = LINE ( 'NONE', #2647, #8553 ) ;
#4707 = EDGE_LOOP ( 'NONE', ( #4262, #8761, #2462, #8420 ) ) ;
#4708 = DIRECTION ( 'NONE',  ( 0.000000000000000000, 1.000000000000000000, 0.000000000000000000 ) ) ;
#4709 = VECTOR ( 'NONE', #2653, 1000.000000000000000 ) ;
#4710 = ORIENTED_EDGE ( 'NONE', *, *, #445, .T. ) ;
#4711 = EDGE_CURVE ( 'NONE', #5244, #5517, #2280, .T. ) ;
#4712 = VECTOR ( 'NONE', #1406, 1000.000000000000000 ) ;
#4713 = DIRECTION ( 'NONE',  ( 1.000000000000000000, 0.000000000000000000, -0.000000000000000000 ) ) ;
#4714 = PLANE ( 'NONE',  #6835 ) ;
#4715 = VERTEX_POINT ( 'NONE', #9798 ) ;
#4716 = PLANE ( 'NONE',  #3582 ) ;
#4717 = CARTESIAN_POINT ( 'NONE',  ( 1.630000000000000560, 0.1999999999999999833, 2.500000000000001332 ) ) ;
#4718 = UNCERTAINTY_MEASURE_WITH_UNIT (LENGTH_MEASURE( 1.000000000000000082E-05 ), #1164, 'distance_accuracy_value', 'NONE');
#4719 = CARTESIAN_POINT ( 'NONE',  ( -2.100000000000001865, 0.1999999999999999833, 0.1299999999999981726 ) ) ;
#4720 = LINE ( 'NONE', #7661, #8561 ) ;
#4721 = DIRECTION ( 'NONE',  ( 0.000000000000000000, 0.000000000000000000, -1.000000000000000000 ) ) ;
#4722 = CARTESIAN_POINT ( 'NONE',  ( 1.500000000000000000, 0.2000000000000000111, 0.000000000000000000 ) ) ;
#4723 = VECTOR ( 'NONE', #1705, 1000.000000000000000 ) ;
#4724 = AXIS2_PLACEMENT_3D ( 'NONE', #391, #4328, #3482 ) ;
#4725 = FACE_OUTER_BOUND ( 'NONE', #4655, .T. ) ;
#4726 = EDGE_CURVE ( 'NONE', #9081, #483, #4668, .T. ) ;
#4727 = VERTEX_POINT ( 'NONE', #6765 ) ;
#4728 = AXIS2_PLACEMENT_3D ( 'NONE', #1728, #6426, #274 ) ;
#4729 = CARTESIAN_POINT ( 'NONE',  ( 0.000000000000000000, 0.2000000000000000111, 0.000000000000000000 ) ) ;
#4730 = AXIS2_PLACEMENT_3D ( 'NONE', #2990, #703, #5432 ) ;
#4731 = DIRECTION ( 'NONE',  ( -0.000000000000000000, 0.000000000000000000, 1.000000000000000000 ) ) ;
#4732 = LINE ( 'NONE', #1257, #9194 ) ;
#4733 = VERTEX_POINT ( 'NONE', #9133 ) ;
#4734 =( NAMED_UNIT ( * ) PLANE_ANGLE_UNIT ( ) SI_UNIT ( $, .RADIAN. ) );
#4735 = ORIENTED_EDGE ( 'NONE', *, *, #8704, .F. ) ;
#4736 = ORIENTED_EDGE ( 'NONE', *, *, #7714, .T. ) ;
#4737 = CARTESIAN_POINT ( 'NONE',  ( -2.100000000000001865, 0.000000000000000000, -1.630000000000000338 ) ) ;
#4739 = ADVANCED_FACE ( 'NONE', ( #9964 ), #5344, .T. ) ;
#4738 = ORIENTED_EDGE ( 'NONE', *, *, #21, .T. ) ;
#4740 = EDGE_CURVE ( 'NONE', #7067, #10, #8035, .T. ) ;
#4741 = ORIENTED_EDGE ( 'NONE', *, *, #7289, .F. ) ;
#4742 = FACE_OUTER_BOUND ( 'NONE', #9725, .T. ) ;
#4743 = DIRECTION ( 'NONE',  ( 3.614007241618325499E-15, 0.000000000000000000, 1.000000000000000000 ) ) ;
#4744 = ORIENTED_EDGE ( 'NONE', *, *, #5462, .T. ) ;
#4745 = CARTESIAN_POINT ( 'NONE',  ( 2.100000000000001865, 0.1999999999999999833, -1.630000000000000338 ) ) ;
#4746 = CARTESIAN_POINT ( 'NONE',  ( -1.129999999999998561, 0.04999999999999999584, -2.100000000000000089 ) ) ;
#4747 = CARTESIAN_POINT ( 'NONE',  ( -2.100000000000001865, 0.1999999999999999833, -0.8700000000000018829 ) ) ;
#4748 = LINE ( 'NONE', #3673, #1135 ) ;
#4749 = DIRECTION ( 'NONE',  ( 0.000000000000000000, 0.000000000000000000, -1.000000000000000000 ) ) ;
#4750 = SURFACE_STYLE_USAGE ( .BOTH. , #8516 ) ;
#4751 = VERTEX_POINT ( 'NONE', #2173 ) ;
#4752 = CARTESIAN_POINT ( 'NONE',  ( -2.100000000000001865, 0.1999999999999999833, -1.630000000000000338 ) ) ;
#4753 = DIRECTION ( 'NONE',  ( 0.000000000000000000, -0.000000000000000000, 1.000000000000000000 ) ) ;
#4754 = AXIS2_PLACEMENT_3D ( 'NONE', #4839, #7382, #9684 ) ;
#4755 = SURFACE_STYLE_FILL_AREA ( #5741 ) ;
#4756 = VERTEX_POINT ( 'NONE', #4500 ) ;
#4757 = EDGE_CURVE ( 'NONE', #8497, #6520, #1538, .T. ) ;
#4758 = EDGE_LOOP ( 'NONE', ( #9614, #8214, #6659, #9229 ) ) ;
#4759 = DIRECTION ( 'NONE',  ( 1.000000000000000000, -0.000000000000000000, 0.000000000000000000 ) ) ;
#4760 = CARTESIAN_POINT ( 'NONE',  ( -2.100000000000001865, 0.6664761515876249653, -0.3700000000000018274 ) ) ;
#4761 = ORIENTED_EDGE ( 'NONE', *, *, #9290, .T. ) ;
#4762 = VECTOR ( 'NONE', #8600, 1000.000000000000000 ) ;
#4763 = LINE ( 'NONE', #3956, #5750 ) ;
#4764 = DIRECTION ( 'NONE',  ( -2.168404344971008079E-15, 0.000000000000000000, 1.000000000000000000 ) ) ;
#4765 = COLOUR_RGB ( '',0.7921568627450980005, 0.8196078431372548767, 0.9333333333333333481 ) ;
#4766 = ORIENTED_EDGE ( 'NONE', *, *, #7954, .F. ) ;
#4767 = DIRECTION ( 'NONE',  ( 0.000000000000000000, 1.000000000000000000, 0.000000000000000000 ) ) ;
#4768 = DIRECTION ( 'NONE',  ( -1.000000000000000000, 0.000000000000000000, -0.000000000000000000 ) ) ;
#4769 = DIRECTION ( 'NONE',  ( 0.000000000000000000, -0.000000000000000000, 1.000000000000000000 ) ) ;
#4770 = ORIENTED_EDGE ( 'NONE', *, *, #506, .T. ) ;
#4771 = CARTESIAN_POINT ( 'NONE',  ( 2.500000000000002220, 0.04999999999999969746, -1.630000000000000338 ) ) ;
#4772 = EDGE_CURVE ( 'NONE', #4218, #5453, #6022, .T. ) ;
#4773 = CARTESIAN_POINT ( 'NONE',  ( -2.100000000000001865, 0.1999999999999999833, 1.369999999999999662 ) ) ;
#4774 = CARTESIAN_POINT ( 'NONE',  ( 0.8700000000000064349, 0.05000000000000000278, 1.886511780124791126E-15 ) ) ;
#4775 = ORIENTED_EDGE ( 'NONE', *, *, #367, .T. ) ;
#4776 = LINE ( 'NONE', #4254, #2884 ) ;
#4777 = ORIENTED_EDGE ( 'NONE', *, *, #6761, .T. ) ;
#4778 = ADVANCED_FACE ( 'NONE', ( #7460 ), #8347, .T. ) ;
#4779 = DIRECTION ( 'NONE',  ( 0.000000000000000000, -1.000000000000000000, 0.000000000000000000 ) ) ;
#4780 = AXIS2_PLACEMENT_3D ( 'NONE', #2762, #9563, #4972 ) ;
#4781 = CARTESIAN_POINT ( 'NONE',  ( 0.000000000000000000, 0.2000000000000000111, 0.000000000000000000 ) ) ;
#4782 = DIRECTION ( 'NONE',  ( 0.000000000000000000, 1.000000000000000000, 0.000000000000000000 ) ) ;
#4783 = DIRECTION ( 'NONE',  ( 0.000000000000000000, 0.000000000000000000, -1.000000000000000000 ) ) ;
#4784 = LINE ( 'NONE', #4373, #6616 ) ;
#4785 = CARTESIAN_POINT ( 'NONE',  ( 2.100000000000001865, 0.6664761515876249653, 1.369999999999999662 ) ) ;
#4786 = EDGE_CURVE ( 'NONE', #8581, #8947, #2891, .T. ) ;
#4787 = DIRECTION ( 'NONE',  ( 1.000000000000000000, -0.000000000000000000, 0.000000000000000000 ) ) ;
#4788 = MANIFOLD_SOLID_BREP ( 'LPattern3[4]', #4826 ) ;
#4789 = LINE ( 'NONE', #5032, #5291 ) ;
#4790 = VERTEX_POINT ( 'NONE', #9858 ) ;
#4791 = ORIENTED_EDGE ( 'NONE', *, *, #48, .F. ) ;
#4792 = DIRECTION ( 'NONE',  ( 0.000000000000000000, 0.000000000000000000, -1.000000000000000000 ) ) ;
#4793 = ADVANCED_FACE ( 'NONE', ( #6488, #2031 ), #8256, .F. ) ;
#4794 = CARTESIAN_POINT ( 'NONE',  ( -1.129999999999998117, 0.2000000000000000111, 2.100000000000000089 ) ) ;
#4795 = ORIENTED_EDGE ( 'NONE', *, *, #775, .T. ) ;
#4796 = VECTOR ( 'NONE', #9257, 1000.000000000000000 ) ;
#4797 = ORIENTED_EDGE ( 'NONE', *, *, #9456, .F. ) ;
#4798 = EDGE_CURVE ( 'NONE', #7817, #6101, #9024, .T. ) ;
#4799 = CARTESIAN_POINT ( 'NONE',  ( -0.1299999999999981726, 0.000000000000000000, 2.100000000000000089 ) ) ;
#4800 = ORIENTED_EDGE ( 'NONE', *, *, #4193, .T. ) ;
#4801 = FILL_AREA_STYLE ('',( #1664 ) ) ;
#4802 = STYLED_ITEM ( 'NONE', ( #1422 ), #1949 ) ;
#4803 = VECTOR ( 'NONE', #8306, 1000.000000000000000 ) ;
#4804 = DIRECTION ( 'NONE',  ( 0.000000000000000000, 0.000000000000000000, -1.000000000000000000 ) ) ;
#4805 = EDGE_CURVE ( 'NONE', #6425, #4683, #3728, .T. ) ;
#4806 = DIRECTION ( 'NONE',  ( 1.000000000000000000, 0.000000000000000000, -3.614007241618325499E-15 ) ) ;
#4807 = VECTOR ( 'NONE', #205, 1000.000000000000000 ) ;
#4808 = EDGE_LOOP ( 'NONE', ( #466, #1476, #3240, #7541 ) ) ;
#4809 = DIRECTION ( 'NONE',  ( 1.000000000000000000, 0.000000000000000000, -5.421010862427520198E-16 ) ) ;
#4810 = ORIENTED_EDGE ( 'NONE', *, *, #1956, .T. ) ;
#4811 = ORIENTED_EDGE ( 'NONE', *, *, #9695, .T. ) ;
#4812 = VECTOR ( 'NONE', #5363, 1000.000000000000000 ) ;
#4813 = VERTEX_POINT ( 'NONE', #5718 ) ;
#4814 = VECTOR ( 'NONE', #3896, 1000.000000000000000 ) ;
#4815 = PLANE ( 'NONE',  #778 ) ;
#4816 = DIRECTION ( 'NONE',  ( 0.000000000000000000, 0.000000000000000000, -1.000000000000000000 ) ) ;
#4817 = EDGE_LOOP ( 'NONE', ( #4913, #1069, #3480, #4811 ) ) ;
#4818 = DIRECTION ( 'NONE',  ( 0.000000000000000000, 0.000000000000000000, 1.000000000000000000 ) ) ;
#4819 = CARTESIAN_POINT ( 'NONE',  ( 0.3700000000000063793, 0.05000000000000000278, 8.023096076392867904E-16 ) ) ;
#4820 = EDGE_CURVE ( 'NONE', #6997, #2996, #8402, .T. ) ;
#4821 = CARTESIAN_POINT ( 'NONE',  ( -0.1299999999999986167, 0.6664761515876257425, -2.100000000000000089 ) ) ;
#4822 = CARTESIAN_POINT ( 'NONE',  ( 0.000000000000000000, 0.05000000000000000278, -1.370000000000001883 ) ) ;
#4823 = ORIENTED_EDGE ( 'NONE', *, *, #4320, .F. ) ;
#4824 = FACE_OUTER_BOUND ( 'NONE', #1234, .T. ) ;
#4825 = PLANE ( 'NONE',  #1528 ) ;
#4826 = CLOSED_SHELL ( 'NONE', ( #4516, #6027, #1412, #8472, #3560, #6593 ) ) ;
#4827 = LINE ( 'NONE', #1019, #3878 ) ;
#4828 = ORIENTED_EDGE ( 'NONE', *, *, #8315, .F. ) ;
#4829 = EDGE_CURVE ( 'NONE', #3798, #3040, #6362, .T. ) ;
#4830 = DIRECTION ( 'NONE',  ( -0.000000000000000000, 0.000000000000000000, -1.000000000000000000 ) ) ;
#4831 = VECTOR ( 'NONE', #1554, 1000.000000000000000 ) ;
#4832 = VERTEX_POINT ( 'NONE', #2005 ) ;
#4833 = EDGE_CURVE ( 'NONE', #1080, #1762, #9598, .T. ) ;
#4834 = LINE ( 'NONE', #4907, #7962 ) ;
#4835 = ORIENTED_EDGE ( 'NONE', *, *, #3914, .F. ) ;
#4836 =( NAMED_UNIT ( * ) SI_UNIT ( $, .STERADIAN. ) SOLID_ANGLE_UNIT ( ) );
#4837 = DIRECTION ( 'NONE',  ( -1.000000000000000000, 0.000000000000000000, -0.000000000000000000 ) ) ;
#4838 = CARTESIAN_POINT ( 'NONE',  ( -2.100000000000001865, 0.1999999999999999833, -1.630000000000000338 ) ) ;
#4839 = CARTESIAN_POINT ( 'NONE',  ( -2.100000000000001865, 0.6664761515876249653, -1.130000000000000338 ) ) ;
#4840 = CARTESIAN_POINT ( 'NONE',  ( -1.370000000000000107, 0.1999999999999999833, -2.500000000000000444 ) ) ;
#4841 = LINE ( 'NONE', #2735, #497 ) ;
#4842 = ORIENTED_EDGE ( 'NONE', *, *, #8150, .F. ) ;
#4843 = UNCERTAINTY_MEASURE_WITH_UNIT (LENGTH_MEASURE( 1.000000000000000082E-05 ), #9696, 'distance_accuracy_value', 'NONE');
#4844 = ADVANCED_FACE ( 'NONE', ( #4557 ), #2530, .T. ) ;
#4845 = EDGE_CURVE ( 'NONE', #7668, #3910, #1039, .T. ) ;
#4846 = EDGE_CURVE ( 'NONE', #1743, #9250, #1300, .T. ) ;
#4847 = VECTOR ( 'NONE', #9471, 1000.000000000000000 ) ;
#4848 = CARTESIAN_POINT ( 'NONE',  ( -1.629999999999999671, 0.6664761515876257425, -2.500000000000000444 ) ) ;
#4849 = CARTESIAN_POINT ( 'NONE',  ( 0.000000000000000000, 0.000000000000000000, 2.000000000000000000 ) ) ;
#4850 = DIRECTION ( 'NONE',  ( -1.000000000000000000, 0.000000000000000000, -2.168404344971008079E-15 ) ) ;
#4851 = ORIENTED_EDGE ( 'NONE', *, *, #7714, .F. ) ;
#4852 = DIRECTION ( 'NONE',  ( -2.168404344971008079E-15, 0.000000000000000000, 1.000000000000000000 ) ) ;
#4853 = ORIENTED_EDGE ( 'NONE', *, *, #8680, .F. ) ;
#4854 = DIRECTION ( 'NONE',  ( 1.000000000000000000, 0.000000000000000000, -3.614007241618325499E-15 ) ) ;
#4855 = CARTESIAN_POINT ( 'NONE',  ( 2.100000000000001865, 0.1999999999999999833, -0.3700000000000018274 ) ) ;
#4856 = CARTESIAN_POINT ( 'NONE',  ( -2.500000000000002220, 0.6664761515876249653, -0.1300000000000003375 ) ) ;
#4857 = CARTESIAN_POINT ( 'NONE',  ( -0.6299999999999982281, 0.000000000000000000, 2.100000000000000089 ) ) ;
#4858 = VECTOR ( 'NONE', #1037, 1000.000000000000000 ) ;
#4859 = EDGE_CURVE ( 'NONE', #7254, #2604, #2387, .T. ) ;
#4860 = ORIENTED_EDGE ( 'NONE', *, *, #9120, .F. ) ;
#4861 = PRESENTATION_LAYER_ASSIGNMENT (  '', '', ( #7459 ) ) ;
#4862 = VECTOR ( 'NONE', #770, 1000.000000000000000 ) ;
#4863 = CLOSED_SHELL ( 'NONE', ( #7388, #3903, #6734, #9271, #9140, #491 ) ) ;
#4864 = FACE_OUTER_BOUND ( 'NONE', #6681, .T. ) ;
#4865 = CARTESIAN_POINT ( 'NONE',  ( -1.129999999999998561, 0.000000000000000000, -2.100000000000000089 ) ) ;
#4866 = CARTESIAN_POINT ( 'NONE',  ( -1.129999999999999005, 0.6664761515876257425, 2.500000000000000444 ) ) ;
#4867 = EDGE_LOOP ( 'NONE', ( #2187, #1893, #7313, #2697 ) ) ;
#4868 = DIRECTION ( 'NONE',  ( 1.000000000000000000, 0.000000000000000000, -3.614007241618325499E-15 ) ) ;
#4869 = DIRECTION ( 'NONE',  ( 1.000000000000000000, 0.000000000000000000, -3.614007241618325499E-15 ) ) ;
#4870 = PLANE ( 'NONE',  #928 ) ;
#4871 = DIRECTION ( 'NONE',  ( 0.000000000000000000, 0.000000000000000000, 1.000000000000000000 ) ) ;
#4872 = EDGE_LOOP ( 'NONE', ( #9319, #6567, #1356, #4955 ) ) ;
#4873 = AXIS2_PLACEMENT_3D ( 'NONE', #6679, #9178, #576 ) ;
#4874 = FACE_OUTER_BOUND ( 'NONE', #7957, .T. ) ;
#4875 = ORIENTED_EDGE ( 'NONE', *, *, #2448, .T. ) ;
#4876 = EDGE_CURVE ( 'NONE', #5860, #6006, #307, .T. ) ;
#4877 = ORIENTED_EDGE ( 'NONE', *, *, #1255, .T. ) ;
#4878 = DIRECTION ( 'NONE',  ( -0.000000000000000000, -1.000000000000000000, -0.000000000000000000 ) ) ;
#4879 = CARTESIAN_POINT ( 'NONE',  ( -2.500000000000002220, 0.6664761515876249653, 1.869999999999999662 ) ) ;
#4880 = DIRECTION ( 'NONE',  ( 1.000000000000000000, 0.000000000000000000, -0.000000000000000000 ) ) ;
#4881 = LINE ( 'NONE', #2465, #1512 ) ;
#4882 = CARTESIAN_POINT ( 'NONE',  ( 0.000000000000000000, 0.2000000000000000111, 0.000000000000000000 ) ) ;
#4883 = VERTEX_POINT ( 'NONE', #8200 ) ;
#4884 = CARTESIAN_POINT ( 'NONE',  ( -0.6299999999999985612, 0.2000000000000000111, -2.100000000000000089 ) ) ;
#4885 = CARTESIAN_POINT ( 'NONE',  ( -1.129999999999999005, 0.000000000000000000, 2.500000000000000444 ) ) ;
#4886 = ORIENTED_EDGE ( 'NONE', *, *, #2941, .T. ) ;
#4887 = CARTESIAN_POINT ( 'NONE',  ( 1.370000000000001883, 0.6664761515876257425, 2.100000000000000089 ) ) ;
#4888 = DIRECTION ( 'NONE',  ( 0.000000000000000000, 1.000000000000000000, 0.000000000000000000 ) ) ;
#4889 = VECTOR ( 'NONE', #8382, 1000.000000000000000 ) ;
#4890 = EDGE_CURVE ( 'NONE', #9179, #6997, #1173, .T. ) ;
#4891 = ADVANCED_FACE ( 'NONE', ( #7910 ), #2381, .T. ) ;
#4892 = VECTOR ( 'NONE', #4992, 1000.000000000000000 ) ;
#4893 = ORIENTED_EDGE ( 'NONE', *, *, #4388, .F. ) ;
#4894 = CARTESIAN_POINT ( 'NONE',  ( -2.100000000000001865, 0.6664761515876249653, -0.1300000000000003375 ) ) ;
#4895 = ORIENTED_EDGE ( 'NONE', *, *, #5779, .F. ) ;
#4896 = DIRECTION ( 'NONE',  ( 0.000000000000000000, -0.000000000000000000, 1.000000000000000000 ) ) ;
#4897 = LINE ( 'NONE', #6751, #1411 ) ;
#4898 = AXIS2_PLACEMENT_3D ( 'NONE', #3085, #6098, #8418 ) ;
#4899 = PLANE ( 'NONE',  #4728 ) ;
#4900 = DIRECTION ( 'NONE',  ( 3.614007241618325499E-15, -0.000000000000000000, 1.000000000000000000 ) ) ;
#4901 = VECTOR ( 'NONE', #1006, 1000.000000000000000 ) ;
#4902 = VERTEX_POINT ( 'NONE', #7501 ) ;
#4903 = LINE ( 'NONE', #9626, #4314 ) ;
#4904 = ORIENTED_EDGE ( 'NONE', *, *, #1065, .F. ) ;
#4905 = DIRECTION ( 'NONE',  ( -1.000000000000000000, 0.000000000000000000, -0.000000000000000000 ) ) ;
#4906 = EDGE_CURVE ( 'NONE', #688, #3276, #8890, .T. ) ;
#4907 = CARTESIAN_POINT ( 'NONE',  ( 0.000000000000000000, 0.05000000000000000278, 0.1299999999999981726 ) ) ;
#4908 = CARTESIAN_POINT ( 'NONE',  ( -2.500000000000000888, 0.05000000000000000278, 2.499999999999999556 ) ) ;
#4909 = VECTOR ( 'NONE', #5820, 1000.000000000000000 ) ;
#4910 = VECTOR ( 'NONE', #9921, 1000.000000000000000 ) ;
#4911 = ORIENTED_EDGE ( 'NONE', *, *, #2720, .F. ) ;
#4912 = VECTOR ( 'NONE', #675, 1000.000000000000000 ) ;
#4913 = ORIENTED_EDGE ( 'NONE', *, *, #8884, .F. ) ;
#4914 = AXIS2_PLACEMENT_3D ( 'NONE', #3410, #1876, #7975 ) ;
#4915 = CARTESIAN_POINT ( 'NONE',  ( -2.500000000000000888, 0.05000000000000000278, 2.499999999999999556 ) ) ;
#4916 = PLANE ( 'NONE',  #3442 ) ;
#4917 = CARTESIAN_POINT ( 'NONE',  ( -2.500000000000002220, 0.6664761515876249653, -1.130000000000000338 ) ) ;
#4918 = CARTESIAN_POINT ( 'NONE',  ( -2.100000000000001865, 0.1999999999999999833, -0.1300000000000003375 ) ) ;
#4919 = EDGE_CURVE ( 'NONE', #5577, #3049, #9135, .T. ) ;
#4920 = DIRECTION ( 'NONE',  ( -0.000000000000000000, -0.000000000000000000, 1.000000000000000000 ) ) ;
#4921 = CARTESIAN_POINT ( 'NONE',  ( -0.3700000000000001066, 0.05000000000000000278, 0.000000000000000000 ) ) ;
#4922 = DIRECTION ( 'NONE',  ( 0.000000000000000000, 0.000000000000000000, 1.000000000000000000 ) ) ;
#4923 = VECTOR ( 'NONE', #5103, 1000.000000000000000 ) ;
#4924 = CARTESIAN_POINT ( 'NONE',  ( 0.3700000000000013833, 0.2000000000000000111, -2.100000000000000089 ) ) ;
#4925 = DIRECTION ( 'NONE',  ( -0.000000000000000000, -1.000000000000000000, -0.000000000000000000 ) ) ;
#4926 =( GEOMETRIC_REPRESENTATION_CONTEXT ( 3 ) GLOBAL_UNCERTAINTY_ASSIGNED_CONTEXT ( ( #9453 ) ) GLOBAL_UNIT_ASSIGNED_CONTEXT ( ( #9727, #6692, #2886 ) ) REPRESENTATION_CONTEXT ( 'NONE', 'WORKASPACE' ) );
#4927 = VECTOR ( 'NONE', #4272, 1000.000000000000000 ) ;
#4928 = EDGE_LOOP ( 'NONE', ( #5486, #9418, #5265, #8328 ) ) ;
#4929 = DIRECTION ( 'NONE',  ( -0.000000000000000000, -1.000000000000000000, -0.000000000000000000 ) ) ;
#4930 = FACE_OUTER_BOUND ( 'NONE', #3902, .T. ) ;
#4931 = ORIENTED_EDGE ( 'NONE', *, *, #1519, .F. ) ;
#4932 = DIRECTION ( 'NONE',  ( 0.000000000000000000, 0.000000000000000000, -1.000000000000000000 ) ) ;
#4933 = LINE ( 'NONE', #8563, #816 ) ;
#4934 = ORIENTED_EDGE ( 'NONE', *, *, #1542, .T. ) ;
#4935 = VERTEX_POINT ( 'NONE', #1041 ) ;
#4936 = LINE ( 'NONE', #1479, #952 ) ;
#4937 = ORIENTED_EDGE ( 'NONE', *, *, #9814, .F. ) ;
#4938 = FACE_OUTER_BOUND ( 'NONE', #7969, .T. ) ;
#4939 = CARTESIAN_POINT ( 'NONE',  ( -1.870000000000000107, 0.6664761515876257425, -2.100000000000000089 ) ) ;
#4940 = ORIENTED_EDGE ( 'NONE', *, *, #2264, .T. ) ;
#4941 = CARTESIAN_POINT ( 'NONE',  ( 2.100000000000001865, 0.1999999999999999833, 0.6299999999999982281 ) ) ;
#4942 = CARTESIAN_POINT ( 'NONE',  ( -2.100000000000001865, 0.1999999999999999833, 0.1299999999999981726 ) ) ;
#4943 = ORIENTED_EDGE ( 'NONE', *, *, #1099, .F. ) ;
#4944 = PLANE ( 'NONE',  #8080 ) ;
#4945 = EDGE_CURVE ( 'NONE', #4465, #60, #4321, .T. ) ;
#4946 = VECTOR ( 'NONE', #2855, 1000.000000000000000 ) ;
#4947 = ORIENTED_EDGE ( 'NONE', *, *, #1384, .T. ) ;
#4948 = DIRECTION ( 'NONE',  ( 1.000000000000000000, 0.000000000000000000, -0.000000000000000000 ) ) ;
#4949 = DIRECTION ( 'NONE',  ( 5.421010862427520198E-16, 0.000000000000000000, 1.000000000000000000 ) ) ;
#4950 = LINE ( 'NONE', #6861, #829 ) ;
#4951 = EDGE_LOOP ( 'NONE', ( #8999, #3930, #4736, #3369 ) ) ;
#4952 = LINE ( 'NONE', #7917, #5683 ) ;
#4953 = ADVANCED_FACE ( 'NONE', ( #3105 ), #3349, .F. ) ;
#4954 = VERTEX_POINT ( 'NONE', #1684 ) ;
#4955 = ORIENTED_EDGE ( 'NONE', *, *, #6647, .F. ) ;
#4956 = CARTESIAN_POINT ( 'NONE',  ( 0.8700000000000003286, 0.6664761515876257425, -2.500000000000000444 ) ) ;
#4957 = CARTESIAN_POINT ( 'NONE',  ( 2.100000000000001865, 0.6664761515876249653, 1.869999999999999662 ) ) ;
#4958 = CARTESIAN_POINT ( 'NONE',  ( -2.100000000000001865, 0.1999999999999999833, 1.369999999999999662 ) ) ;
#4959 = CARTESIAN_POINT ( 'NONE',  ( 0.1300000000000003375, 0.1999999999999999833, 2.100000000000000977 ) ) ;
#4960 = VECTOR ( 'NONE', #2628, 1000.000000000000000 ) ;
#4961 = EDGE_CURVE ( 'NONE', #5908, #3632, #3835, .T. ) ;
#4962 = DIRECTION ( 'NONE',  ( 1.000000000000000000, 0.000000000000000000, -3.614007241618325499E-15 ) ) ;
#4963 = CARTESIAN_POINT ( 'NONE',  ( -2.100000000000001865, 0.05000000000000000278, 0.000000000000000000 ) ) ;
#4964 = DIRECTION ( 'NONE',  ( -0.000000000000000000, 0.000000000000000000, 1.000000000000000000 ) ) ;
#4965 = CARTESIAN_POINT ( 'NONE',  ( -2.500000000000002220, 0.6664761515876249653, -0.1300000000000003375 ) ) ;
#4966 = ORIENTED_EDGE ( 'NONE', *, *, #3626, .F. ) ;
#4968 = CARTESIAN_POINT ( 'NONE',  ( 2.500000000000002220, 0.000000000000000000, 1.869999999999999662 ) ) ;
#4967 = CARTESIAN_POINT ( 'NONE',  ( -2.100000000000001865, 0.6664761515876249653, 0.3699999999999996625 ) ) ;
#4969 = FACE_OUTER_BOUND ( 'NONE', #3318, .T. ) ;
#4970 = ORIENTED_EDGE ( 'NONE', *, *, #2871, .F. ) ;
#4971 = VECTOR ( 'NONE', #4212, 1000.000000000000000 ) ;
#4972 = DIRECTION ( 'NONE',  ( 0.000000000000000000, 0.000000000000000000, -1.000000000000000000 ) ) ;
#4973 = DIRECTION ( 'NONE',  ( 0.000000000000000000, 1.000000000000000000, 0.000000000000000000 ) ) ;
#4974 = VECTOR ( 'NONE', #3298, 1000.000000000000000 ) ;
#4975 = EDGE_CURVE ( 'NONE', #8520, #1834, #3346, .T. ) ;
#4976 = CARTESIAN_POINT ( 'NONE',  ( -1.129999999999999671, 0.000000000000000000, -2.500000000000000444 ) ) ;
#4977 = ORIENTED_EDGE ( 'NONE', *, *, #329, .F. ) ;
#4978 = DIRECTION ( 'NONE',  ( 1.000000000000000000, 0.000000000000000000, -3.614007241618325499E-15 ) ) ;
#4979 = ORIENTED_EDGE ( 'NONE', *, *, #7604, .T. ) ;
#4980 = CARTESIAN_POINT ( 'NONE',  ( 0.8700000000000018829, 0.2000000000000000111, 2.100000000000000089 ) ) ;
#4981 = DIRECTION ( 'NONE',  ( 1.000000000000000000, -0.000000000000000000, -0.000000000000000000 ) ) ;
#4982 = DIRECTION ( 'NONE',  ( 0.000000000000000000, 0.000000000000000000, -1.000000000000000000 ) ) ;
#4983 = LINE ( 'NONE', #4259, #2951 ) ;
#4984 = VERTEX_POINT ( 'NONE', #1783 ) ;
#4985 = EDGE_CURVE ( 'NONE', #6423, #8241, #6964, .T. ) ;
#4986 = CARTESIAN_POINT ( 'NONE',  ( 2.100000000000001865, 0.6664761515876249653, 1.629999999999998117 ) ) ;
#4987 =( GEOMETRIC_REPRESENTATION_CONTEXT ( 3 ) GLOBAL_UNCERTAINTY_ASSIGNED_CONTEXT ( ( #2770 ) ) GLOBAL_UNIT_ASSIGNED_CONTEXT ( ( #8766, #1167, #1130 ) ) REPRESENTATION_CONTEXT ( 'NONE', 'WORKASPACE' ) );
#4988 = ORIENTED_EDGE ( 'NONE', *, *, #4349, .F. ) ;
#4989 = CARTESIAN_POINT ( 'NONE',  ( 0.000000000000000000, 0.000000000000000000, 0.5000000000000000000 ) ) ;
#4990 = DIRECTION ( 'NONE',  ( -1.000000000000000000, 0.000000000000000000, -2.168404344971008079E-15 ) ) ;
#4991 = CARTESIAN_POINT ( 'NONE',  ( 2.500000000000002220, 0.1999999999999999833, 0.3699999999999996625 ) ) ;
#4992 = DIRECTION ( 'NONE',  ( 0.000000000000000000, -1.000000000000000000, 0.000000000000000000 ) ) ;
#4993 = CARTESIAN_POINT ( 'NONE',  ( 2.100000000000001865, 0.6664761515876249653, 0.8699999999999996625 ) ) ;
#4994 = ORIENTED_EDGE ( 'NONE', *, *, #9746, .T. ) ;
#4995 =( NAMED_UNIT ( * ) PLANE_ANGLE_UNIT ( ) SI_UNIT ( $, .RADIAN. ) );
#4996 = DIRECTION ( 'NONE',  ( 5.421010862427520198E-16, 0.000000000000000000, 1.000000000000000000 ) ) ;
#4997 = AXIS2_PLACEMENT_3D ( 'NONE', #9518, #8786, #3554 ) ;
#4998 = FACE_OUTER_BOUND ( 'NONE', #3738, .T. ) ;
#4999 = ORIENTED_EDGE ( 'NONE', *, *, #712, .F. ) ;
#5000 = EDGE_CURVE ( 'NONE', #3850, #8180, #7089, .T. ) ;
#5001 = ADVANCED_FACE ( 'NONE', ( #191 ), #3387, .F. ) ;
#5002 = AXIS2_PLACEMENT_3D ( 'NONE', #4401, #8253, #5211 ) ;
#5003 = DIRECTION ( 'NONE',  ( 0.000000000000000000, -1.000000000000000000, 0.000000000000000000 ) ) ;
#5004 = VERTEX_POINT ( 'NONE', #7984 ) ;
#5005 = STYLED_ITEM ( 'NONE', ( #5740 ), #5725 ) ;
#5006 = CARTESIAN_POINT ( 'NONE',  ( 0.3700000000000003286, 0.2000000000000000111, -2.500000000000000444 ) ) ;
#5007 = CARTESIAN_POINT ( 'NONE',  ( 2.499999999999998668, 8.871067811865474440, 2.499999999999999556 ) ) ;
#5008 = LINE ( 'NONE', #1816, #3078 ) ;
#5009 = ORIENTED_EDGE ( 'NONE', *, *, #1748, .T. ) ;
#5010 = DIRECTION ( 'NONE',  ( 3.614007241618325499E-15, 0.000000000000000000, 1.000000000000000000 ) ) ;
#5011 = VERTEX_POINT ( 'NONE', #2654 ) ;
#5012 = FILL_AREA_STYLE ('',( #8956 ) ) ;
#5013 = CARTESIAN_POINT ( 'NONE',  ( 0.000000000000000000, 0.05000000000000000278, -2.100000000000000089 ) ) ;
#5014 = ORIENTED_EDGE ( 'NONE', *, *, #8044, .F. ) ;
#5015 = CARTESIAN_POINT ( 'NONE',  ( -2.100000000000001865, 0.1999999999999999833, 1.369999999999999662 ) ) ;
#5016 = DIRECTION ( 'NONE',  ( -0.000000000000000000, 0.000000000000000000, 1.000000000000000000 ) ) ;
#5017 = CARTESIAN_POINT ( 'NONE',  ( 0.000000000000000000, 0.05000000000000000278, -0.3700000000000018274 ) ) ;
#5018 = VECTOR ( 'NONE', #7258, 1000.000000000000000 ) ;
#5019 = VECTOR ( 'NONE', #840, 1000.000000000000000 ) ;
#5020 = VECTOR ( 'NONE', #1113, 1000.000000000000000 ) ;
#5021 = ORIENTED_EDGE ( 'NONE', *, *, #9639, .T. ) ;
#5022 = EDGE_CURVE ( 'NONE', #2428, #5860, #9350, .T. ) ;
#5023 = VERTEX_POINT ( 'NONE', #1824 ) ;
#5024 = CARTESIAN_POINT ( 'NONE',  ( 2.100000000000001865, 0.1999999999999999833, 1.369999999999999662 ) ) ;
#5025 = DIRECTION ( 'NONE',  ( 0.000000000000000000, -1.000000000000000000, 0.000000000000000000 ) ) ;
#5026 = SURFACE_STYLE_FILL_AREA ( #5971 ) ;
#5027 = DIRECTION ( 'NONE',  ( 2.710505431213760691E-15, -0.000000000000000000, 1.000000000000000000 ) ) ;
#5028 = LINE ( 'NONE', #6073, #781 ) ;
#5029 = PLANE ( 'NONE',  #4252 ) ;
#5030 = LINE ( 'NONE', #3715, #1751 ) ;
#5031 = ORIENTED_EDGE ( 'NONE', *, *, #7653, .F. ) ;
#5032 = CARTESIAN_POINT ( 'NONE',  ( -2.100000000000001865, 0.1999999999999999833, -1.370000000000001883 ) ) ;
#5033 = EDGE_CURVE ( 'NONE', #4569, #7560, #8631, .T. ) ;
#5034 = ORIENTED_EDGE ( 'NONE', *, *, #1407, .T. ) ;
#5035 = EDGE_CURVE ( 'NONE', #5478, #3501, #2882, .T. ) ;
#5036 = UNCERTAINTY_MEASURE_WITH_UNIT (LENGTH_MEASURE( 1.000000000000000082E-05 ), #7748, 'distance_accuracy_value', 'NONE');
#5037 = VECTOR ( 'NONE', #3557, 1000.000000000000000 ) ;
#5038 = PLANE ( 'NONE',  #2017 ) ;
#5039 = DIRECTION ( 'NONE',  ( -1.000000000000000000, 0.000000000000000000, 3.614007241618342065E-15 ) ) ;
#5040 = LINE ( 'NONE', #3418, #3000 ) ;
#5041 = ORIENTED_EDGE ( 'NONE', *, *, #9379, .T. ) ;
#5042 = VECTOR ( 'NONE', #7947, 1000.000000000000000 ) ;
#5043 = CARTESIAN_POINT ( 'NONE',  ( 0.1299999999999998934, 0.2000000000000000111, -2.100000000000000089 ) ) ;
#5044 = VERTEX_POINT ( 'NONE', #6443 ) ;
#5045 = PLANE ( 'NONE',  #1273 ) ;
#5046 = MECHANICAL_DESIGN_GEOMETRIC_PRESENTATION_REPRESENTATION (  '', ( #2672 ), #9170 ) ;
#5047 = LINE ( 'NONE', #4393, #9961 ) ;
#5048 = CARTESIAN_POINT ( 'NONE',  ( 0.8700000000000018829, 0.6664761515876257425, 2.100000000000000089 ) ) ;
#5049 = CARTESIAN_POINT ( 'NONE',  ( 1.370000000000001439, 0.6664761515876257425, -2.100000000000000089 ) ) ;
#5050 = EDGE_CURVE ( 'NONE', #5546, #2438, #8161, .T. ) ;
#5051 = DIRECTION ( 'NONE',  ( 0.000000000000000000, 1.000000000000000000, 0.000000000000000000 ) ) ;
#5052 = DIRECTION ( 'NONE',  ( -1.000000000000000000, 0.000000000000000000, 2.710505431213760691E-15 ) ) ;
#5053 = ORIENTED_EDGE ( 'NONE', *, *, #7755, .F. ) ;
#5054 = VECTOR ( 'NONE', #9931, 1000.000000000000000 ) ;
#5055 = EDGE_CURVE ( 'NONE', #3704, #2996, #4065, .T. ) ;
#5056 = DIRECTION ( 'NONE',  ( -2.168404344971008079E-15, 0.000000000000000000, 1.000000000000000000 ) ) ;
#5057 = CARTESIAN_POINT ( 'NONE',  ( 0.000000000000000000, 0.05000000000000000278, 0.3699999999999996625 ) ) ;
#5058 = ORIENTED_EDGE ( 'NONE', *, *, #21, .F. ) ;
#5059 = PRODUCT ( 'SLI9670AQ20FW1311XUMA1', 'SLI9670AQ20FW1311XUMA1', '', ( #9073 ) ) ;
#5060 = ADVANCED_FACE ( 'NONE', ( #686 ), #5747, .T. ) ;
#5061 = ORIENTED_EDGE ( 'NONE', *, *, #1639, .F. ) ;
#5062 = LINE ( 'NONE', #9000, #4803 ) ;
#5063 = CARTESIAN_POINT ( 'NONE',  ( 0.000000000000000000, 0.2000000000000000111, 0.000000000000000000 ) ) ;
#5064 = AXIS2_PLACEMENT_3D ( 'NONE', #2789, #8147, #3552 ) ;
#5065 = LINE ( 'NONE', #8765, #7814 ) ;
#5066 = ORIENTED_EDGE ( 'NONE', *, *, #4304, .T. ) ;
#5067 = FACE_OUTER_BOUND ( 'NONE', #7891, .T. ) ;
#5068 = PLANE ( 'NONE',  #7392 ) ;
#5069 = PLANE ( 'NONE',  #5064 ) ;
#5070 = ORIENTED_EDGE ( 'NONE', *, *, #7567, .T. ) ;
#5071 = DIRECTION ( 'NONE',  ( 0.000000000000000000, -0.000000000000000000, -1.000000000000000000 ) ) ;
#5072 = EDGE_CURVE ( 'NONE', #476, #413, #5040, .T. ) ;
#5073 = CARTESIAN_POINT ( 'NONE',  ( 0.1299999999999998934, 0.2000000000000000111, -2.100000000000000089 ) ) ;
#5074 = DIRECTION ( 'NONE',  ( -0.000000000000000000, -1.000000000000000000, -0.000000000000000000 ) ) ;
#5075 = CARTESIAN_POINT ( 'NONE',  ( -1.369999999999999440, 0.04999999999999969746, 2.500000000000001332 ) ) ;
#5076 = CARTESIAN_POINT ( 'NONE',  ( 2.499999999999998668, 0.05000000000000000278, -2.500000000000000444 ) ) ;
#5077 = AXIS2_PLACEMENT_3D ( 'NONE', #5266, #1319, #9792 ) ;
#5078 = FACE_OUTER_BOUND ( 'NONE', #2488, .T. ) ;
#5079 = ADVANCED_FACE ( 'NONE', ( #6617 ), #5712, .F. ) ;
#5080 = VERTEX_POINT ( 'NONE', #7158 ) ;
#5081 = LINE ( 'NONE', #1575, #2912 ) ;
#5082 = ORIENTED_EDGE ( 'NONE', *, *, #5347, .F. ) ;
#5083 = VECTOR ( 'NONE', #122, 1000.000000000000000 ) ;
#5084 = ORIENTED_EDGE ( 'NONE', *, *, #8330, .F. ) ;
#5085 = CARTESIAN_POINT ( 'NONE',  ( -0.8699999999999996625, 0.2000000000000000111, 2.100000000000000977 ) ) ;
#5086 = DIRECTION ( 'NONE',  ( 0.000000000000000000, -0.000000000000000000, 1.000000000000000000 ) ) ;
#5087 = LINE ( 'NONE', #4119, #110 ) ;
#5088 = ORIENTED_EDGE ( 'NONE', *, *, #1159, .F. ) ;
#5089 = VECTOR ( 'NONE', #9019, 1000.000000000000000 ) ;
#5090 = FACE_OUTER_BOUND ( 'NONE', #1451, .T. ) ;
#5091 = DIRECTION ( 'NONE',  ( 0.000000000000000000, -1.000000000000000000, 0.000000000000000000 ) ) ;
#5092 = VERTEX_POINT ( 'NONE', #5677 ) ;
#5093 = CARTESIAN_POINT ( 'NONE',  ( 0.8700000000000014388, 0.6664761515876257425, -2.100000000000000089 ) ) ;
#5094 = SURFACE_SIDE_STYLE ('',( #5957 ) ) ;
#5095 = EDGE_CURVE ( 'NONE', #3971, #7912, #552, .T. ) ;
#5096 = CARTESIAN_POINT ( 'NONE',  ( -2.500000000000002220, 0.1999999999999999833, -0.6300000000000003375 ) ) ;
#5097 = DIRECTION ( 'NONE',  ( 0.000000000000000000, 1.000000000000000000, 0.000000000000000000 ) ) ;
#5098 = CARTESIAN_POINT ( 'NONE',  ( 2.500000000000002220, 0.6664761515876249653, -0.1300000000000003375 ) ) ;
#5099 = LINE ( 'NONE', #9838, #3044 ) ;
#5100 = VERTEX_POINT ( 'NONE', #9594 ) ;
#5101 = LINE ( 'NONE', #2121, #9889 ) ;
#5102 = ORIENTED_EDGE ( 'NONE', *, *, #6863, .F. ) ;
#5103 = DIRECTION ( 'NONE',  ( 1.000000000000000000, -0.000000000000000000, 0.000000000000000000 ) ) ;
#5104 = DIRECTION ( 'NONE',  ( 0.000000000000000000, -0.000000000000000000, -1.000000000000000000 ) ) ;
#5105 = VERTEX_POINT ( 'NONE', #2030 ) ;
#5106 = CARTESIAN_POINT ( 'NONE',  ( -1.869999999999999662, 0.6664761515876257425, 2.100000000000000977 ) ) ;
#5107 = EDGE_LOOP ( 'NONE', ( #6958, #3997, #8568, #3053 ) ) ;
#5108 = EDGE_CURVE ( 'NONE', #2782, #9766, #4789, .T. ) ;
#5109 = DIRECTION ( 'NONE',  ( -0.000000000000000000, -1.000000000000000000, -0.000000000000000000 ) ) ;
#5110 = CARTESIAN_POINT ( 'NONE',  ( -2.500000000000002220, 0.1999999999999999833, -0.1300000000000003375 ) ) ;
#5111 = CARTESIAN_POINT ( 'NONE',  ( 1.629999999999999893, 0.04999999999999969746, -2.500000000000000444 ) ) ;
#5112 = VECTOR ( 'NONE', #3164, 1000.000000000000000 ) ;
#5114 = ADVANCED_FACE ( 'NONE', ( #7337 ), #6590, .T. ) ;
#5113 = ORIENTED_EDGE ( 'NONE', *, *, #5232, .T. ) ;
#5115 = VERTEX_POINT ( 'NONE', #3559 ) ;
#5116 = DIRECTION ( 'NONE',  ( 3.614007241618325499E-15, -0.000000000000000000, 1.000000000000000000 ) ) ;
#5117 = FILL_AREA_STYLE_COLOUR ( '', #6943 ) ;
#5118 = EDGE_CURVE ( 'NONE', #718, #2315, #8395, .T. ) ;
#5119 = VECTOR ( 'NONE', #4400, 1000.000000000000000 ) ;
#5120 = ORIENTED_EDGE ( 'NONE', *, *, #6234, .T. ) ;
#5121 = DIRECTION ( 'NONE',  ( 1.000000000000000000, 0.000000000000000000, -3.614007241618325499E-15 ) ) ;
#5122 = CARTESIAN_POINT ( 'NONE',  ( 0.3700000000000018274, 0.6664761515876257425, 2.100000000000000089 ) ) ;
#5123 = CARTESIAN_POINT ( 'NONE',  ( -0.8699999999999996625, 0.000000000000000000, 2.100000000000000977 ) ) ;
#5124 = ADVANCED_FACE ( 'NONE', ( #7677 ), #7399, .F. ) ;
#5125 = ORIENTED_EDGE ( 'NONE', *, *, #1213, .T. ) ;
#5126 = CARTESIAN_POINT ( 'NONE',  ( 0.000000000000000000, 0.2000000000000000111, 0.000000000000000000 ) ) ;
#5127 = DIRECTION ( 'NONE',  ( 0.000000000000000000, -0.000000000000000000, -1.000000000000000000 ) ) ;
#5129 = FACE_OUTER_BOUND ( 'NONE', #6788, .T. ) ;
#5128 = AXIS2_PLACEMENT_3D ( 'NONE', #3495, #3459, #8835 ) ;
#5130 = ORIENTED_EDGE ( 'NONE', *, *, #7580, .F. ) ;
#5131 = LINE ( 'NONE', #9053, #4526 ) ;
#5132 = EDGE_CURVE ( 'NONE', #5385, #456, #793, .T. ) ;
#5133 = ORIENTED_EDGE ( 'NONE', *, *, #3901, .T. ) ;
#5134 = DIRECTION ( 'NONE',  ( -0.000000000000000000, -1.000000000000000000, -0.000000000000000000 ) ) ;
#5135 = DIRECTION ( 'NONE',  ( -0.000000000000000000, -1.000000000000000000, -0.000000000000000000 ) ) ;
#5136 = CARTESIAN_POINT ( 'NONE',  ( 1.370000000000006324, 0.05000000000000000278, 2.970713952610295165E-15 ) ) ;
#5137 = APPLICATION_CONTEXT ( 'automotive_design' ) ;
#5138 = VECTOR ( 'NONE', #7752, 1000.000000000000000 ) ;
#5139 = VERTEX_POINT ( 'NONE', #4293 ) ;
#5140 = CARTESIAN_POINT ( 'NONE',  ( -0.6299999999999982281, 0.2000000000000000111, 2.100000000000000089 ) ) ;
#5141 = DIRECTION ( 'NONE',  ( 0.000000000000000000, -1.000000000000000000, 0.000000000000000000 ) ) ;
#5142 = PLANE ( 'NONE',  #5002 ) ;
#5143 = LINE ( 'NONE', #5794, #3082 ) ;
#5144 = ORIENTED_EDGE ( 'NONE', *, *, #3815, .T. ) ;
#5145 = CARTESIAN_POINT ( 'NONE',  ( -1.869999999999999662, 0.2000000000000000111, 2.100000000000000977 ) ) ;
#5146 = ORIENTED_EDGE ( 'NONE', *, *, #5618, .T. ) ;
#5147 = FACE_OUTER_BOUND ( 'NONE', #4159, .T. ) ;
#5148 = ORIENTED_EDGE ( 'NONE', *, *, #724, .F. ) ;
#5149 = AXIS2_PLACEMENT_3D ( 'NONE', #9147, #646, #7599 ) ;
#5150 = CARTESIAN_POINT ( 'NONE',  ( 0.3700000000000009948, 0.1999999999999999833, 2.500000000000000444 ) ) ;
#5151 = EDGE_LOOP ( 'NONE', ( #8215, #7221, #9708, #8004 ) ) ;
#5152 = DIRECTION ( 'NONE',  ( 0.000000000000000000, 0.000000000000000000, 1.000000000000000000 ) ) ;
#5153 = EDGE_CURVE ( 'NONE', #4790, #2420, #7211, .T. ) ;
#5154 = CARTESIAN_POINT ( 'NONE',  ( -2.100000000000001865, 0.6664761515876249653, 1.369999999999999662 ) ) ;
#5155 = VECTOR ( 'NONE', #2357, 1000.000000000000000 ) ;
#5156 = VECTOR ( 'NONE', #9835, 1000.000000000000000 ) ;
#5157 = CARTESIAN_POINT ( 'NONE',  ( -2.500000000000002220, 0.000000000000000000, 0.8699999999999996625 ) ) ;
#5158 = LINE ( 'NONE', #5073, #4892 ) ;
#5159 = ORIENTED_EDGE ( 'NONE', *, *, #870, .T. ) ;
#5160 = DIRECTION ( 'NONE',  ( 1.204669080539449344E-16, 0.000000000000000000, -1.000000000000000000 ) ) ;
#5161 = EDGE_LOOP ( 'NONE', ( #8266, #1297, #1208, #7899 ) ) ;
#5162 = PLANE ( 'NONE',  #7386 ) ;
#5163 = FACE_OUTER_BOUND ( 'NONE', #2071, .T. ) ;
#5164 = ADVANCED_FACE ( 'NONE', ( #6137 ), #8156, .F. ) ;
#5165 = EDGE_CURVE ( 'NONE', #9801, #7118, #4443, .T. ) ;
#5166 = VECTOR ( 'NONE', #7231, 1000.000000000000000 ) ;
#5167 = ORIENTED_EDGE ( 'NONE', *, *, #1229, .T. ) ;
#5168 = VECTOR ( 'NONE', #8118, 1000.000000000000000 ) ;
#5169 = ORIENTED_EDGE ( 'NONE', *, *, #7086, .F. ) ;
#5170 = FILL_AREA_STYLE ('',( #7486 ) ) ;
#5171 = DIRECTION ( 'NONE',  ( -1.000000000000000000, -0.000000000000000000, -0.000000000000000000 ) ) ;
#5172 = DIRECTION ( 'NONE',  ( 0.000000000000000000, 0.000000000000000000, -1.000000000000000000 ) ) ;
#5173 = CARTESIAN_POINT ( 'NONE',  ( 2.100000000000001865, 0.1999999999999999833, -1.630000000000000338 ) ) ;
#5174 = UNCERTAINTY_MEASURE_WITH_UNIT (LENGTH_MEASURE( 1.000000000000000082E-05 ), #5572, 'distance_accuracy_value', 'NONE');
#5175 = DIRECTION ( 'NONE',  ( 1.000000000000000000, -0.000000000000000000, -0.000000000000000000 ) ) ;
#5176 = VECTOR ( 'NONE', #1184, 1000.000000000000000 ) ;
#5177 = ADVANCED_FACE ( 'NONE', ( #8506 ), #470, .T. ) ;
#5178 = VERTEX_POINT ( 'NONE', #5854 ) ;
#5179 = VECTOR ( 'NONE', #7594, 1000.000000000000000 ) ;
#5180 = ORIENTED_EDGE ( 'NONE', *, *, #4945, .T. ) ;
#5181 = EDGE_CURVE ( 'NONE', #6862, #93, #9466, .T. ) ;
#5182 = CARTESIAN_POINT ( 'NONE',  ( 2.499999999999998668, 8.871067811865474440, -2.500000000000000444 ) ) ;
#5183 = FACE_OUTER_BOUND ( 'NONE', #4817, .T. ) ;
#5184 =( LENGTH_UNIT ( ) NAMED_UNIT ( * ) SI_UNIT ( .MILLI., .METRE. ) );
#5185 = CARTESIAN_POINT ( 'NONE',  ( 0.8700000000000014388, 0.000000000000000000, -2.100000000000000089 ) ) ;
#5186 = DIRECTION ( 'NONE',  ( -1.000000000000000000, 0.000000000000000000, 0.000000000000000000 ) ) ;
#5187 = LINE ( 'NONE', #6104, #4674 ) ;
#5188 = ORIENTED_EDGE ( 'NONE', *, *, #3112, .T. ) ;
#5189 = VECTOR ( 'NONE', #5171, 1000.000000000000000 ) ;
#5190 = ORIENTED_EDGE ( 'NONE', *, *, #9868, .T. ) ;
#5191 = AXIS2_PLACEMENT_3D ( 'NONE', #7204, #9495, #3319 ) ;
#5192 = EDGE_CURVE ( 'NONE', #2438, #3855, #3722, .T. ) ;
#5193 = DIRECTION ( 'NONE',  ( -0.000000000000000000, -1.000000000000000000, -0.000000000000000000 ) ) ;
#5194 = LINE ( 'NONE', #3399, #2296 ) ;
#5195 = ORIENTED_EDGE ( 'NONE', *, *, #3811, .F. ) ;
#5196 = EDGE_CURVE ( 'NONE', #8518, #2388, #9945, .T. ) ;
#5197 = ORIENTED_EDGE ( 'NONE', *, *, #9344, .F. ) ;
#5198 = VECTOR ( 'NONE', #2827, 1000.000000000000000 ) ;
#5199 = ORIENTED_EDGE ( 'NONE', *, *, #4534, .F. ) ;
#5200 = ORIENTED_EDGE ( 'NONE', *, *, #2262, .F. ) ;
#5201 = PLANE ( 'NONE',  #1261 ) ;
#5202 = LINE ( 'NONE', #9643, #7004 ) ;
#5203 = ORIENTED_EDGE ( 'NONE', *, *, #7030, .T. ) ;
#5204 = PLANE ( 'NONE',  #7198 ) ;
#5205 = APPLICATION_PROTOCOL_DEFINITION ( 'draft international standard', 'automotive_design', 1998, #5137 ) ;
#5206 = COLOUR_RGB ( '',0.7921568627450980005, 0.8196078431372548767, 0.9333333333333333481 ) ;
#5207 = EDGE_CURVE ( 'NONE', #8144, #4447, #9341, .T. ) ;
#5208 = ORIENTED_EDGE ( 'NONE', *, *, #7112, .T. ) ;
#5209 = VECTOR ( 'NONE', #1193, 1000.000000000000000 ) ;
#5210 = CARTESIAN_POINT ( 'NONE',  ( 2.500000000000002220, 0.1999999999999999833, 1.869999999999999662 ) ) ;
#5211 = DIRECTION ( 'NONE',  ( 0.000000000000000000, 0.000000000000000000, -1.000000000000000000 ) ) ;
#5212 = EDGE_LOOP ( 'NONE', ( #2145, #1463, #3074, #9534 ) ) ;
#5213 = VECTOR ( 'NONE', #31, 1000.000000000000000 ) ;
#5214 = CARTESIAN_POINT ( 'NONE',  ( 2.500000000000002220, 0.000000000000000000, -1.630000000000000338 ) ) ;
#5215 = VERTEX_POINT ( 'NONE', #5111 ) ;
#5216 = ADVANCED_FACE ( 'NONE', ( #5621 ), #5925, .T. ) ;
#5217 = LINE ( 'NONE', #5711, #5952 ) ;
#5218 = ORIENTED_EDGE ( 'NONE', *, *, #7270, .T. ) ;
#5219 = DIRECTION ( 'NONE',  ( 1.000000000000000000, -0.000000000000000000, -0.000000000000000000 ) ) ;
#5220 = DIRECTION ( 'NONE',  ( -0.000000000000000000, -1.000000000000000000, -0.000000000000000000 ) ) ;
#5221 = PRESENTATION_STYLE_ASSIGNMENT (( #6610 ) ) ;
#5222 =( GEOMETRIC_REPRESENTATION_CONTEXT ( 3 ) GLOBAL_UNCERTAINTY_ASSIGNED_CONTEXT ( ( #1573 ) ) GLOBAL_UNIT_ASSIGNED_CONTEXT ( ( #9524, #4995, #3450 ) ) REPRESENTATION_CONTEXT ( 'NONE', 'WORKASPACE' ) );
#5223 = ORIENTED_EDGE ( 'NONE', *, *, #6209, .T. ) ;
#5224 = DIRECTION ( 'NONE',  ( -1.000000000000000000, 0.000000000000000000, -2.168404344971008079E-15 ) ) ;
#5225 = FILL_AREA_STYLE_COLOUR ( '', #1905 ) ;
#5226 = EDGE_CURVE ( 'NONE', #3837, #2189, #8027, .T. ) ;
#5227 = ADVANCED_FACE ( 'NONE', ( #7440 ), #8866, .T. ) ;
#5228 = CARTESIAN_POINT ( 'NONE',  ( 0.6300000000000003375, 0.000000000000000000, 2.100000000000000977 ) ) ;
#5229 = ORIENTED_EDGE ( 'NONE', *, *, #837, .T. ) ;
#5230 = ORIENTED_EDGE ( 'NONE', *, *, #9023, .T. ) ;
#5231 = CARTESIAN_POINT ( 'NONE',  ( -0.1299999999999981726, 0.2000000000000000111, 2.100000000000000089 ) ) ;
#5232 = EDGE_CURVE ( 'NONE', #8098, #7114, #5389, .T. ) ;
#5233 = DIRECTION ( 'NONE',  ( 0.000000000000000000, -0.000000000000000000, 1.000000000000000000 ) ) ;
#5234 = LINE ( 'NONE', #6727, #13 ) ;
#5235 =( LENGTH_UNIT ( ) NAMED_UNIT ( * ) SI_UNIT ( .MILLI., .METRE. ) );
#5236 = EDGE_CURVE ( 'NONE', #6246, #2797, #5507, .T. ) ;
#5237 = CARTESIAN_POINT ( 'NONE',  ( 0.000000000000000000, 0.05000000000000000278, -0.1300000000000003375 ) ) ;
#5238 = DIRECTION ( 'NONE',  ( 1.000000000000000000, -0.000000000000000000, 0.000000000000000000 ) ) ;
#5239 = EDGE_LOOP ( 'NONE', ( #7729, #6764, #7309, #8296 ) ) ;
#5240 = DIRECTION ( 'NONE',  ( 1.000000000000000000, 0.000000000000000000, -3.614007241618325499E-15 ) ) ;
#5241 = MANIFOLD_SOLID_BREP ( 'LPattern3[11]', #7874 ) ;
#5242 = CARTESIAN_POINT ( 'NONE',  ( 2.100000000000001865, 0.1999999999999999833, 1.369999999999999662 ) ) ;
#5243 = FACE_OUTER_BOUND ( 'NONE', #1719, .T. ) ;
#5244 = VERTEX_POINT ( 'NONE', #2831 ) ;
#5245 = LINE ( 'NONE', #8356, #26 ) ;
#5246 = AXIS2_PLACEMENT_3D ( 'NONE', #4142, #1100, #4948 ) ;
#5247 = CARTESIAN_POINT ( 'NONE',  ( 2.500000000000002220, 0.1999999999999999833, 1.129999999999998117 ) ) ;
#5248 = ORIENTED_EDGE ( 'NONE', *, *, #9811, .F. ) ;
#5249 = CARTESIAN_POINT ( 'NONE',  ( -0.6299999999999990052, 0.2000000000000000111, 2.500000000000000444 ) ) ;
#5250 = DIRECTION ( 'NONE',  ( -2.168404344971008079E-15, 0.000000000000000000, 1.000000000000000000 ) ) ;
#5251 = ORIENTED_EDGE ( 'NONE', *, *, #5688, .F. ) ;
#5252 = EDGE_CURVE ( 'NONE', #2742, #1544, #7076, .T. ) ;
#5253 = DIRECTION ( 'NONE',  ( 0.000000000000000000, -1.000000000000000000, 0.000000000000000000 ) ) ;
#5254 = VECTOR ( 'NONE', #8381, 1000.000000000000000 ) ;
#5255 = ORIENTED_EDGE ( 'NONE', *, *, #9776, .T. ) ;
#5256 = LINE ( 'NONE', #5154, #6576 ) ;
#5257 = CARTESIAN_POINT ( 'NONE',  ( -2.100000000000001865, 0.1999999999999999833, -0.1300000000000003375 ) ) ;
#5258 = DIRECTION ( 'NONE',  ( -1.000000000000000000, 0.000000000000000000, -1.204669080539449344E-16 ) ) ;
#5259 = ORIENTED_EDGE ( 'NONE', *, *, #7879, .F. ) ;
#5260 = DIRECTION ( 'NONE',  ( -1.000000000000000000, 0.000000000000000000, 0.000000000000000000 ) ) ;
#5261 = ADVANCED_FACE ( 'NONE', ( #5282 ), #7423, .T. ) ;
#5262 = VERTEX_POINT ( 'NONE', #2954 ) ;
#5263 = EDGE_CURVE ( 'NONE', #7602, #6501, #1523, .T. ) ;
#5264 = AXIS2_PLACEMENT_3D ( 'NONE', #9521, #1958, #1992 ) ;
#5265 = ORIENTED_EDGE ( 'NONE', *, *, #6086, .T. ) ;
#5266 = CARTESIAN_POINT ( 'NONE',  ( 1.800000000000000044, 5.291168824543142968, -1.799999999999999822 ) ) ;
#5267 = ORIENTED_EDGE ( 'NONE', *, *, #9476, .F. ) ;
#5268 = DIRECTION ( 'NONE',  ( -5.421010862427520198E-16, 0.000000000000000000, -1.000000000000000000 ) ) ;
#5269 = LINE ( 'NONE', #1642, #1413 ) ;
#5270 = VECTOR ( 'NONE', #8617, 1000.000000000000000 ) ;
#5271 = FACE_OUTER_BOUND ( 'NONE', #677, .T. ) ;
#5272 = ORIENTED_EDGE ( 'NONE', *, *, #2662, .F. ) ;
#5273 = ADVANCED_FACE ( 'NONE', ( #7559 ), #2925, .T. ) ;
#5274 = ORIENTED_EDGE ( 'NONE', *, *, #7818, .F. ) ;
#5275 = CARTESIAN_POINT ( 'NONE',  ( -2.100000000000001865, 0.6664761515876249653, 0.8699999999999996625 ) ) ;
#5276 = LINE ( 'NONE', #2821, #6474 ) ;
#5277 = CARTESIAN_POINT ( 'NONE',  ( 2.100000000000001865, 0.6664761515876249653, -0.1300000000000003375 ) ) ;
#5278 = DIRECTION ( 'NONE',  ( 1.000000000000000000, 0.000000000000000000, 0.000000000000000000 ) ) ;
#5280 = VECTOR ( 'NONE', #5485, 1000.000000000000000 ) ;
#5279 = STYLED_ITEM ( 'NONE', ( #8870 ), #3309 ) ;
#5281 = CARTESIAN_POINT ( 'NONE',  ( -0.3700000000000001066, 0.6664761515876257425, -2.100000000000000089 ) ) ;
#5282 = FACE_OUTER_BOUND ( 'NONE', #9148, .T. ) ;
#5283 = ORIENTED_EDGE ( 'NONE', *, *, #317, .F. ) ;
#5284 = VECTOR ( 'NONE', #9820, 1000.000000000000000 ) ;
#5285 = EDGE_CURVE ( 'NONE', #6837, #7582, #8622, .T. ) ;
#5286 = CARTESIAN_POINT ( 'NONE',  ( 1.870000000000006324, 0.05000000000000000278, 4.054916125095798416E-15 ) ) ;
#5287 = ORIENTED_EDGE ( 'NONE', *, *, #6356, .F. ) ;
#5288 = CARTESIAN_POINT ( 'NONE',  ( -2.100000000000001865, 0.05000000000000000278, 0.000000000000000000 ) ) ;
#5289 = LINE ( 'NONE', #5710, #8628 ) ;
#5290 = DIRECTION ( 'NONE',  ( 1.000000000000000000, -0.000000000000000000, 0.000000000000000000 ) ) ;
#5291 = VECTOR ( 'NONE', #6699, 1000.000000000000000 ) ;
#5292 = ORIENTED_EDGE ( 'NONE', *, *, #1609, .T. ) ;
#5293 = LINE ( 'NONE', #4078, #4323 ) ;
#5294 = CARTESIAN_POINT ( 'NONE',  ( 1.870000000000000995, 0.000000000000000000, 2.500000000000000444 ) ) ;
#5295 = ORIENTED_EDGE ( 'NONE', *, *, #8095, .T. ) ;
#5296 = MECHANICAL_DESIGN_GEOMETRIC_PRESENTATION_REPRESENTATION (  '', ( #2660 ), #9726 ) ;
#5297 = EDGE_CURVE ( 'NONE', #6848, #5684, #182, .T. ) ;
#5298 = UNCERTAINTY_MEASURE_WITH_UNIT (LENGTH_MEASURE( 1.000000000000000082E-05 ), #3305, 'distance_accuracy_value', 'NONE');
#5299 = VECTOR ( 'NONE', #2261, 1000.000000000000000 ) ;
#5300 = CARTESIAN_POINT ( 'NONE',  ( 2.500000000000002220, 0.04999999999999969746, -1.870000000000001883 ) ) ;
#5301 = FACE_OUTER_BOUND ( 'NONE', #3133, .T. ) ;
#5302 = ORIENTED_EDGE ( 'NONE', *, *, #7542, .F. ) ;
#5303 = VECTOR ( 'NONE', #8855, 1000.000000000000000 ) ;
#5304 = VERTEX_POINT ( 'NONE', #5886 ) ;
#5305 = CARTESIAN_POINT ( 'NONE',  ( 2.100000000000001865, 0.1999999999999999833, -1.630000000000000338 ) ) ;
#5306 = CLOSED_SHELL ( 'NONE', ( #9093, #5079, #2340, #5660, #6214, #9750 ) ) ;
#5307 = DIRECTION ( 'NONE',  ( 0.000000000000000000, -1.000000000000000000, 0.000000000000000000 ) ) ;
#5308 = LINE ( 'NONE', #9581, #7103 ) ;
#5309 = DIRECTION ( 'NONE',  ( 0.000000000000000000, -0.000000000000000000, 1.000000000000000000 ) ) ;
#5310 = LINE ( 'NONE', #4348, #3970 ) ;
#5311 = ORIENTED_EDGE ( 'NONE', *, *, #6970, .F. ) ;
#5312 = FACE_OUTER_BOUND ( 'NONE', #4646, .T. ) ;
#5313 = EDGE_CURVE ( 'NONE', #5669, #8180, #430, .T. ) ;
#5314 = ADVANCED_FACE ( 'NONE', ( #2994 ), #8186, .T. ) ;
#5315 = ORIENTED_EDGE ( 'NONE', *, *, #5050, .F. ) ;
#5316 = DIRECTION ( 'NONE',  ( 0.000000000000000000, 0.000000000000000000, -1.000000000000000000 ) ) ;
#5317 = DIRECTION ( 'NONE',  ( 0.000000000000000000, -0.000000000000000000, 1.000000000000000000 ) ) ;
#5318 = CARTESIAN_POINT ( 'NONE',  ( 2.500000000000002220, 0.6664761515876249653, 0.1299999999999981726 ) ) ;
#5319 = VECTOR ( 'NONE', #3163, 1000.000000000000000 ) ;
#5320 = ORIENTED_EDGE ( 'NONE', *, *, #2200, .T. ) ;
#5321 = CARTESIAN_POINT ( 'NONE',  ( 2.100000000000001865, 0.6664761515876249653, -1.870000000000001883 ) ) ;
#5322 = AXIS2_PLACEMENT_3D ( 'NONE', #346, #276, #2050 ) ;
#5323 = VECTOR ( 'NONE', #3162, 1000.000000000000000 ) ;
#5324 = VERTEX_POINT ( 'NONE', #1325 ) ;
#5325 = FACE_OUTER_BOUND ( 'NONE', #8837, .T. ) ;
#5326 = VERTEX_POINT ( 'NONE', #2170 ) ;
#5327 = CARTESIAN_POINT ( 'NONE',  ( 0.000000000000000000, 0.05000000000000000278, -2.100000000000000089 ) ) ;
#5328 = EDGE_CURVE ( 'NONE', #8204, #6887, #1294, .T. ) ;
#5329 = ADVANCED_FACE ( 'NONE', ( #3333 ), #6726, .F. ) ;
#5330 = AXIS2_PLACEMENT_3D ( 'NONE', #2607, #7151, #3381 ) ;
#5331 = VECTOR ( 'NONE', #8682, 1000.000000000000000 ) ;
#5332 = ORIENTED_EDGE ( 'NONE', *, *, #2076, .F. ) ;
#5333 = VECTOR ( 'NONE', #6390, 1000.000000000000000 ) ;
#5334 = LINE ( 'NONE', #1235, #3269 ) ;
#5335 = VERTEX_POINT ( 'NONE', #3664 ) ;
#5336 = CARTESIAN_POINT ( 'NONE',  ( -2.100000000000001865, 0.05000000000000002359, 1.369999999999999662 ) ) ;
#5337 = CARTESIAN_POINT ( 'NONE',  ( 2.100000000000001865, 0.1999999999999999833, -1.370000000000001883 ) ) ;
#5338 = VECTOR ( 'NONE', #7369, 1000.000000000000000 ) ;
#5339 = EDGE_CURVE ( 'NONE', #5684, #4618, #2752, .T. ) ;
#5340 = ORIENTED_EDGE ( 'NONE', *, *, #664, .T. ) ;
#5341 = CARTESIAN_POINT ( 'NONE',  ( 0.000000000000000000, 0.000000000000000000, 0.000000000000000000 ) ) ;
#5342 = VECTOR ( 'NONE', #7537, 1000.000000000000000 ) ;
#5343 = ORIENTED_EDGE ( 'NONE', *, *, #3180, .T. ) ;
#5344 = PLANE ( 'NONE',  #5666 ) ;
#5345 = ORIENTED_EDGE ( 'NONE', *, *, #457, .F. ) ;
#5346 = CARTESIAN_POINT ( 'NONE',  ( 2.500000000000002220, 0.6664761515876249653, -0.6300000000000003375 ) ) ;
#5347 = EDGE_CURVE ( 'NONE', #5699, #8378, #914, .T. ) ;
#5348 = FACE_OUTER_BOUND ( 'NONE', #825, .T. ) ;
#5349 = ORIENTED_EDGE ( 'NONE', *, *, #7255, .T. ) ;
#5350 = DIRECTION ( 'NONE',  ( -1.000000000000000000, 0.000000000000000000, -0.000000000000000000 ) ) ;
#5351 = ORIENTED_EDGE ( 'NONE', *, *, #1715, .T. ) ;
#5352 = DIRECTION ( 'NONE',  ( 1.000000000000000000, -0.000000000000000000, 0.000000000000000000 ) ) ;
#5353 = DIRECTION ( 'NONE',  ( 0.000000000000000000, -0.000000000000000000, 1.000000000000000000 ) ) ;
#5354 = VECTOR ( 'NONE', #3853, 1000.000000000000000 ) ;
#5355 = PRESENTATION_LAYER_ASSIGNMENT (  '', '', ( #7728 ) ) ;
#5356 = ORIENTED_EDGE ( 'NONE', *, *, #302, .F. ) ;
#5357 = ORIENTED_EDGE ( 'NONE', *, *, #8355, .T. ) ;
#5358 = EDGE_CURVE ( 'NONE', #4832, #8874, #4548, .T. ) ;
#5359 = DIRECTION ( 'NONE',  ( 0.000000000000000000, 0.000000000000000000, -1.000000000000000000 ) ) ;
#5360 = VECTOR ( 'NONE', #5141, 1000.000000000000000 ) ;
#5361 = ADVANCED_FACE ( 'NONE', ( #2257 ), #3348, .T. ) ;
#5362 = VERTEX_POINT ( 'NONE', #3312 ) ;
#5363 = DIRECTION ( 'NONE',  ( 2.710505431213760691E-15, -0.000000000000000000, 1.000000000000000000 ) ) ;
#5364 = EDGE_CURVE ( 'NONE', #3270, #7900, #9454, .T. ) ;
#5365 = LINE ( 'NONE', #2220, #2349 ) ;
#5366 = ORIENTED_EDGE ( 'NONE', *, *, #4654, .F. ) ;
#5367 = EDGE_CURVE ( 'NONE', #1128, #3713, #676, .T. ) ;
#5368 = CARTESIAN_POINT ( 'NONE',  ( 2.100000000000001865, 0.05000000000000002359, 1.629999999999998117 ) ) ;
#5369 = FACE_OUTER_BOUND ( 'NONE', #5615, .T. ) ;
#5371 = ADVANCED_FACE ( 'NONE', ( #6244 ), #159, .F. ) ;
#5370 = ORIENTED_EDGE ( 'NONE', *, *, #3843, .T. ) ;
#5373 = VECTOR ( 'NONE', #1110, 1000.000000000000000 ) ;
#5372 =( GEOMETRIC_REPRESENTATION_CONTEXT ( 3 ) GLOBAL_UNCERTAINTY_ASSIGNED_CONTEXT ( ( #1454 ) ) GLOBAL_UNIT_ASSIGNED_CONTEXT ( ( #128, #8551, #190 ) ) REPRESENTATION_CONTEXT ( 'NONE', 'WORKASPACE' ) );
#5374 = ORIENTED_EDGE ( 'NONE', *, *, #256, .F. ) ;
#5375 = DIRECTION ( 'NONE',  ( 0.000000000000000000, -1.000000000000000000, 0.000000000000000000 ) ) ;
#5376 = DIRECTION ( 'NONE',  ( 0.000000000000000000, -0.000000000000000000, -1.000000000000000000 ) ) ;
#5377 = ORIENTED_EDGE ( 'NONE', *, *, #8411, .F. ) ;
#5378 = EDGE_CURVE ( 'NONE', #9649, #2707, #8154, .T. ) ;
#5379 = DIRECTION ( 'NONE',  ( 0.000000000000000000, -1.000000000000000000, 0.000000000000000000 ) ) ;
#5380 = ORIENTED_EDGE ( 'NONE', *, *, #394, .T. ) ;
#5381 = EDGE_CURVE ( 'NONE', #5304, #5908, #2012, .T. ) ;
#5382 = CARTESIAN_POINT ( 'NONE',  ( 2.500000000000002220, 0.1999999999999999833, -1.130000000000000338 ) ) ;
#5383 = LINE ( 'NONE', #3297, #3089 ) ;
#5384 = ORIENTED_EDGE ( 'NONE', *, *, #1703, .F. ) ;
#5385 = VERTEX_POINT ( 'NONE', #9446 ) ;
#5386 = DIRECTION ( 'NONE',  ( -0.000000000000000000, -1.000000000000000000, -0.000000000000000000 ) ) ;
#5387 = VECTOR ( 'NONE', #7555, 1000.000000000000000 ) ;
#5388 = EDGE_CURVE ( 'NONE', #4418, #9896, #8274, .T. ) ;
#5389 = LINE ( 'NONE', #8222, #7790 ) ;
#5390 = VERTEX_POINT ( 'NONE', #4082 ) ;
#5391 = CARTESIAN_POINT ( 'NONE',  ( -1.370000000000000107, 0.6664761515876257425, -2.100000000000000089 ) ) ;
#5392 = CARTESIAN_POINT ( 'NONE',  ( 2.100000000000001865, 0.1999999999999999833, 0.8699999999999996625 ) ) ;
#5393 = VERTEX_POINT ( 'NONE', #2577 ) ;
#5394 = PLANE ( 'NONE',  #9450 ) ;
#5395 = DIRECTION ( 'NONE',  ( 0.000000000000000000, -0.000000000000000000, -1.000000000000000000 ) ) ;
#5396 = LINE ( 'NONE', #1387, #6012 ) ;
#5397 = VECTOR ( 'NONE', #531, 1000.000000000000000 ) ;
#5398 = ORIENTED_EDGE ( 'NONE', *, *, #2468, .T. ) ;
#5399 = LINE ( 'NONE', #4958, #1042 ) ;
#5400 = ORIENTED_EDGE ( 'NONE', *, *, #5181, .F. ) ;
#5401 = ADVANCED_FACE ( 'NONE', ( #5752 ), #7193, .F. ) ;
#5402 =( NAMED_UNIT ( * ) SI_UNIT ( $, .STERADIAN. ) SOLID_ANGLE_UNIT ( ) );
#5403 = CARTESIAN_POINT ( 'NONE',  ( -2.100000000000001865, 0.05000000000000002359, -1.370000000000001883 ) ) ;
#5404 = AXIS2_PLACEMENT_3D ( 'NONE', #2962, #4502, #635 ) ;
#5405 = FACE_OUTER_BOUND ( 'NONE', #4636, .T. ) ;
#5406 = PLANE ( 'NONE',  #6416 ) ;
#5407 = EDGE_CURVE ( 'NONE', #615, #1813, #1026, .T. ) ;
#5408 = PLANE ( 'NONE',  #6671 ) ;
#5409 = ORIENTED_EDGE ( 'NONE', *, *, #2765, .F. ) ;
#5410 = CARTESIAN_POINT ( 'NONE',  ( -0.1299999999999996991, 0.6664761515876257425, -2.500000000000000444 ) ) ;
#5411 = ORIENTED_EDGE ( 'NONE', *, *, #4536, .T. ) ;
#5412 = ORIENTED_EDGE ( 'NONE', *, *, #4534, .T. ) ;
#5413 = LINE ( 'NONE', #4324, #6875 ) ;
#5414 = ADVANCED_FACE ( 'NONE', ( #2875 ), #6439, .F. ) ;
#5415 = DIRECTION ( 'NONE',  ( -5.421010862427520198E-16, 0.000000000000000000, -1.000000000000000000 ) ) ;
#5416 = FACE_OUTER_BOUND ( 'NONE', #7001, .T. ) ;
#5417 = ORIENTED_EDGE ( 'NONE', *, *, #762, .F. ) ;
#5418 = VECTOR ( 'NONE', #1179, 1000.000000000000000 ) ;
#5419 = CLOSED_SHELL ( 'NONE', ( #7733, #2961, #2019, #6801, #587, #4419 ) ) ;
#5420 = EDGE_CURVE ( 'NONE', #8595, #1018, #2623, .T. ) ;
#5421 = LINE ( 'NONE', #5724, #9259 ) ;
#5422 = ORIENTED_EDGE ( 'NONE', *, *, #6688, .F. ) ;
#5423 = VECTOR ( 'NONE', #3809, 1000.000000000000000 ) ;
#5424 = ORIENTED_EDGE ( 'NONE', *, *, #2953, .F. ) ;
#5425 = LINE ( 'NONE', #4532, #3979 ) ;
#5426 = CARTESIAN_POINT ( 'NONE',  ( 2.100000000000001865, 0.1999999999999999833, -1.130000000000000338 ) ) ;
#5427 = ORIENTED_EDGE ( 'NONE', *, *, #3039, .T. ) ;
#5428 = STYLED_ITEM ( 'NONE', ( #6703 ), #6909 ) ;
#5429 = DIRECTION ( 'NONE',  ( -1.000000000000000000, 0.000000000000000000, 0.000000000000000000 ) ) ;
#5430 = ORIENTED_EDGE ( 'NONE', *, *, #7064, .T. ) ;
#5431 = SURFACE_STYLE_FILL_AREA ( #5170 ) ;
#5432 = DIRECTION ( 'NONE',  ( -5.421010862427520198E-16, 0.000000000000000000, -1.000000000000000000 ) ) ;
#5433 = ORIENTED_EDGE ( 'NONE', *, *, #9821, .F. ) ;
#5434 = EDGE_CURVE ( 'NONE', #6592, #7723, #8019, .T. ) ;
#5435 = DIRECTION ( 'NONE',  ( -0.000000000000000000, -0.000000000000000000, 1.000000000000000000 ) ) ;
#5436 = CARTESIAN_POINT ( 'NONE',  ( 0.8700000000000018829, 0.2000000000000000111, 2.100000000000000089 ) ) ;
#5437 = FACE_OUTER_BOUND ( 'NONE', #4653, .T. ) ;
#5438 = ORIENTED_EDGE ( 'NONE', *, *, #3289, .T. ) ;
#5439 = CARTESIAN_POINT ( 'NONE',  ( -1.629999999999998117, 0.2000000000000000111, 2.100000000000000089 ) ) ;
#5440 = ORIENTED_EDGE ( 'NONE', *, *, #6663, .F. ) ;
#5441 = CARTESIAN_POINT ( 'NONE',  ( 2.500000000000002220, 0.000000000000000000, 1.369999999999999662 ) ) ;
#5442 =( LENGTH_UNIT ( ) NAMED_UNIT ( * ) SI_UNIT ( .MILLI., .METRE. ) );
#5443 = LINE ( 'NONE', #9875, #3527 ) ;
#5444 = ORIENTED_EDGE ( 'NONE', *, *, #3292, .F. ) ;
#5445 = FACE_OUTER_BOUND ( 'NONE', #6014, .T. ) ;
#5446 = EDGE_CURVE ( 'NONE', #6036, #2635, #6235, .T. ) ;
#5447 = ORIENTED_EDGE ( 'NONE', *, *, #9683, .F. ) ;
#5448 = CARTESIAN_POINT ( 'NONE',  ( -2.100000000000001865, 0.1999999999999999833, -0.6300000000000003375 ) ) ;
#5449 = PRESENTATION_LAYER_ASSIGNMENT (  '', '', ( #2355 ) ) ;
#5450 = CARTESIAN_POINT ( 'NONE',  ( -0.3700000000000001066, 0.2000000000000000111, -2.100000000000000089 ) ) ;
#5452 = ADVANCED_FACE ( 'NONE', ( #1404 ), #4125, .T. ) ;
#5451 = LINE ( 'NONE', #6041, #9072 ) ;
#5453 = VERTEX_POINT ( 'NONE', #903 ) ;
#5454 = CARTESIAN_POINT ( 'NONE',  ( 0.1299999999999998934, 0.04999999999999969746, -2.500000000000000444 ) ) ;
#5455 = VECTOR ( 'NONE', #1205, 1000.000000000000000 ) ;
#5456 = DIRECTION ( 'NONE',  ( 0.000000000000000000, -0.000000000000000000, 1.000000000000000000 ) ) ;
#5457 = EDGE_LOOP ( 'NONE', ( #7426, #1120, #7549, #3858 ) ) ;
#5458 = DIRECTION ( 'NONE',  ( -0.000000000000000000, -1.000000000000000000, -0.000000000000000000 ) ) ;
#5459 = VERTEX_POINT ( 'NONE', #6315 ) ;
#5460 = CARTESIAN_POINT ( 'NONE',  ( -1.370000000000000107, 0.1999999999999999833, -2.100000000000000089 ) ) ;
#5461 = ADVANCED_FACE ( 'NONE', ( #1155 ), #9662, .F. ) ;
#5462 = EDGE_CURVE ( 'NONE', #8260, #1505, #9009, .T. ) ;
#5463 = LINE ( 'NONE', #7298, #6203 ) ;
#5464 = PLANE ( 'NONE',  #4240 ) ;
#5465 =( NAMED_UNIT ( * ) PLANE_ANGLE_UNIT ( ) SI_UNIT ( $, .RADIAN. ) );
#5466 = UNCERTAINTY_MEASURE_WITH_UNIT (LENGTH_MEASURE( 1.000000000000000082E-05 ), #3192, 'distance_accuracy_value', 'NONE');
#5467 = VERTEX_POINT ( 'NONE', #1778 ) ;
#5468 = CARTESIAN_POINT ( 'NONE',  ( -2.100000000000001865, 0.000000000000000000, -1.130000000000000338 ) ) ;
#5469 = DIRECTION ( 'NONE',  ( 0.000000000000000000, 0.000000000000000000, -1.000000000000000000 ) ) ;
#5470 = VECTOR ( 'NONE', #852, 1000.000000000000000 ) ;
#5471 = ORIENTED_EDGE ( 'NONE', *, *, #8796, .T. ) ;
#5472 = AXIS2_PLACEMENT_3D ( 'NONE', #5585, #4767, #4063 ) ;
#5473 = EDGE_CURVE ( 'NONE', #8648, #6635, #6467, .T. ) ;
#5474 = CLOSED_SHELL ( 'NONE', ( #605, #6847, #3607, #14, #7237, #6452 ) ) ;
#5475 = CARTESIAN_POINT ( 'NONE',  ( 2.100000000000001865, 0.1999999999999999833, 0.6299999999999982281 ) ) ;
#5476 = CARTESIAN_POINT ( 'NONE',  ( -0.6299999999999982281, 0.1999999999999999833, 2.100000000000000089 ) ) ;
#5477 = LINE ( 'NONE', #1742, #6100 ) ;
#5478 = VERTEX_POINT ( 'NONE', #2749 ) ;
#5479 = LINE ( 'NONE', #613, #8850 ) ;
#5480 = CARTESIAN_POINT ( 'NONE',  ( -2.100000000000001865, 0.6664761515876249653, 0.6299999999999982281 ) ) ;
#5481 = ORIENTED_EDGE ( 'NONE', *, *, #5434, .T. ) ;
#5482 = CARTESIAN_POINT ( 'NONE',  ( 1.800000000000000044, 0.1999999999999996503, -1.799999999999999822 ) ) ;
#5483 = EDGE_CURVE ( 'NONE', #9817, #7588, #2378, .T. ) ;
#5484 = VECTOR ( 'NONE', #4868, 1000.000000000000000 ) ;
#5485 = DIRECTION ( 'NONE',  ( 1.000000000000000000, 0.000000000000000000, 0.000000000000000000 ) ) ;
#5486 = ORIENTED_EDGE ( 'NONE', *, *, #9431, .F. ) ;
#5487 = ORIENTED_EDGE ( 'NONE', *, *, #7625, .F. ) ;
#5488 = VECTOR ( 'NONE', #7120, 1000.000000000000000 ) ;
#5489 = ADVANCED_FACE ( 'NONE', ( #4177 ), #1922, .F. ) ;
#5490 = AXIS2_PLACEMENT_3D ( 'NONE', #3874, #4731, #8527 ) ;
#5491 = LINE ( 'NONE', #3246, #5270 ) ;
#5492 = CARTESIAN_POINT ( 'NONE',  ( 1.370000000000001883, 0.2000000000000000111, 2.100000000000000089 ) ) ;
#5493 = DIRECTION ( 'NONE',  ( -0.000000000000000000, -1.000000000000000000, -0.000000000000000000 ) ) ;
#5494 = CARTESIAN_POINT ( 'NONE',  ( 1.629999999999999893, 0.000000000000000000, -2.100000000000000089 ) ) ;
#5495 = FACE_OUTER_BOUND ( 'NONE', #115, .T. ) ;
#5496 = ORIENTED_EDGE ( 'NONE', *, *, #8565, .T. ) ;
#5497 = EDGE_CURVE ( 'NONE', #734, #3644, #6957, .T. ) ;
#5498 = PLANE ( 'NONE',  #5966 ) ;
#5499 = EDGE_LOOP ( 'NONE', ( #8950, #1886, #6199, #3206 ) ) ;
#5500 = CARTESIAN_POINT ( 'NONE',  ( 0.3700000000000018274, 0.000000000000000000, 2.100000000000000089 ) ) ;
#5501 = AXIS2_PLACEMENT_3D ( 'NONE', #2085, #7473, #3679 ) ;
#5502 = CARTESIAN_POINT ( 'NONE',  ( -0.3699999999999996625, 0.1999999999999999833, 2.100000000000000977 ) ) ;
#5503 = LINE ( 'NONE', #2289, #5155 ) ;
#5504 = VECTOR ( 'NONE', #7105, 1000.000000000000000 ) ;
#5505 = ADVANCED_FACE ( 'NONE', ( #900 ), #8860, .T. ) ;
#5506 = CARTESIAN_POINT ( 'NONE',  ( 0.8700000000000021050, 0.2000000000000005107, 2.499999999999999556 ) ) ;
#5507 = LINE ( 'NONE', #6664, #6345 ) ;
#5508 = ORIENTED_EDGE ( 'NONE', *, *, #1465, .T. ) ;
#5509 = CARTESIAN_POINT ( 'NONE',  ( -2.500000000000002220, 0.1999999999999999833, 0.1299999999999981726 ) ) ;
#5510 = EDGE_LOOP ( 'NONE', ( #8304, #823, #2141, #7710 ) ) ;
#5511 = AXIS2_PLACEMENT_3D ( 'NONE', #3483, #4990, #1987 ) ;
#5512 = EDGE_CURVE ( 'NONE', #2666, #6656, #8496, .T. ) ;
#5513 = DIRECTION ( 'NONE',  ( 0.000000000000000000, -1.000000000000000000, 0.000000000000000000 ) ) ;
#5514 = AXIS2_PLACEMENT_3D ( 'NONE', #2778, #9612, #9574 ) ;
#5515 = CARTESIAN_POINT ( 'NONE',  ( 0.000000000000000000, 0.2000000000000000111, 0.000000000000000000 ) ) ;
#5516 = VECTOR ( 'NONE', #2728, 1000.000000000000000 ) ;
#5517 = VERTEX_POINT ( 'NONE', #5819 ) ;
#5518 = LINE ( 'NONE', #3922, #9137 ) ;
#5519 = AXIS2_PLACEMENT_3D ( 'NONE', #425, #359, #1989 ) ;
#5520 = VERTEX_POINT ( 'NONE', #8788 ) ;
#5521 = DIRECTION ( 'NONE',  ( 1.000000000000000000, -0.000000000000000000, 0.000000000000000000 ) ) ;
#5522 = LINE ( 'NONE', #3781, #3603 ) ;
#5523 = ORIENTED_EDGE ( 'NONE', *, *, #7907, .T. ) ;
#5524 = VECTOR ( 'NONE', #8895, 1000.000000000000000 ) ;
#5525 = EDGE_LOOP ( 'NONE', ( #9985, #6967, #4144, #9161 ) ) ;
#5526 = CARTESIAN_POINT ( 'NONE',  ( -2.100000000000001865, 0.6664761515876249653, -1.370000000000001883 ) ) ;
#5527 = DIRECTION ( 'NONE',  ( 0.000000000000000000, 0.000000000000000000, -1.000000000000000000 ) ) ;
#5528 = AXIS2_PLACEMENT_3D ( 'NONE', #4924, #260, #5675 ) ;
#5529 = PLANE ( 'NONE',  #8521 ) ;
#5530 = CARTESIAN_POINT ( 'NONE',  ( 1.370000000000001883, 0.1999999999999999833, 2.100000000000000089 ) ) ;
#5531 = VERTEX_POINT ( 'NONE', #9590 ) ;
#5532 = EDGE_CURVE ( 'NONE', #6611, #3520, #5158, .T. ) ;
#5533 = CARTESIAN_POINT ( 'NONE',  ( 2.100000000000001865, 0.1999999999999999833, 0.1299999999999981726 ) ) ;
#5534 = CARTESIAN_POINT ( 'NONE',  ( 0.5000000000000000000, 0.000000000000000000, 0.000000000000000000 ) ) ;
#5535 = MANIFOLD_SOLID_BREP ( 'LPattern4[4]', #106 ) ;
#5536 = SURFACE_STYLE_FILL_AREA ( #4801 ) ;
#5537 = PLANE ( 'NONE',  #9568 ) ;
#5538 = LINE ( 'NONE', #3573, #5916 ) ;
#5539 = VERTEX_POINT ( 'NONE', #7328 ) ;
#5540 = LINE ( 'NONE', #1613, #3500 ) ;
#5541 = ORIENTED_EDGE ( 'NONE', *, *, #1600, .F. ) ;
#5542 = CARTESIAN_POINT ( 'NONE',  ( 0.1300000000000005596, 0.2000000000000000111, 2.500000000000001332 ) ) ;
#5543 = EDGE_CURVE ( 'NONE', #4033, #3281, #1870, .T. ) ;
#5544 = DIRECTION ( 'NONE',  ( -0.000000000000000000, -0.000000000000000000, 1.000000000000000000 ) ) ;
#5545 = VECTOR ( 'NONE', #3604, 1000.000000000000000 ) ;
#5546 = VERTEX_POINT ( 'NONE', #9627 ) ;
#5547 = ADVANCED_FACE ( 'NONE', ( #7202 ), #5029, .F. ) ;
#5548 = VECTOR ( 'NONE', #37, 1000.000000000000000 ) ;
#5549 = ORIENTED_EDGE ( 'NONE', *, *, #7161, .F. ) ;
#5550 = VECTOR ( 'NONE', #8451, 1000.000000000000000 ) ;
#5551 = EDGE_CURVE ( 'NONE', #5659, #1946, #2491, .T. ) ;
#5552 = ORIENTED_EDGE ( 'NONE', *, *, #4566, .F. ) ;
#5553 = SURFACE_STYLE_USAGE ( .BOTH. , #140 ) ;
#5554 = CARTESIAN_POINT ( 'NONE',  ( 0.000000000000000000, 0.000000000000000000, 0.000000000000000000 ) ) ;
#5555 = LINE ( 'NONE', #6368, #7127 ) ;
#5556 = ORIENTED_EDGE ( 'NONE', *, *, #9758, .F. ) ;
#5557 = DIRECTION ( 'NONE',  ( 0.000000000000000000, -1.000000000000000000, 0.000000000000000000 ) ) ;
#5558 = AXIS2_PLACEMENT_3D ( 'NONE', #1023, #927, #9375 ) ;
#5559 = LINE ( 'NONE', #4799, #5333 ) ;
#5560 = ADVANCED_FACE ( 'NONE', ( #5271 ), #6627, .F. ) ;
#5561 = ORIENTED_EDGE ( 'NONE', *, *, #6057, .F. ) ;
#5562 = EDGE_CURVE ( 'NONE', #2216, #1526, #8142, .T. ) ;
#5563 = EDGE_CURVE ( 'NONE', #7183, #3547, #1627, .T. ) ;
#5564 = LINE ( 'NONE', #9049, #967 ) ;
#5565 = CARTESIAN_POINT ( 'NONE',  ( 2.100000000000001865, 0.1999999999999999833, 0.6299999999999982281 ) ) ;
#5566 = ORIENTED_EDGE ( 'NONE', *, *, #7653, .T. ) ;
#5567 = DIRECTION ( 'NONE',  ( -1.000000000000000000, 0.000000000000000000, 0.000000000000000000 ) ) ;
#5568 = PLANE ( 'NONE',  #1044 ) ;
#5569 = VECTOR ( 'NONE', #1063, 1000.000000000000000 ) ;
#5570 = EDGE_LOOP ( 'NONE', ( #2322, #8964, #2222, #1061 ) ) ;
#5571 = CARTESIAN_POINT ( 'NONE',  ( 2.100000000000001865, 0.1999999999999999833, 1.869999999999999662 ) ) ;
#5572 =( LENGTH_UNIT ( ) NAMED_UNIT ( * ) SI_UNIT ( .MILLI., .METRE. ) );
#5573 = ORIENTED_EDGE ( 'NONE', *, *, #7064, .F. ) ;
#5574 = VECTOR ( 'NONE', #3509, 1000.000000000000000 ) ;
#5575 = MECHANICAL_DESIGN_GEOMETRIC_PRESENTATION_REPRESENTATION (  '', ( #4422 ), #7508 ) ;
#5576 = DIRECTION ( 'NONE',  ( -5.421010862427520198E-16, 0.000000000000000000, -1.000000000000000000 ) ) ;
#5577 = VERTEX_POINT ( 'NONE', #5482 ) ;
#5578 = EDGE_CURVE ( 'NONE', #1156, #9322, #7548, .T. ) ;
#5579 = EDGE_LOOP ( 'NONE', ( #2053, #444, #3254, #2696 ) ) ;
#5580 = CARTESIAN_POINT ( 'NONE',  ( -2.500000000000002220, 0.6664761515876249653, 0.6299999999999982281 ) ) ;
#5581 = AXIS2_PLACEMENT_3D ( 'NONE', #5048, #5833, #8955 ) ;
#5582 = DIRECTION ( 'NONE',  ( 0.000000000000000000, -1.000000000000000000, 0.000000000000000000 ) ) ;
#5583 = VECTOR ( 'NONE', #1420, 1000.000000000000000 ) ;
#5584 = VERTEX_POINT ( 'NONE', #4771 ) ;
#5585 = CARTESIAN_POINT ( 'NONE',  ( 0.000000000000000000, 0.000000000000000000, 1.500000000000000000 ) ) ;
#5586 = CARTESIAN_POINT ( 'NONE',  ( 2.100000000000001865, 0.05000000000000002359, 0.6299999999999982281 ) ) ;
#5587 = ORIENTED_EDGE ( 'NONE', *, *, #7907, .F. ) ;
#5588 = DIRECTION ( 'NONE',  ( -0.000000000000000000, -1.000000000000000000, -0.000000000000000000 ) ) ;
#5589 = CARTESIAN_POINT ( 'NONE',  ( -0.1299999999999981726, 0.2000000000000005107, 2.499999999999999556 ) ) ;
#5590 = ORIENTED_EDGE ( 'NONE', *, *, #1875, .T. ) ;
#5591 = LINE ( 'NONE', #4921, #9675 ) ;
#5592 = ORIENTED_EDGE ( 'NONE', *, *, #1848, .F. ) ;
#5593 = EDGE_CURVE ( 'NONE', #7716, #3828, #667, .T. ) ;
#5594 = DIRECTION ( 'NONE',  ( 0.000000000000000000, -1.000000000000000000, 0.000000000000000000 ) ) ;
#5595 = FACE_OUTER_BOUND ( 'NONE', #3347, .T. ) ;
#5596 = EDGE_LOOP ( 'NONE', ( #8020, #2048, #6320, #1948 ) ) ;
#5597 = DIRECTION ( 'NONE',  ( 1.000000000000000000, 0.000000000000000000, -0.000000000000000000 ) ) ;
#5598 = PLANE ( 'NONE',  #6622 ) ;
#5599 = LINE ( 'NONE', #9258, #4631 ) ;
#5600 = CARTESIAN_POINT ( 'NONE',  ( -1.870000000000000107, 0.2000000000000000111, -2.100000000000000089 ) ) ;
#5601 = DIRECTION ( 'NONE',  ( 0.000000000000000000, 0.000000000000000000, -1.000000000000000000 ) ) ;
#5602 = ORIENTED_EDGE ( 'NONE', *, *, #8330, .T. ) ;
#5603 = EDGE_LOOP ( 'NONE', ( #4352, #2286, #4775, #1940 ) ) ;
#5604 = EDGE_CURVE ( 'NONE', #9669, #3990, #9118, .T. ) ;
#5605 = ADVANCED_FACE ( 'NONE', ( #5495 ), #8596, .F. ) ;
#5606 = ORIENTED_EDGE ( 'NONE', *, *, #5804, .F. ) ;
#5607 = CARTESIAN_POINT ( 'NONE',  ( 2.100000000000001865, 0.000000000000000000, 0.8699999999999996625 ) ) ;
#5608 = ORIENTED_EDGE ( 'NONE', *, *, #9695, .F. ) ;
#5609 = VECTOR ( 'NONE', #934, 1000.000000000000000 ) ;
#5610 = FACE_OUTER_BOUND ( 'NONE', #5847, .T. ) ;
#5611 = VECTOR ( 'NONE', #9405, 1000.000000000000000 ) ;
#5612 = VERTEX_POINT ( 'NONE', #3222 ) ;
#5613 = DIRECTION ( 'NONE',  ( -1.000000000000000000, 0.000000000000000000, 0.000000000000000000 ) ) ;
#5614 = DIRECTION ( 'NONE',  ( 0.000000000000000000, 0.000000000000000000, -1.000000000000000000 ) ) ;
#5615 = EDGE_LOOP ( 'NONE', ( #8031, #3195, #9497, #3549 ) ) ;
#5616 = DIRECTION ( 'NONE',  ( 1.000000000000000000, 0.000000000000000000, 0.000000000000000000 ) ) ;
#5617 = DIRECTION ( 'NONE',  ( 1.000000000000000000, 0.000000000000000000, 0.000000000000000000 ) ) ;
#5618 = EDGE_CURVE ( 'NONE', #9246, #6423, #6597, .T. ) ;
#5619 = CARTESIAN_POINT ( 'NONE',  ( -1.369999999999999662, 0.6664761515876257425, 2.100000000000000977 ) ) ;
#5620 = LINE ( 'NONE', #9928, #2746 ) ;
#5621 = FACE_OUTER_BOUND ( 'NONE', #6161, .T. ) ;
#5622 = ORIENTED_EDGE ( 'NONE', *, *, #2457, .T. ) ;
#5623 = ORIENTED_EDGE ( 'NONE', *, *, #2410, .F. ) ;
#5624 = AXIS2_PLACEMENT_3D ( 'NONE', #537, #4476, #9830 ) ;
#5625 = PLANE ( 'NONE',  #4034 ) ;
#5626 = DIRECTION ( 'NONE',  ( 1.000000000000000000, -0.000000000000000000, -0.000000000000000000 ) ) ;
#5627 = CARTESIAN_POINT ( 'NONE',  ( -2.100000000000001865, 0.1999999999999999833, 0.8699999999999996625 ) ) ;
#5628 = LINE ( 'NONE', #6010, #4657 ) ;
#5629 = CARTESIAN_POINT ( 'NONE',  ( 0.000000000000000000, 0.05000000000000000278, -1.130000000000000338 ) ) ;
#5630 = EDGE_CURVE ( 'NONE', #5991, #6036, #8611, .T. ) ;
#5631 = CARTESIAN_POINT ( 'NONE',  ( -2.500000000000002220, 0.04999999999999969746, 1.129999999999998117 ) ) ;
#5632 = LINE ( 'NONE', #4697, #9228 ) ;
#5633 = ORIENTED_EDGE ( 'NONE', *, *, #5434, .F. ) ;
#5634 = CARTESIAN_POINT ( 'NONE',  ( 1.800000000000000044, 5.291168824543142968, -1.799999999999999822 ) ) ;
#5635 = LINE ( 'NONE', #4286, #9600 ) ;
#5636 = AXIS2_PLACEMENT_3D ( 'NONE', #9549, #1218, #8116 ) ;
#5637 = ORIENTED_EDGE ( 'NONE', *, *, #3984, .F. ) ;
#5638 = CARTESIAN_POINT ( 'NONE',  ( 0.1300000000000003375, 0.2000000000000000111, 2.100000000000000977 ) ) ;
#5639 = LINE ( 'NONE', #5954, #5903 ) ;
#5640 =( NAMED_UNIT ( * ) SI_UNIT ( $, .STERADIAN. ) SOLID_ANGLE_UNIT ( ) );
#5641 = VECTOR ( 'NONE', #6486, 1000.000000000000000 ) ;
#5642 = ORIENTED_EDGE ( 'NONE', *, *, #5313, .F. ) ;
#5643 = VECTOR ( 'NONE', #6675, 1000.000000000000000 ) ;
#5644 = ADVANCED_FACE ( 'NONE', ( #535 ), #817, .F. ) ;
#5645 = ORIENTED_EDGE ( 'NONE', *, *, #3492, .F. ) ;
#5646 = ORIENTED_EDGE ( 'NONE', *, *, #2871, .T. ) ;
#5647 = DIRECTION ( 'NONE',  ( 0.000000000000000000, -1.000000000000000000, 0.000000000000000000 ) ) ;
#5648 = CARTESIAN_POINT ( 'NONE',  ( 2.100000000000001865, 0.6664761515876249653, 1.129999999999998117 ) ) ;
#5649 = AXIS2_PLACEMENT_3D ( 'NONE', #6163, #9203, #6841 ) ;
#5650 = LINE ( 'NONE', #7483, #2398 ) ;
#5651 = DIRECTION ( 'NONE',  ( 0.000000000000000000, -0.000000000000000000, -1.000000000000000000 ) ) ;
#5652 = CARTESIAN_POINT ( 'NONE',  ( 0.3700000000000009948, 0.04999999999999969746, 2.500000000000000444 ) ) ;
#5653 = EDGE_CURVE ( 'NONE', #8814, #8021, #9321, .T. ) ;
#5654 = DIRECTION ( 'NONE',  ( 0.000000000000000000, -0.000000000000000000, -1.000000000000000000 ) ) ;
#5655 = VECTOR ( 'NONE', #9465, 1000.000000000000000 ) ;
#5656 = ORIENTED_EDGE ( 'NONE', *, *, #6852, .F. ) ;
#5657 = LINE ( 'NONE', #1323, #8051 ) ;
#5658 = CARTESIAN_POINT ( 'NONE',  ( -2.500000000000000888, 8.871067811865474440, 2.499999999999999556 ) ) ;
#5659 = VERTEX_POINT ( 'NONE', #787 ) ;
#5660 = ADVANCED_FACE ( 'NONE', ( #7772 ), #6270, .F. ) ;
#5661 = VECTOR ( 'NONE', #7864, 1000.000000000000000 ) ;
#5662 = ORIENTED_EDGE ( 'NONE', *, *, #9811, .T. ) ;
#5663 = VERTEX_POINT ( 'NONE', #855 ) ;
#5664 = VECTOR ( 'NONE', #6955, 1000.000000000000000 ) ;
#5665 = CARTESIAN_POINT ( 'NONE',  ( 2.100000000000001865, 0.05000000000000002359, 1.869999999999999662 ) ) ;
#5666 = AXIS2_PLACEMENT_3D ( 'NONE', #7520, #2958, #5240 ) ;
#5667 = CARTESIAN_POINT ( 'NONE',  ( -2.100000000000001865, 0.6664761515876249653, 1.629999999999998117 ) ) ;
#5668 = CARTESIAN_POINT ( 'NONE',  ( 0.3700000000000013833, 0.1999999999999999833, -2.100000000000000089 ) ) ;
#5669 = VERTEX_POINT ( 'NONE', #3191 ) ;
#5670 = PLANE ( 'NONE',  #2618 ) ;
#5671 = CARTESIAN_POINT ( 'NONE',  ( -2.500000000000002220, 0.6664761515876249653, -0.3700000000000018274 ) ) ;
#5672 = EDGE_CURVE ( 'NONE', #975, #9231, #3193, .T. ) ;
#5673 = DIRECTION ( 'NONE',  ( 2.710505431213760691E-15, 0.000000000000000000, 1.000000000000000000 ) ) ;
#5674 = CARTESIAN_POINT ( 'NONE',  ( 0.3700000000000018274, 0.2000000000000000111, 2.100000000000000089 ) ) ;
#5675 = DIRECTION ( 'NONE',  ( -1.000000000000000000, 0.000000000000000000, 0.000000000000000000 ) ) ;
#5676 = ORIENTED_EDGE ( 'NONE', *, *, #4786, .T. ) ;
#5677 = CARTESIAN_POINT ( 'NONE',  ( 2.500000000000002220, 0.1999999999999999833, 1.629999999999998117 ) ) ;
#5678 =( LENGTH_UNIT ( ) NAMED_UNIT ( * ) SI_UNIT ( .MILLI., .METRE. ) );
#5679 = DIRECTION ( 'NONE',  ( 5.421010862427520198E-16, 0.000000000000000000, 1.000000000000000000 ) ) ;
#5680 = ORIENTED_EDGE ( 'NONE', *, *, #9067, .T. ) ;
#5681 = VECTOR ( 'NONE', #6065, 1000.000000000000000 ) ;
#5682 = ORIENTED_EDGE ( 'NONE', *, *, #6838, .T. ) ;
#5683 = VECTOR ( 'NONE', #2487, 1000.000000000000000 ) ;
#5684 = VERTEX_POINT ( 'NONE', #6300 ) ;
#5685 = CARTESIAN_POINT ( 'NONE',  ( -0.8699999999999996625, 0.1999999999999999833, 2.100000000000000977 ) ) ;
#5686 = LINE ( 'NONE', #6218, #4831 ) ;
#5687 = EDGE_LOOP ( 'NONE', ( #1066, #6236, #3296, #9916 ) ) ;
#5688 = EDGE_CURVE ( 'NONE', #9499, #6311, #6948, .T. ) ;
#5689 = CARTESIAN_POINT ( 'NONE',  ( 1.370000000000000329, 0.6664761515876257425, -2.500000000000000444 ) ) ;
#5690 = PRESENTATION_STYLE_ASSIGNMENT (( #4237 ) ) ;
#5691 = ORIENTED_EDGE ( 'NONE', *, *, #275, .T. ) ;
#5692 =( NAMED_UNIT ( * ) PLANE_ANGLE_UNIT ( ) SI_UNIT ( $, .RADIAN. ) );
#5693 = DIRECTION ( 'NONE',  ( -0.000000000000000000, 0.000000000000000000, 1.000000000000000000 ) ) ;
#5694 = DIRECTION ( 'NONE',  ( 1.000000000000000000, -0.000000000000000000, 0.000000000000000000 ) ) ;
#5695 = CARTESIAN_POINT ( 'NONE',  ( 2.499999999999998668, 0.05000000000000000278, 2.499999999999999556 ) ) ;
#5696 = CARTESIAN_POINT ( 'NONE',  ( -1.129999999999998117, 0.6664761515876257425, 2.100000000000000089 ) ) ;
#5697 = CARTESIAN_POINT ( 'NONE',  ( 0.000000000000000000, 0.05000000000000000278, -1.630000000000000338 ) ) ;
#5698 = AXIS2_PLACEMENT_3D ( 'NONE', #1501, #9942, #4543 ) ;
#5699 = VERTEX_POINT ( 'NONE', #3999 ) ;
#5700 = EDGE_CURVE ( 'NONE', #7453, #9669, #3817, .T. ) ;
#5701 = EDGE_CURVE ( 'NONE', #9757, #4344, #4881, .T. ) ;
#5702 = DIRECTION ( 'NONE',  ( -5.421010862427520198E-16, 0.000000000000000000, -1.000000000000000000 ) ) ;
#5703 = CARTESIAN_POINT ( 'NONE',  ( 0.1299999999999998934, 0.1999999999999999833, -2.500000000000000444 ) ) ;
#5704 = CARTESIAN_POINT ( 'NONE',  ( 7.589415207398501061E-15, 0.05000000000000000278, 2.100000000000004974 ) ) ;
#5705 = ORIENTED_EDGE ( 'NONE', *, *, #9680, .F. ) ;
#5706 = PLANE ( 'NONE',  #4997 ) ;
#5707 = DIRECTION ( 'NONE',  ( -1.000000000000000000, 0.000000000000000000, 0.000000000000000000 ) ) ;
#5708 = ORIENTED_EDGE ( 'NONE', *, *, #8884, .T. ) ;
#5709 = DIRECTION ( 'NONE',  ( 0.000000000000000000, 0.000000000000000000, 1.000000000000000000 ) ) ;
#5710 = CARTESIAN_POINT ( 'NONE',  ( 2.500000000000002220, 0.6664761515876249653, -0.6300000000000003375 ) ) ;
#5711 = CARTESIAN_POINT ( 'NONE',  ( -2.500000000000002220, 0.000000000000000000, -0.6300000000000003375 ) ) ;
#5712 = PLANE ( 'NONE',  #2327 ) ;
#5713 = VECTOR ( 'NONE', #8898, 1000.000000000000000 ) ;
#5714 = EDGE_CURVE ( 'NONE', #1755, #5539, #773, .T. ) ;
#5716 = ADVANCED_FACE ( 'NONE', ( #5147 ), #3325, .T. ) ;
#5715 = EDGE_LOOP ( 'NONE', ( #1005, #6538, #4377, #6881 ) ) ;
#5717 = CARTESIAN_POINT ( 'NONE',  ( 2.500000000000002220, 0.6664761515876249653, 0.3699999999999996625 ) ) ;
#5718 = CARTESIAN_POINT ( 'NONE',  ( 0.3700000000000018274, 0.1999999999999999833, 2.100000000000000089 ) ) ;
#5719 = LINE ( 'NONE', #5580, #8468 ) ;
#5720 = EDGE_LOOP ( 'NONE', ( #5958, #6108, #9654, #8792 ) ) ;
#5721 =( NAMED_UNIT ( * ) PLANE_ANGLE_UNIT ( ) SI_UNIT ( $, .RADIAN. ) );
#5722 = LINE ( 'NONE', #2411, #4018 ) ;
#5723 = DIRECTION ( 'NONE',  ( 0.000000000000000000, -1.000000000000000000, 0.000000000000000000 ) ) ;
#5724 = CARTESIAN_POINT ( 'NONE',  ( 2.100000000000001865, 0.1999999999999999833, -0.6300000000000003375 ) ) ;
#5725 = MANIFOLD_SOLID_BREP ( 'LPattern4[9]', #9512 ) ;
#5726 = VERTEX_POINT ( 'NONE', #7866 ) ;
#5727 = DIRECTION ( 'NONE',  ( -0.000000000000000000, 0.000000000000000000, -1.000000000000000000 ) ) ;
#5728 = DIRECTION ( 'NONE',  ( 0.000000000000000000, 0.000000000000000000, -1.000000000000000000 ) ) ;
#5729 = CARTESIAN_POINT ( 'NONE',  ( 2.500000000000000000, 0.000000000000000000, 0.000000000000000000 ) ) ;
#5730 = LINE ( 'NONE', #4012, #7529 ) ;
#5731 = ORIENTED_EDGE ( 'NONE', *, *, #946, .T. ) ;
#5732 = PRESENTATION_LAYER_ASSIGNMENT (  '', '', ( #1402 ) ) ;
#5733 = VECTOR ( 'NONE', #5220, 1000.000000000000000 ) ;
#5734 = DIRECTION ( 'NONE',  ( 0.000000000000000000, -0.000000000000000000, 1.000000000000000000 ) ) ;
#5735 = EDGE_CURVE ( 'NONE', #4813, #7029, #7658, .T. ) ;
#5736 = ORIENTED_EDGE ( 'NONE', *, *, #2621, .T. ) ;
#5737 = DIRECTION ( 'NONE',  ( -1.000000000000000000, 0.000000000000000000, -2.168404344971008079E-15 ) ) ;
#5738 = PLANE ( 'NONE',  #2685 ) ;
#5739 = DIRECTION ( 'NONE',  ( 0.000000000000000000, -0.000000000000000000, 1.000000000000000000 ) ) ;
#5740 = PRESENTATION_STYLE_ASSIGNMENT (( #6352 ) ) ;
#5741 = FILL_AREA_STYLE ('',( #4222 ) ) ;
#5742 = EDGE_LOOP ( 'NONE', ( #282, #1843, #1007, #6846 ) ) ;
#5743 = DIRECTION ( 'NONE',  ( 1.000000000000000000, -0.000000000000000000, 0.000000000000000000 ) ) ;
#5744 = CARTESIAN_POINT ( 'NONE',  ( -1.369999999999999662, 0.1999999999999999833, 2.100000000000000977 ) ) ;
#5745 = PLANE ( 'NONE',  #9303 ) ;
#5746 = ORIENTED_EDGE ( 'NONE', *, *, #3692, .T. ) ;
#5747 = PLANE ( 'NONE',  #1788 ) ;
#5748 = EDGE_CURVE ( 'NONE', #441, #6246, #9443, .T. ) ;
#5749 = FACE_OUTER_BOUND ( 'NONE', #813, .T. ) ;
#5750 = VECTOR ( 'NONE', #9354, 1000.000000000000000 ) ;
#5751 = EDGE_CURVE ( 'NONE', #9601, #483, #2610, .T. ) ;
#5752 = FACE_OUTER_BOUND ( 'NONE', #9173, .T. ) ;
#5753 = ORIENTED_EDGE ( 'NONE', *, *, #8702, .T. ) ;
#5754 = DIRECTION ( 'NONE',  ( 0.000000000000000000, -0.000000000000000000, 1.000000000000000000 ) ) ;
#5755 = ORIENTED_EDGE ( 'NONE', *, *, #2217, .T. ) ;
#5756 = CARTESIAN_POINT ( 'NONE',  ( -2.500000000000002220, 0.000000000000000000, 0.3699999999999996625 ) ) ;
#5757 = VECTOR ( 'NONE', #9815, 1000.000000000000000 ) ;
#5758 = AXIS2_PLACEMENT_3D ( 'NONE', #7641, #7741, #5395 ) ;
#5759 = DIRECTION ( 'NONE',  ( 0.000000000000000000, 0.000000000000000000, -1.000000000000000000 ) ) ;
#5760 = CARTESIAN_POINT ( 'NONE',  ( -2.100000000000001865, 0.1999999999999999833, -0.1300000000000003375 ) ) ;
#5761 = DIRECTION ( 'NONE',  ( -1.000000000000000000, 0.000000000000000000, 3.614007241618325499E-15 ) ) ;
#5762 = EDGE_LOOP ( 'NONE', ( #5053, #5180, #4233, #9273 ) ) ;
#5763 = PLANE ( 'NONE',  #129 ) ;
#5764 = EDGE_LOOP ( 'NONE', ( #4266, #36, #3175, #5556 ) ) ;
#5765 = CARTESIAN_POINT ( 'NONE',  ( -2.100000000000001865, 0.6664761515876249653, 1.869999999999999662 ) ) ;
#5766 = EDGE_CURVE ( 'NONE', #6451, #732, #7540, .T. ) ;
#5767 = CARTESIAN_POINT ( 'NONE',  ( -1.629999999999998117, 0.1999999999999999833, 2.100000000000000089 ) ) ;
#5768 = LINE ( 'NONE', #1882, #7084 ) ;
#5769 = ADVANCED_FACE ( 'NONE', ( #8487 ), #4899, .T. ) ;
#5770 = DIRECTION ( 'NONE',  ( 0.000000000000000000, 0.000000000000000000, 1.000000000000000000 ) ) ;
#5771 = VECTOR ( 'NONE', #8376, 1000.000000000000000 ) ;
#5772 = ORIENTED_EDGE ( 'NONE', *, *, #5236, .T. ) ;
#5773 = DIRECTION ( 'NONE',  ( 1.000000000000000000, 0.000000000000000000, -3.614007241618325499E-15 ) ) ;
#5774 = ORIENTED_EDGE ( 'NONE', *, *, #3914, .T. ) ;
#5775 = AXIS2_PLACEMENT_3D ( 'NONE', #3672, #7435, #8196 ) ;
#5776 = DIRECTION ( 'NONE',  ( -2.168404344971008079E-15, 0.000000000000000000, 1.000000000000000000 ) ) ;
#5777 = CARTESIAN_POINT ( 'NONE',  ( -2.100000000000001865, 0.1999999999999999833, -0.8700000000000018829 ) ) ;
#5778 = CARTESIAN_POINT ( 'NONE',  ( 7.589415207398477396E-15, 0.05000000000000000278, 2.099999999999998312 ) ) ;
#5779 = EDGE_CURVE ( 'NONE', #578, #8773, #9218, .T. ) ;
#5780 = CARTESIAN_POINT ( 'NONE',  ( 2.100000000000001865, 0.6664761515876249653, -1.370000000000001883 ) ) ;
#5781 = CARTESIAN_POINT ( 'NONE',  ( 2.100000000000001865, 0.6664761515876249653, -0.6300000000000003375 ) ) ;
#5782 = DIRECTION ( 'NONE',  ( 0.000000000000000000, 0.000000000000000000, -1.000000000000000000 ) ) ;
#5783 = LINE ( 'NONE', #8499, #3486 ) ;
#5784 = CARTESIAN_POINT ( 'NONE',  ( 2.100000000000001865, 0.05000000000000002359, 0.1299999999999981726 ) ) ;
#5785 = DIRECTION ( 'NONE',  ( -1.000000000000000000, 0.000000000000000000, 0.000000000000000000 ) ) ;
#5786 = AXIS2_PLACEMENT_3D ( 'NONE', #9002, #5984, #2026 ) ;
#5787 = VECTOR ( 'NONE', #4312, 1000.000000000000000 ) ;
#5788 = ORIENTED_EDGE ( 'NONE', *, *, #2576, .T. ) ;
#5789 = VECTOR ( 'NONE', #4551, 1000.000000000000000 ) ;
#5790 = ORIENTED_EDGE ( 'NONE', *, *, #256, .T. ) ;
#5791 = VERTEX_POINT ( 'NONE', #6461 ) ;
#5792 = DIRECTION ( 'NONE',  ( 0.000000000000000000, -1.000000000000000000, 0.000000000000000000 ) ) ;
#5793 = LINE ( 'NONE', #8025, #6383 ) ;
#5794 = CARTESIAN_POINT ( 'NONE',  ( 2.100000000000001865, 0.1999999999999999833, 0.8699999999999996625 ) ) ;
#5795 = VECTOR ( 'NONE', #9645, 1000.000000000000000 ) ;
#5796 = ORIENTED_EDGE ( 'NONE', *, *, #7359, .T. ) ;
#5797 = VECTOR ( 'NONE', #8085, 1000.000000000000000 ) ;
#5798 = DIRECTION ( 'NONE',  ( -2.168404344971008079E-15, 0.000000000000000000, 1.000000000000000000 ) ) ;
#5799 = ORIENTED_EDGE ( 'NONE', *, *, #1478, .T. ) ;
#5800 = CARTESIAN_POINT ( 'NONE',  ( 2.100000000000001865, 0.1999999999999999833, -0.1300000000000003375 ) ) ;
#5801 = AXIS2_PLACEMENT_3D ( 'NONE', #1561, #7756, #872 ) ;
#5802 = DIRECTION ( 'NONE',  ( 0.000000000000000000, -0.000000000000000000, 1.000000000000000000 ) ) ;
#5803 = CARTESIAN_POINT ( 'NONE',  ( 0.000000000000000000, 0.05000000000000000278, 1.629999999999998117 ) ) ;
#5804 = EDGE_CURVE ( 'NONE', #4300, #7259, #3701, .T. ) ;
#5805 = LINE ( 'NONE', #9678, #1670 ) ;
#5806 = DIRECTION ( 'NONE',  ( -1.000000000000000000, 0.000000000000000000, 3.614007241618325499E-15 ) ) ;
#5807 = ORIENTED_EDGE ( 'NONE', *, *, #9849, .F. ) ;
#5808 = CARTESIAN_POINT ( 'NONE',  ( -2.500000000000002220, 0.000000000000000000, 1.369999999999999662 ) ) ;
#5809 = PLANE ( 'NONE',  #6351 ) ;
#5810 = PRESENTATION_STYLE_ASSIGNMENT (( #1757 ) ) ;
#5811 = VERTEX_POINT ( 'NONE', #3400 ) ;
#5812 = VECTOR ( 'NONE', #6193, 1000.000000000000000 ) ;
#5813 = ORIENTED_EDGE ( 'NONE', *, *, #8990, .F. ) ;
#5814 = FACE_OUTER_BOUND ( 'NONE', #4356, .T. ) ;
#5815 = ORIENTED_EDGE ( 'NONE', *, *, #8095, .F. ) ;
#5816 =( NAMED_UNIT ( * ) PLANE_ANGLE_UNIT ( ) SI_UNIT ( $, .RADIAN. ) );
#5817 = FACE_OUTER_BOUND ( 'NONE', #5525, .T. ) ;
#5818 = EDGE_CURVE ( 'NONE', #5326, #3574, #5383, .T. ) ;
#5819 = CARTESIAN_POINT ( 'NONE',  ( -0.3699999999999994404, 0.000000000000000000, 2.500000000000001332 ) ) ;
#5820 = DIRECTION ( 'NONE',  ( -1.000000000000000000, 0.000000000000000000, 0.000000000000000000 ) ) ;
#5821 = ORIENTED_EDGE ( 'NONE', *, *, #4445, .T. ) ;
#5822 = CARTESIAN_POINT ( 'NONE',  ( 0.000000000000000000, 0.05000000000000000278, 1.629999999999998117 ) ) ;
#5823 = VERTEX_POINT ( 'NONE', #1058 ) ;
#5824 = ADVANCED_FACE ( 'NONE', ( #8997 ), #2524, .T. ) ;
#5825 = AXIS2_PLACEMENT_3D ( 'NONE', #9565, #9777, #1398 ) ;
#5826 = ORIENTED_EDGE ( 'NONE', *, *, #1668, .T. ) ;
#5827 = DIRECTION ( 'NONE',  ( 0.000000000000000000, 0.000000000000000000, 1.000000000000000000 ) ) ;
#5828 = LINE ( 'NONE', #7144, #1475 ) ;
#5829 = EDGE_CURVE ( 'NONE', #7044, #93, #1017, .T. ) ;
#5830 = DIRECTION ( 'NONE',  ( 0.000000000000000000, 0.000000000000000000, 1.000000000000000000 ) ) ;
#5831 = EDGE_LOOP ( 'NONE', ( #5788, #1659, #8489, #162, #1359, #8257, #4047, #1716, #4578, #3629, #9609, #4738, #5208, #1249, #89, #5813, #3168, #1383, #4638, #8173, #8666, #2776, #2584, #4552, #4060, #2447, #3512, #2360, #8797, #8458, #1086, #1295, #6781, #4436, #3982, #9095 ) ) ;
#5832 = ORIENTED_EDGE ( 'NONE', *, *, #2917, .F. ) ;
#5833 = DIRECTION ( 'NONE',  ( -1.000000000000000000, 0.000000000000000000, -2.168404344971008079E-15 ) ) ;
#5834 = PLANE ( 'NONE',  #806 ) ;
#5835 = CARTESIAN_POINT ( 'NONE',  ( 2.499999999999998668, 0.05000000000000000278, -2.500000000000000444 ) ) ;
#5836 = ADVANCED_FACE ( 'NONE', ( #6718 ), #7173, .F. ) ;
#5837 = CARTESIAN_POINT ( 'NONE',  ( 2.100000000000001865, 0.1999999999999999833, -0.6300000000000003375 ) ) ;
#5838 = CARTESIAN_POINT ( 'NONE',  ( 2.100000000000001865, 0.000000000000000000, -0.6300000000000003375 ) ) ;
#5839 = DIRECTION ( 'NONE',  ( 0.000000000000000000, -1.000000000000000000, 0.000000000000000000 ) ) ;
#5840 = LINE ( 'NONE', #2926, #1828 ) ;
#5841 = PRESENTATION_LAYER_ASSIGNMENT (  '', '', ( #4649 ) ) ;
#5842 = ORIENTED_EDGE ( 'NONE', *, *, #5358, .T. ) ;
#5843 = EDGE_CURVE ( 'NONE', #8426, #8234, #288, .T. ) ;
#5844 = ORIENTED_EDGE ( 'NONE', *, *, #4663, .T. ) ;
#5845 = CARTESIAN_POINT ( 'NONE',  ( 1.870000000000001439, 0.1999999999999999833, -2.100000000000000089 ) ) ;
#5846 = AXIS2_PLACEMENT_3D ( 'NONE', #2473, #253, #970 ) ;
#5847 = EDGE_LOOP ( 'NONE', ( #2902, #5746, #7680, #6661 ) ) ;
#5848 = CARTESIAN_POINT ( 'NONE',  ( 1.370000000000000329, 0.1999999999999999833, -2.500000000000000444 ) ) ;
#5849 = PLANE ( 'NONE',  #5519 ) ;
#5850 = DIRECTION ( 'NONE',  ( -1.000000000000000000, -0.000000000000000000, -0.000000000000000000 ) ) ;
#5851 = DIRECTION ( 'NONE',  ( -1.000000000000000000, 0.000000000000000000, -0.000000000000000000 ) ) ;
#5852 = CARTESIAN_POINT ( 'NONE',  ( -1.869999999999999440, 0.2000000000000000111, 2.500000000000001332 ) ) ;
#5853 = ORIENTED_EDGE ( 'NONE', *, *, #2590, .T. ) ;
#5854 = CARTESIAN_POINT ( 'NONE',  ( 2.100000000000001865, 0.000000000000000000, -1.370000000000001883 ) ) ;
#5855 = SURFACE_STYLE_FILL_AREA ( #1489 ) ;
#5856 = ORIENTED_EDGE ( 'NONE', *, *, #6626, .F. ) ;
#5857 = EDGE_CURVE ( 'NONE', #1156, #5326, #1618, .T. ) ;
#5858 = VECTOR ( 'NONE', #8232, 1000.000000000000000 ) ;
#5859 = MANIFOLD_SOLID_BREP ( 'Boss-Extrude2[2]', #9954 ) ;
#5860 = VERTEX_POINT ( 'NONE', #7343 ) ;
#5861 = DIRECTION ( 'NONE',  ( 0.000000000000000000, -0.000000000000000000, 1.000000000000000000 ) ) ;
#5862 = EDGE_CURVE ( 'NONE', #2420, #4247, #3806, .T. ) ;
#5863 = CARTESIAN_POINT ( 'NONE',  ( -0.1299999999999986167, 0.2000000000000000111, -2.100000000000000089 ) ) ;
#5864 = LINE ( 'NONE', #1181, #2976 ) ;
#5865 = ORIENTED_EDGE ( 'NONE', *, *, #2217, .F. ) ;
#5866 = CARTESIAN_POINT ( 'NONE',  ( 0.8700000000000009948, 0.04999999999999969746, 2.500000000000000444 ) ) ;
#5867 = ORIENTED_EDGE ( 'NONE', *, *, #8735, .T. ) ;
#5868 = DIRECTION ( 'NONE',  ( -0.000000000000000000, -1.000000000000000000, -0.000000000000000000 ) ) ;
#5869 = DIRECTION ( 'NONE',  ( 0.000000000000000000, -1.000000000000000000, 0.000000000000000000 ) ) ;
#5870 = ORIENTED_EDGE ( 'NONE', *, *, #5751, .F. ) ;
#5871 = FILL_AREA_STYLE_COLOUR ( '', #4433 ) ;
#5872 = DIRECTION ( 'NONE',  ( -1.000000000000000000, 0.000000000000000000, 0.000000000000000000 ) ) ;
#5873 = DIRECTION ( 'NONE',  ( 0.000000000000000000, -0.000000000000000000, 1.000000000000000000 ) ) ;
#5874 = LINE ( 'NONE', #4848, #2982 ) ;
#5875 = FACE_OUTER_BOUND ( 'NONE', #6949, .T. ) ;
#5876 = ADVANCED_FACE ( 'NONE', ( #163 ), #3754, .F. ) ;
#5877 = VECTOR ( 'NONE', #5588, 1000.000000000000000 ) ;
#5878 = ORIENTED_EDGE ( 'NONE', *, *, #8762, .T. ) ;
#5879 = EDGE_CURVE ( 'NONE', #8335, #4300, #4529, .T. ) ;
#5880 = ORIENTED_EDGE ( 'NONE', *, *, #5532, .T. ) ;
#5881 = DIRECTION ( 'NONE',  ( -1.000000000000000000, 0.000000000000000000, 0.000000000000000000 ) ) ;
#5882 = CARTESIAN_POINT ( 'NONE',  ( 2.100000000000001865, 0.1999999999999999833, -1.870000000000001883 ) ) ;
#5883 = LINE ( 'NONE', #4745, #3821 ) ;
#5884 = CARTESIAN_POINT ( 'NONE',  ( 0.000000000000000000, 0.000000000000000000, 0.000000000000000000 ) ) ;
#5885 = LINE ( 'NONE', #1865, #2009 ) ;
#5886 = CARTESIAN_POINT ( 'NONE',  ( 1.129999999999999893, 0.000000000000000000, -2.100000000000000089 ) ) ;
#5887 = CARTESIAN_POINT ( 'NONE',  ( -2.100000000000001865, 0.05000000000000002359, -0.3700000000000018274 ) ) ;
#5888 = DIRECTION ( 'NONE',  ( 0.000000000000000000, 0.000000000000000000, 1.000000000000000000 ) ) ;
#5889 = ORIENTED_EDGE ( 'NONE', *, *, #5857, .T. ) ;
#5890 = CARTESIAN_POINT ( 'NONE',  ( 2.100000000000001865, 0.000000000000000000, 1.869999999999999662 ) ) ;
#5891 = EDGE_CURVE ( 'NONE', #3910, #5967, #2856, .T. ) ;
#5892 = ADVANCED_FACE ( 'NONE', ( #2481 ), #9519, .F. ) ;
#5893 = ORIENTED_EDGE ( 'NONE', *, *, #4536, .F. ) ;
#5894 = EDGE_CURVE ( 'NONE', #2152, #4426, #8722, .T. ) ;
#5895 = LINE ( 'NONE', #5228, #4439 ) ;
#5896 = DIRECTION ( 'NONE',  ( -1.000000000000000000, 0.000000000000000000, 0.000000000000000000 ) ) ;
#5897 = CARTESIAN_POINT ( 'NONE',  ( 1.629999999999999893, 0.04999999999999999584, -2.100000000000000089 ) ) ;
#5898 = VECTOR ( 'NONE', #3625, 1000.000000000000000 ) ;
#5899 = ORIENTED_EDGE ( 'NONE', *, *, #2815, .F. ) ;
#5900 = CARTESIAN_POINT ( 'NONE',  ( 2.100000000000001865, 0.1999999999999999833, 1.629999999999998117 ) ) ;
#5901 = ORIENTED_EDGE ( 'NONE', *, *, #4267, .F. ) ;
#5902 = AXIS2_PLACEMENT_3D ( 'NONE', #4070, #6302, #6359 ) ;
#5903 = VECTOR ( 'NONE', #9096, 1000.000000000000000 ) ;
#5904 = SURFACE_SIDE_STYLE ('',( #4343 ) ) ;
#5905 = EDGE_CURVE ( 'NONE', #7861, #3910, #5864, .T. ) ;
#5906 = CARTESIAN_POINT ( 'NONE',  ( 2.100000000000001865, 0.1999999999999999833, -0.8700000000000018829 ) ) ;
#5907 = PRESENTATION_STYLE_ASSIGNMENT (( #9077 ) ) ;
#5908 = VERTEX_POINT ( 'NONE', #2747 ) ;
#5909 = LINE ( 'NONE', #3897, #4335 ) ;
#5910 = EDGE_CURVE ( 'NONE', #4598, #3049, #9212, .T. ) ;
#5911 = DIRECTION ( 'NONE',  ( 0.000000000000000000, 0.000000000000000000, 1.000000000000000000 ) ) ;
#5912 = EDGE_LOOP ( 'NONE', ( #2885, #5398, #3494, #5066 ) ) ;
#5913 = ORIENTED_EDGE ( 'NONE', *, *, #9214, .T. ) ;
#5914 = VECTOR ( 'NONE', #1067, 1000.000000000000000 ) ;
#5915 = AXIS2_PLACEMENT_3D ( 'NONE', #5106, #4329, #4432 ) ;
#5916 = VECTOR ( 'NONE', #6607, 1000.000000000000000 ) ;
#5917 = VERTEX_POINT ( 'NONE', #321 ) ;
#5918 = FACE_OUTER_BOUND ( 'NONE', #7330, .T. ) ;
#5919 = DIRECTION ( 'NONE',  ( 0.000000000000000000, -1.000000000000000000, 0.000000000000000000 ) ) ;
#5920 = ORIENTED_EDGE ( 'NONE', *, *, #692, .T. ) ;
#5921 = EDGE_CURVE ( 'NONE', #6944, #7704, #1730, .T. ) ;
#5922 = DIRECTION ( 'NONE',  ( 1.000000000000000000, -0.000000000000000000, -3.614007241618342065E-15 ) ) ;
#5923 = MANIFOLD_SOLID_BREP ( 'LPattern4[12]', #401 ) ;
#5924 = DIRECTION ( 'NONE',  ( -0.000000000000000000, 0.000000000000000000, 1.000000000000000000 ) ) ;
#5925 = PLANE ( 'NONE',  #4394 ) ;
#5926 = LINE ( 'NONE', #341, #7584 ) ;
#5927 = ORIENTED_EDGE ( 'NONE', *, *, #9979, .F. ) ;
#5928 = EDGE_LOOP ( 'NONE', ( #3688, #174, #3768, #4669 ) ) ;
#5929 = PRESENTATION_STYLE_ASSIGNMENT (( #6103 ) ) ;
#5930 = ORIENTED_EDGE ( 'NONE', *, *, #5207, .F. ) ;
#5931 = FACE_OUTER_BOUND ( 'NONE', #636, .T. ) ;
#5932 = ADVANCED_FACE ( 'NONE', ( #2239 ), #8746, .F. ) ;
#5933 = VERTEX_POINT ( 'NONE', #6475 ) ;
#5934 = CARTESIAN_POINT ( 'NONE',  ( 2.499999999999998668, 0.05000000000000000278, -2.500000000000000444 ) ) ;
#5935 = ORIENTED_EDGE ( 'NONE', *, *, #313, .F. ) ;
#5936 = FACE_OUTER_BOUND ( 'NONE', #7530, .T. ) ;
#5937 = DIRECTION ( 'NONE',  ( -0.000000000000000000, -0.000000000000000000, 1.000000000000000000 ) ) ;
#5938 = VERTEX_POINT ( 'NONE', #1847 ) ;
#5939 = LINE ( 'NONE', #7170, #6399 ) ;
#5940 = ORIENTED_EDGE ( 'NONE', *, *, #526, .F. ) ;
#5941 = PLANE ( 'NONE',  #4873 ) ;
#5942 = FACE_OUTER_BOUND ( 'NONE', #1351, .T. ) ;
#5943 = PRESENTATION_LAYER_ASSIGNMENT (  '', '', ( #3146 ) ) ;
#5944 = CARTESIAN_POINT ( 'NONE',  ( 2.100000000000001865, 0.05000000000000000278, 0.000000000000000000 ) ) ;
#5945 = VERTEX_POINT ( 'NONE', #7396 ) ;
#5946 = DIRECTION ( 'NONE',  ( 0.000000000000000000, 0.000000000000000000, -1.000000000000000000 ) ) ;
#5947 = EDGE_CURVE ( 'NONE', #3855, #5478, #6216, .T. ) ;
#5948 = ADVANCED_FACE ( 'NONE', ( #4412 ), #3446, .T. ) ;
#5949 = DIRECTION ( 'NONE',  ( -0.000000000000000000, -1.000000000000000000, -0.000000000000000000 ) ) ;
#5950 = FACE_OUTER_BOUND ( 'NONE', #9182, .T. ) ;
#5951 = ORIENTED_EDGE ( 'NONE', *, *, #3829, .T. ) ;
#5952 = VECTOR ( 'NONE', #1079, 1000.000000000000000 ) ;
#5953 = ORIENTED_EDGE ( 'NONE', *, *, #7326, .F. ) ;
#5954 = CARTESIAN_POINT ( 'NONE',  ( 0.8700000000000003286, 0.1999999999999999833, -2.500000000000000444 ) ) ;
#5955 = AXIS2_PLACEMENT_3D ( 'NONE', #2134, #8251, #8971 ) ;
#5956 = CARTESIAN_POINT ( 'NONE',  ( 1.629999999999999227, 0.05000000000000000278, -8.836247705756854235E-16 ) ) ;
#5957 = SURFACE_STYLE_FILL_AREA ( #8808 ) ;
#5958 = ORIENTED_EDGE ( 'NONE', *, *, #6942, .T. ) ;
#5959 = EDGE_CURVE ( 'NONE', #573, #5244, #3315, .T. ) ;
#5960 = CARTESIAN_POINT ( 'NONE',  ( 2.499999999999998668, 0.05000000000000000278, 2.499999999999999556 ) ) ;
#5961 = DIRECTION ( 'NONE',  ( -0.000000000000000000, -1.000000000000000000, -0.000000000000000000 ) ) ;
#5962 = DIRECTION ( 'NONE',  ( -0.000000000000000000, -1.000000000000000000, -0.000000000000000000 ) ) ;
#5963 = CARTESIAN_POINT ( 'NONE',  ( 2.100000000000001865, 0.6664761515876249653, -0.8700000000000018829 ) ) ;
#5964 = FACE_OUTER_BOUND ( 'NONE', #9416, .T. ) ;
#5965 = ORIENTED_EDGE ( 'NONE', *, *, #5891, .F. ) ;
#5966 = AXIS2_PLACEMENT_3D ( 'NONE', #5534, #871, #7785 ) ;
#5967 = VERTEX_POINT ( 'NONE', #7297 ) ;
#5968 = CARTESIAN_POINT ( 'NONE',  ( -0.3700000000000001066, 0.1999999999999999833, -2.500000000000000444 ) ) ;
#5969 = SURFACE_STYLE_USAGE ( .BOTH. , #7499 ) ;
#5970 = CARTESIAN_POINT ( 'NONE',  ( 1.370000000000000995, 0.1999999999999999833, 2.500000000000000444 ) ) ;
#5971 = FILL_AREA_STYLE ('',( #9017 ) ) ;
#5972 = EDGE_CURVE ( 'NONE', #5938, #7716, #1269, .T. ) ;
#5973 = VECTOR ( 'NONE', #6172, 1000.000000000000000 ) ;
#5974 = ORIENTED_EDGE ( 'NONE', *, *, #6821, .T. ) ;
#5975 = CARTESIAN_POINT ( 'NONE',  ( -0.1299999999999990330, 0.1999999999999999833, 2.500000000000000444 ) ) ;
#5976 = DIRECTION ( 'NONE',  ( -0.000000000000000000, -1.000000000000000000, -0.000000000000000000 ) ) ;
#5977 = LINE ( 'NONE', #7590, #8987 ) ;
#5978 = VERTEX_POINT ( 'NONE', #4287 ) ;
#5979 = SURFACE_STYLE_FILL_AREA ( #1615 ) ;
#5980 = ADVANCED_FACE ( 'NONE', ( #6445 ), #5849, .T. ) ;
#5981 = EDGE_CURVE ( 'NONE', #2757, #5324, #524, .T. ) ;
#5982 = ORIENTED_EDGE ( 'NONE', *, *, #7998, .F. ) ;
#5983 = CARTESIAN_POINT ( 'NONE',  ( 2.500000000000002220, 0.6664761515876249653, -1.630000000000000338 ) ) ;
#5984 = DIRECTION ( 'NONE',  ( -1.000000000000000000, 0.000000000000000000, -2.168404344971008079E-15 ) ) ;
#5985 = DIRECTION ( 'NONE',  ( -0.000000000000000000, -1.000000000000000000, -0.000000000000000000 ) ) ;
#5986 = FACE_OUTER_BOUND ( 'NONE', #6274, .T. ) ;
#5987 = ORIENTED_EDGE ( 'NONE', *, *, #894, .F. ) ;
#5988 = CARTESIAN_POINT ( 'NONE',  ( 2.500000000000002220, 0.6664761515876249653, -1.370000000000001883 ) ) ;
#5989 = CARTESIAN_POINT ( 'NONE',  ( -1.370000000000000107, 0.04999999999999999584, -2.100000000000000089 ) ) ;
#5990 = FACE_OUTER_BOUND ( 'NONE', #4139, .T. ) ;
#5991 = VERTEX_POINT ( 'NONE', #4991 ) ;
#5992 = CARTESIAN_POINT ( 'NONE',  ( -2.100000000000001865, 0.6664761515876249653, -0.3700000000000018274 ) ) ;
#5994 = ADVANCED_FACE ( 'NONE', ( #2359 ), #6554, .F. ) ;
#5993 = ORIENTED_EDGE ( 'NONE', *, *, #6984, .T. ) ;
#5995 = ORIENTED_EDGE ( 'NONE', *, *, #5551, .T. ) ;
#5996 = AXIS2_PLACEMENT_3D ( 'NONE', #9647, #5052, #7282 ) ;
#5997 = VERTEX_POINT ( 'NONE', #1382 ) ;
#5998 = CARTESIAN_POINT ( 'NONE',  ( 0.8700000000000014388, 0.2000000000000000111, -2.100000000000000089 ) ) ;
#5999 = EDGE_CURVE ( 'NONE', #6993, #8115, #8365, .T. ) ;
#6000 = PLANE ( 'NONE',  #42 ) ;
#6001 = DIRECTION ( 'NONE',  ( -0.000000000000000000, -1.000000000000000000, -0.000000000000000000 ) ) ;
#6002 = LINE ( 'NONE', #4031, #1400 ) ;
#6003 = VECTOR ( 'NONE', #5806, 1000.000000000000000 ) ;
#6004 =( NAMED_UNIT ( * ) SI_UNIT ( $, .STERADIAN. ) SOLID_ANGLE_UNIT ( ) );
#6005 = VECTOR ( 'NONE', #9349, 1000.000000000000000 ) ;
#6006 = VERTEX_POINT ( 'NONE', #9200 ) ;
#6007 = PLANE ( 'NONE',  #655 ) ;
#6008 = EDGE_LOOP ( 'NONE', ( #8261, #9278, #2768, #8457 ) ) ;
#6009 = DIRECTION ( 'NONE',  ( -2.168404344971008079E-15, 0.000000000000000000, 1.000000000000000000 ) ) ;
#6010 = CARTESIAN_POINT ( 'NONE',  ( -0.3700000000000001066, 0.2000000000000000111, -2.500000000000000444 ) ) ;
#6011 = AXIS2_PLACEMENT_3D ( 'NONE', #7531, #1401, #8522 ) ;
#6012 = VECTOR ( 'NONE', #4871, 1000.000000000000000 ) ;
#6013 = EDGE_CURVE ( 'NONE', #644, #7963, #764, .T. ) ;
#6014 = EDGE_LOOP ( 'NONE', ( #5400, #6586, #932, #6408 ) ) ;
#6015 = ORIENTED_EDGE ( 'NONE', *, *, #2283, .T. ) ;
#6016 = CARTESIAN_POINT ( 'NONE',  ( 0.6299999999999996714, 0.2000000000000005107, -2.500000000000000444 ) ) ;
#6017 = DIRECTION ( 'NONE',  ( 0.000000000000000000, 0.000000000000000000, -1.000000000000000000 ) ) ;
#6018 = PLANE ( 'NONE',  #7187 ) ;
#6019 = DIRECTION ( 'NONE',  ( -0.000000000000000000, -1.000000000000000000, -0.000000000000000000 ) ) ;
#6020 = LINE ( 'NONE', #1782, #296 ) ;
#6021 = CARTESIAN_POINT ( 'NONE',  ( -2.100000000000001865, 0.000000000000000000, -1.370000000000001883 ) ) ;
#6022 = LINE ( 'NONE', #7583, #8517 ) ;
#6023 = ORIENTED_EDGE ( 'NONE', *, *, #1890, .F. ) ;
#6024 = VECTOR ( 'NONE', #3084, 1000.000000000000000 ) ;
#6025 = ORIENTED_EDGE ( 'NONE', *, *, #5700, .F. ) ;
#6026 = EDGE_CURVE ( 'NONE', #3812, #8112, #1008, .T. ) ;
#6027 = ADVANCED_FACE ( 'NONE', ( #5986 ), #7979, .F. ) ;
#6028 = DIRECTION ( 'NONE',  ( -3.614007241618342065E-15, 0.000000000000000000, -1.000000000000000000 ) ) ;
#6029 = CARTESIAN_POINT ( 'NONE',  ( -0.6299999999999936762, 0.05000000000000000278, -1.366094737331721387E-15 ) ) ;
#6030 = CARTESIAN_POINT ( 'NONE',  ( 2.100000000000001865, 0.1999999999999999833, -0.8700000000000018829 ) ) ;
#6031 = VECTOR ( 'NONE', #755, 1000.000000000000000 ) ;
#6032 = DIRECTION ( 'NONE',  ( -1.000000000000000000, 0.000000000000000000, 2.710505431213760691E-15 ) ) ;
#6033 = LINE ( 'NONE', #9679, #9362 ) ;
#6034 = VERTEX_POINT ( 'NONE', #7022 ) ;
#6035 = LINE ( 'NONE', #357, #5524 ) ;
#6036 = VERTEX_POINT ( 'NONE', #868 ) ;
#6037 = DIRECTION ( 'NONE',  ( 0.000000000000000000, -0.000000000000000000, 1.000000000000000000 ) ) ;
#6038 = DIRECTION ( 'NONE',  ( 0.000000000000000000, -0.000000000000000000, -1.000000000000000000 ) ) ;
#6039 = ORIENTED_EDGE ( 'NONE', *, *, #9235, .T. ) ;
#6040 = EDGE_CURVE ( 'NONE', #6423, #9762, #4158, .T. ) ;
#6041 = CARTESIAN_POINT ( 'NONE',  ( -2.100000000000001865, 0.000000000000000000, 1.869999999999999662 ) ) ;
#6042 = FACE_OUTER_BOUND ( 'NONE', #6806, .T. ) ;
#6043 = ADVANCED_FACE ( 'NONE', ( #32 ), #6438, .T. ) ;
#6044 = MECHANICAL_DESIGN_GEOMETRIC_PRESENTATION_REPRESENTATION (  '', ( #2355 ), #4987 ) ;
#6045 = CARTESIAN_POINT ( 'NONE',  ( 0.6300000000000003375, 0.2000000000000000111, 2.100000000000000977 ) ) ;
#6046 = CARTESIAN_POINT ( 'NONE',  ( -0.6299999999999985612, 0.2000000000000000111, -2.100000000000000089 ) ) ;
#6047 = VECTOR ( 'NONE', #7930, 1000.000000000000000 ) ;
#6048 = ORIENTED_EDGE ( 'NONE', *, *, #1370, .F. ) ;
#6049 = LINE ( 'NONE', #5704, #5198 ) ;
#6050 = ORIENTED_EDGE ( 'NONE', *, *, #8231, .T. ) ;
#6051 = DIRECTION ( 'NONE',  ( -1.000000000000000000, 0.000000000000000000, -0.000000000000000000 ) ) ;
#6052 = VECTOR ( 'NONE', #6757, 1000.000000000000000 ) ;
#6053 =( GEOMETRIC_REPRESENTATION_CONTEXT ( 3 ) GLOBAL_UNCERTAINTY_ASSIGNED_CONTEXT ( ( #1690 ) ) GLOBAL_UNIT_ASSIGNED_CONTEXT ( ( #5235, #1380, #8220 ) ) REPRESENTATION_CONTEXT ( 'NONE', 'WORKASPACE' ) );
#6054 = EDGE_LOOP ( 'NONE', ( #4661, #7867, #7010, #6922 ) ) ;
#6055 = DIRECTION ( 'NONE',  ( 5.421010862427520198E-16, 0.000000000000000000, 1.000000000000000000 ) ) ;
#6056 = LINE ( 'NONE', #3463, #599 ) ;
#6057 = EDGE_CURVE ( 'NONE', #1108, #3396, #5008, .T. ) ;
#6058 = ORIENTED_EDGE ( 'NONE', *, *, #126, .F. ) ;
#6059 = LINE ( 'NONE', #6735, #4587 ) ;
#6060 = DIRECTION ( 'NONE',  ( 0.000000000000000000, 1.000000000000000000, 0.000000000000000000 ) ) ;
#6061 = DIRECTION ( 'NONE',  ( 0.000000000000000000, 0.000000000000000000, -1.000000000000000000 ) ) ;
#6062 = VERTEX_POINT ( 'NONE', #8612 ) ;
#6063 = DIRECTION ( 'NONE',  ( -1.000000000000000000, 0.000000000000000000, 0.000000000000000000 ) ) ;
#6064 = AXIS2_PLACEMENT_3D ( 'NONE', #1004, #6414, #1780 ) ;
#6065 = DIRECTION ( 'NONE',  ( -0.000000000000000000, -1.000000000000000000, -0.000000000000000000 ) ) ;
#6066 = FACE_OUTER_BOUND ( 'NONE', #385, .T. ) ;
#6067 = ORIENTED_EDGE ( 'NONE', *, *, #8658, .T. ) ;
#6068 = LINE ( 'NONE', #4941, #2680 ) ;
#6069 = CARTESIAN_POINT ( 'NONE',  ( -1.629999999999998117, 0.6664761515876257425, 2.100000000000000089 ) ) ;
#6070 = CARTESIAN_POINT ( 'NONE',  ( -0.1299999999999996991, 0.1999999999999999833, -2.500000000000000444 ) ) ;
#6071 = ORIENTED_EDGE ( 'NONE', *, *, #5192, .F. ) ;
#6072 = DIRECTION ( 'NONE',  ( 0.000000000000000000, 0.000000000000000000, -1.000000000000000000 ) ) ;
#6073 = CARTESIAN_POINT ( 'NONE',  ( -0.1299999999999986167, 0.000000000000000000, -2.100000000000000089 ) ) ;
#6074 = LINE ( 'NONE', #579, #3993 ) ;
#6075 = AXIS2_PLACEMENT_3D ( 'NONE', #9700, #7286, #2123 ) ;
#6076 = ORIENTED_EDGE ( 'NONE', *, *, #6920, .F. ) ;
#6077 = FACE_OUTER_BOUND ( 'NONE', #1439, .T. ) ;
#6078 = ORIENTED_EDGE ( 'NONE', *, *, #3650, .F. ) ;
#6079 = EDGE_CURVE ( 'NONE', #4902, #4313, #1988, .T. ) ;
#6080 = PLANE ( 'NONE',  #6164 ) ;
#6081 = LINE ( 'NONE', #2564, #1105 ) ;
#6083 = ADVANCED_FACE ( 'NONE', ( #9435 ), #124, .F. ) ;
#6082 = LINE ( 'NONE', #51, #4494 ) ;
#6084 = ORIENTED_EDGE ( 'NONE', *, *, #2858, .F. ) ;
#6085 = DIRECTION ( 'NONE',  ( 0.000000000000000000, 0.000000000000000000, -1.000000000000000000 ) ) ;
#6086 = EDGE_CURVE ( 'NONE', #5520, #9179, #1262, .T. ) ;
#6087 = FACE_OUTER_BOUND ( 'NONE', #1513, .T. ) ;
#6088 = EDGE_CURVE ( 'NONE', #6592, #4221, #5730, .T. ) ;
#6089 = CARTESIAN_POINT ( 'NONE',  ( -0.6299999999999985612, 0.6664761515876257425, -2.100000000000000089 ) ) ;
#6090 = EDGE_LOOP ( 'NONE', ( #2346, #7770, #9899, #6673 ) ) ;
#6091 = EDGE_LOOP ( 'NONE', ( #9383, #6441, #8986, #1344 ) ) ;
#6092 = ADVANCED_FACE ( 'NONE', ( #5129 ), #3279, .F. ) ;
#6093 = ORIENTED_EDGE ( 'NONE', *, *, #3354, .F. ) ;
#6094 = LINE ( 'NONE', #939, #1718 ) ;
#6095 = CARTESIAN_POINT ( 'NONE',  ( -0.8700000000000001066, 0.2000000000000000111, -2.100000000000000089 ) ) ;
#6096 = CARTESIAN_POINT ( 'NONE',  ( -2.100000000000001865, 0.05000000000000002359, 0.8699999999999996625 ) ) ;
#6097 = EDGE_LOOP ( 'NONE', ( #7287, #6543, #1541, #6025 ) ) ;
#6098 = DIRECTION ( 'NONE',  ( 0.000000000000000000, 0.000000000000000000, -1.000000000000000000 ) ) ;
#6099 = EDGE_CURVE ( 'NONE', #3391, #2707, #6934, .T. ) ;
#6100 = VECTOR ( 'NONE', #2544, 1000.000000000000000 ) ;
#6101 = VERTEX_POINT ( 'NONE', #2611 ) ;
#6102 = FACE_OUTER_BOUND ( 'NONE', #3491, .T. ) ;
#6103 = SURFACE_STYLE_USAGE ( .BOTH. , #6937 ) ;
#6104 = CARTESIAN_POINT ( 'NONE',  ( -1.370000000000000107, 0.000000000000000000, -2.100000000000000089 ) ) ;
#6105 = ORIENTED_EDGE ( 'NONE', *, *, #8915, .T. ) ;
#6106 = AXIS2_PLACEMENT_3D ( 'NONE', #2062, #1253, #3584 ) ;
#6107 = VECTOR ( 'NONE', #7724, 1000.000000000000000 ) ;
#6108 = ORIENTED_EDGE ( 'NONE', *, *, #3366, .F. ) ;
#6109 = EDGE_CURVE ( 'NONE', #7434, #5520, #5477, .T. ) ;
#6110 = ORIENTED_EDGE ( 'NONE', *, *, #4495, .F. ) ;
#6111 = CARTESIAN_POINT ( 'NONE',  ( 0.000000000000000000, 0.05000000000000000278, 1.869999999999999662 ) ) ;
#6112 = AXIS2_PLACEMENT_3D ( 'NONE', #4170, #9604, #1056 ) ;
#6113 = ORIENTED_EDGE ( 'NONE', *, *, #6040, .F. ) ;
#6114 = FACE_OUTER_BOUND ( 'NONE', #9145, .T. ) ;
#6115 = DIRECTION ( 'NONE',  ( -0.000000000000000000, -1.000000000000000000, -0.000000000000000000 ) ) ;
#6116 = VECTOR ( 'NONE', #9504, 1000.000000000000000 ) ;
#6117 = EDGE_LOOP ( 'NONE', ( #6985, #8475, #5351, #8318 ) ) ;
#6118 = CARTESIAN_POINT ( 'NONE',  ( 1.370000000000001439, 0.000000000000000000, -2.100000000000000089 ) ) ;
#6119 = ORIENTED_EDGE ( 'NONE', *, *, #4037, .F. ) ;
#6120 = CARTESIAN_POINT ( 'NONE',  ( -2.500000000000001332, 0.2000000000000005107, -0.1300000000000003375 ) ) ;
#6121 = FACE_OUTER_BOUND ( 'NONE', #9122, .T. ) ;
#6122 = ADVANCED_FACE ( 'NONE', ( #4998 ), #7155, .F. ) ;
#6123 = DIRECTION ( 'NONE',  ( -2.168404344971008079E-15, 0.000000000000000000, 1.000000000000000000 ) ) ;
#6124 = CARTESIAN_POINT ( 'NONE',  ( -2.500000000000002220, 0.6664761515876249653, 0.3699999999999996625 ) ) ;
#6126 = VECTOR ( 'NONE', #1203, 1000.000000000000000 ) ;
#6125 =( GEOMETRIC_REPRESENTATION_CONTEXT ( 3 ) GLOBAL_UNCERTAINTY_ASSIGNED_CONTEXT ( ( #384 ) ) GLOBAL_UNIT_ASSIGNED_CONTEXT ( ( #2670, #5721, #1971 ) ) REPRESENTATION_CONTEXT ( 'NONE', 'WORKASPACE' ) );
#6127 = PLANE ( 'NONE',  #3233 ) ;
#6128 = VECTOR ( 'NONE', #58, 1000.000000000000000 ) ;
#6129 = CLOSED_SHELL ( 'NONE', ( #133, #4953, #7618, #4299, #9976, #5414 ) ) ;
#6130 = EDGE_CURVE ( 'NONE', #9213, #860, #8124, .T. ) ;
#6131 = CARTESIAN_POINT ( 'NONE',  ( -0.6299999999999990052, 0.1999999999999999833, 2.500000000000000444 ) ) ;
#6132 = ORIENTED_EDGE ( 'NONE', *, *, #1498, .F. ) ;
#6133 = CARTESIAN_POINT ( 'NONE',  ( -1.799999999999999600, 0.1999999999999996503, -1.800000000000000266 ) ) ;
#6134 = DIRECTION ( 'NONE',  ( -5.421010862427520198E-16, 0.000000000000000000, -1.000000000000000000 ) ) ;
#6135 = LINE ( 'NONE', #2679, #7207 ) ;
#6136 = ADVANCED_FACE ( 'NONE', ( #4742 ), #9195, .F. ) ;
#6137 = FACE_OUTER_BOUND ( 'NONE', #7609, .T. ) ;
#6138 = ORIENTED_EDGE ( 'NONE', *, *, #3282, .T. ) ;
#6139 = DIRECTION ( 'NONE',  ( -0.000000000000000000, -1.000000000000000000, -0.000000000000000000 ) ) ;
#6140 = ORIENTED_EDGE ( 'NONE', *, *, #6057, .T. ) ;
#6141 = AXIS2_PLACEMENT_3D ( 'NONE', #4821, #9389, #5673 ) ;
#6142 = EDGE_CURVE ( 'NONE', #9762, #5612, #648, .T. ) ;
#6143 = VECTOR ( 'NONE', #9628, 1000.000000000000000 ) ;
#6144 = LINE ( 'NONE', #1082, #5641 ) ;
#6145 = EDGE_LOOP ( 'NONE', ( #4527, #5865, #1445, #5190 ) ) ;
#6146 = FACE_OUTER_BOUND ( 'NONE', #9252, .T. ) ;
#6147 = ORIENTED_EDGE ( 'NONE', *, *, #5347, .T. ) ;
#6148 = CARTESIAN_POINT ( 'NONE',  ( 1.000000000000000000, 0.2000000000000000111, 0.000000000000000000 ) ) ;
#6149 = ORIENTED_EDGE ( 'NONE', *, *, #5132, .T. ) ;
#6150 = DIRECTION ( 'NONE',  ( 0.000000000000000000, 0.000000000000000000, 1.000000000000000000 ) ) ;
#6151 = LINE ( 'NONE', #7571, #3247 ) ;
#6152 = EDGE_LOOP ( 'NONE', ( #9244, #3978, #2254, #2736 ) ) ;
#6153 = LINE ( 'NONE', #8218, #5303 ) ;
#6154 = EDGE_CURVE ( 'NONE', #8560, #3520, #3916, .T. ) ;
#6155 = EDGE_LOOP ( 'NONE', ( #5691, #1957, #6397, #9561 ) ) ;
#6156 = CARTESIAN_POINT ( 'NONE',  ( -0.8700000000000001066, 0.2000000000000000111, -2.100000000000000089 ) ) ;
#6157 = DIRECTION ( 'NONE',  ( 1.000000000000000000, 0.000000000000000000, -3.614007241618325499E-15 ) ) ;
#6158 = DIRECTION ( 'NONE',  ( 0.000000000000000000, 0.000000000000000000, -1.000000000000000000 ) ) ;
#6159 = PLANE ( 'NONE',  #1889 ) ;
#6160 = VECTOR ( 'NONE', #9503, 1000.000000000000000 ) ;
#6161 = EDGE_LOOP ( 'NONE', ( #3740, #2091, #4214, #5622 ) ) ;
#6162 = ORIENTED_EDGE ( 'NONE', *, *, #2691, .F. ) ;
#6163 = CARTESIAN_POINT ( 'NONE',  ( 0.000000000000000000, 0.000000000000000000, 0.000000000000000000 ) ) ;
#6164 = AXIS2_PLACEMENT_3D ( 'NONE', #620, #8300, #3065 ) ;
#6165 = ORIENTED_EDGE ( 'NONE', *, *, #4320, .T. ) ;
#6166 = LINE ( 'NONE', #8479, #4814 ) ;
#6167 = ORIENTED_EDGE ( 'NONE', *, *, #232, .T. ) ;
#6168 = EDGE_CURVE ( 'NONE', #9896, #8309, #9808, .T. ) ;
#6169 = MANIFOLD_SOLID_BREP ( 'LPattern3[13]', #9842 ) ;
#6170 = ORIENTED_EDGE ( 'NONE', *, *, #1213, .F. ) ;
#6171 = AXIS2_PLACEMENT_3D ( 'NONE', #1985, #356, #1918 ) ;
#6172 = DIRECTION ( 'NONE',  ( -0.000000000000000000, -0.000000000000000000, 1.000000000000000000 ) ) ;
#6173 = LINE ( 'NONE', #4956, #960 ) ;
#6174 = ORIENTED_EDGE ( 'NONE', *, *, #6013, .F. ) ;
#6175 = ADVANCED_FACE ( 'NONE', ( #7414 ), #9993, .T. ) ;
#6176 = FACE_OUTER_BOUND ( 'NONE', #8129, .T. ) ;
#6177 = ORIENTED_EDGE ( 'NONE', *, *, #946, .F. ) ;
#6178 = VECTOR ( 'NONE', #1721, 1000.000000000000000 ) ;
#6179 = ORIENTED_EDGE ( 'NONE', *, *, #2997, .T. ) ;
#6180 = CARTESIAN_POINT ( 'NONE',  ( -1.629999999999993010, 0.05000000000000000278, 4.418123852878411636E-15 ) ) ;
#6181 = PLANE ( 'NONE',  #2102 ) ;
#6182 = COLOUR_RGB ( '',0.7921568627450980005, 0.8196078431372548767, 0.9333333333333333481 ) ;
#6183 = ORIENTED_EDGE ( 'NONE', *, *, #2396, .F. ) ;
#6184 = CARTESIAN_POINT ( 'NONE',  ( 0.000000000000000000, 0.2000000000000000111, 0.000000000000000000 ) ) ;
#6185 = VECTOR ( 'NONE', #5386, 1000.000000000000000 ) ;
#6186 = VERTEX_POINT ( 'NONE', #8511 ) ;
#6187 = ADVANCED_FACE ( 'NONE', ( #7639 ), #9285, .T. ) ;
#6188 = EDGE_CURVE ( 'NONE', #5612, #8241, #1723, .T. ) ;
#6189 = FACE_OUTER_BOUND ( 'NONE', #1117, .T. ) ;
#6190 = PLANE ( 'NONE',  #2160 ) ;
#6191 = CARTESIAN_POINT ( 'NONE',  ( 2.500000000000002220, 0.000000000000000000, 0.1299999999999981726 ) ) ;
#6192 = ORIENTED_EDGE ( 'NONE', *, *, #3843, .F. ) ;
#6193 = DIRECTION ( 'NONE',  ( -0.000000000000000000, -1.000000000000000000, -0.000000000000000000 ) ) ;
#6194 = CARTESIAN_POINT ( 'NONE',  ( -2.100000000000001865, 0.1999999999999999833, 0.8699999999999996625 ) ) ;
#6195 = CARTESIAN_POINT ( 'NONE',  ( -2.100000000000001865, 0.6664761515876249653, -1.630000000000000338 ) ) ;
#6196 = CARTESIAN_POINT ( 'NONE',  ( -2.100000000000001865, 0.000000000000000000, 0.6299999999999982281 ) ) ;
#6197 = LINE ( 'NONE', #179, #4134 ) ;
#6198 = STYLED_ITEM ( 'NONE', ( #5907 ), #4788 ) ;
#6199 = ORIENTED_EDGE ( 'NONE', *, *, #1695, .T. ) ;
#6200 = ORIENTED_EDGE ( 'NONE', *, *, #7429, .T. ) ;
#6201 = EDGE_CURVE ( 'NONE', #1688, #264, #1980, .T. ) ;
#6202 = PLANE ( 'NONE',  #9807 ) ;
#6203 = VECTOR ( 'NONE', #362, 1000.000000000000000 ) ;
#6204 = ORIENTED_EDGE ( 'NONE', *, *, #2819, .T. ) ;
#6205 = CARTESIAN_POINT ( 'NONE',  ( 2.500000000000002220, 0.000000000000000000, 1.129999999999998117 ) ) ;
#6206 = CARTESIAN_POINT ( 'NONE',  ( 2.500000000000002220, 0.1999999999999999833, 0.3699999999999996625 ) ) ;
#6207 = VECTOR ( 'NONE', #9613, 1000.000000000000000 ) ;
#6208 = ORIENTED_EDGE ( 'NONE', *, *, #1872, .F. ) ;
#6209 = EDGE_CURVE ( 'NONE', #1691, #6246, #3186, .T. ) ;
#6210 = CARTESIAN_POINT ( 'NONE',  ( -2.500000000000002220, 0.04999999999999969746, 0.8699999999999996625 ) ) ;
#6211 = FACE_OUTER_BOUND ( 'NONE', #3514, .T. ) ;
#6212 = DIRECTION ( 'NONE',  ( 1.000000000000000000, 0.000000000000000000, -5.421010862427520198E-16 ) ) ;
#6213 = VERTEX_POINT ( 'NONE', #3792 ) ;
#6214 = ADVANCED_FACE ( 'NONE', ( #9917 ), #6190, .F. ) ;
#6216 = LINE ( 'NONE', #6625, #5373 ) ;
#6215 = AXIS2_PLACEMENT_3D ( 'NONE', #10013, #7003, #5415 ) ;
#6217 = ORIENTED_EDGE ( 'NONE', *, *, #1975, .F. ) ;
#6218 = CARTESIAN_POINT ( 'NONE',  ( -2.100000000000001865, 0.1999999999999999833, -0.1300000000000003375 ) ) ;
#6219 = UNCERTAINTY_MEASURE_WITH_UNIT (LENGTH_MEASURE( 1.000000000000000082E-05 ), #9672, 'distance_accuracy_value', 'NONE');
#6220 = LINE ( 'NONE', #6738, #5470 ) ;
#6221 = ORIENTED_EDGE ( 'NONE', *, *, #370, .T. ) ;
#6222 = EDGE_CURVE ( 'NONE', #355, #8932, #7764, .T. ) ;
#6223 = FILL_AREA_STYLE_COLOUR ( '', #1982 ) ;
#6224 = EDGE_LOOP ( 'NONE', ( #3411, #2527, #9593, #8062 ) ) ;
#6225 = EDGE_CURVE ( 'NONE', #4282, #7817, #1381, .T. ) ;
#6226 = SURFACE_SIDE_STYLE ('',( #665 ) ) ;
#6227 = COLOUR_RGB ( '',0.7921568627450980005, 0.8196078431372548767, 0.9333333333333333481 ) ;
#6228 = ORIENTED_EDGE ( 'NONE', *, *, #1465, .F. ) ;
#6229 = ADVANCED_FACE ( 'NONE', ( #1133 ), #3699, .F. ) ;
#6230 = ORIENTED_EDGE ( 'NONE', *, *, #1028, .F. ) ;
#6231 = CARTESIAN_POINT ( 'NONE',  ( -0.1299999999999986167, 0.000000000000000000, -2.100000000000000089 ) ) ;
#6232 = CARTESIAN_POINT ( 'NONE',  ( 1.629999999999999893, 0.2000000000000005107, -2.500000000000000444 ) ) ;
#6233 = VECTOR ( 'NONE', #5527, 1000.000000000000000 ) ;
#6234 = EDGE_CURVE ( 'NONE', #5917, #8518, #6323, .T. ) ;
#6235 = LINE ( 'NONE', #5533, #6005 ) ;
#6236 = ORIENTED_EDGE ( 'NONE', *, *, #7753, .T. ) ;
#6237 = DIRECTION ( 'NONE',  ( -1.000000000000000000, 0.000000000000000000, -2.168404344971008079E-15 ) ) ;
#6238 = ORIENTED_EDGE ( 'NONE', *, *, #5381, .T. ) ;
#6239 = DIRECTION ( 'NONE',  ( 0.000000000000000000, 1.000000000000000000, 0.000000000000000000 ) ) ;
#6240 = AXIS2_PLACEMENT_3D ( 'NONE', #3731, #6028, #4408 ) ;
#6241 = CARTESIAN_POINT ( 'NONE',  ( -2.100000000000001865, 0.6664761515876249653, 1.369999999999999662 ) ) ;
#6242 = DIRECTION ( 'NONE',  ( 0.000000000000000000, -1.000000000000000000, 0.000000000000000000 ) ) ;
#6243 = LINE ( 'NONE', #8301, #2018 ) ;
#6244 = FACE_OUTER_BOUND ( 'NONE', #3004, .T. ) ;
#6245 = ORIENTED_EDGE ( 'NONE', *, *, #1015, .F. ) ;
#6246 = VERTEX_POINT ( 'NONE', #1885 ) ;
#6247 = DIRECTION ( 'NONE',  ( -1.000000000000000000, 0.000000000000000000, -2.168404344971008079E-15 ) ) ;
#6248 = DIRECTION ( 'NONE',  ( 0.000000000000000000, -1.000000000000000000, 0.000000000000000000 ) ) ;
#6249 = CARTESIAN_POINT ( 'NONE',  ( -1.129999999999999671, 0.2000000000000000111, -2.500000000000000444 ) ) ;
#6250 = DIRECTION ( 'NONE',  ( 0.000000000000000000, -0.000000000000000000, 1.000000000000000000 ) ) ;
#6251 = DIRECTION ( 'NONE',  ( 0.000000000000000000, 0.000000000000000000, -1.000000000000000000 ) ) ;
#6252 = EDGE_CURVE ( 'NONE', #3386, #3391, #9310, .T. ) ;
#6253 = FACE_OUTER_BOUND ( 'NONE', #1850, .T. ) ;
#6254 = ORIENTED_EDGE ( 'NONE', *, *, #4223, .F. ) ;
#6255 = LINE ( 'NONE', #3705, #6748 ) ;
#6256 = DIRECTION ( 'NONE',  ( 0.000000000000000000, 1.000000000000000000, 0.000000000000000000 ) ) ;
#6257 = ORIENTED_EDGE ( 'NONE', *, *, #8556, .F. ) ;
#6258 = LINE ( 'NONE', #7596, #9357 ) ;
#6259 = DIRECTION ( 'NONE',  ( 0.000000000000000000, 1.000000000000000000, 0.000000000000000000 ) ) ;
#6260 = EDGE_CURVE ( 'NONE', #3276, #7029, #8587, .T. ) ;
#6261 = ORIENTED_EDGE ( 'NONE', *, *, #8565, .F. ) ;
#6262 = LINE ( 'NONE', #2338, #3370 ) ;
#6263 = ADVANCED_FACE ( 'NONE', ( #5595 ), #2319, .T. ) ;
#6264 = ORIENTED_EDGE ( 'NONE', *, *, #2293, .F. ) ;
#6265 = EDGE_CURVE ( 'NONE', #39, #3973, #6825, .T. ) ;
#6266 = ORIENTED_EDGE ( 'NONE', *, *, #1653, .F. ) ;
#6267 = PLANE ( 'NONE',  #284 ) ;
#6268 = DIRECTION ( 'NONE',  ( -0.000000000000000000, -1.000000000000000000, -0.000000000000000000 ) ) ;
#6269 = COLOUR_RGB ( '',0.7921568627450980005, 0.8196078431372548767, 0.9333333333333333481 ) ;
#6270 = PLANE ( 'NONE',  #3667 ) ;
#6271 = ORIENTED_EDGE ( 'NONE', *, *, #5714, .F. ) ;
#6272 = ORIENTED_EDGE ( 'NONE', *, *, #8776, .F. ) ;
#6273 = ADVANCED_FACE ( 'NONE', ( #3303 ), #6000, .F. ) ;
#6274 = EDGE_LOOP ( 'NONE', ( #6860, #5774, #5708, #687 ) ) ;
#6275 = ORIENTED_EDGE ( 'NONE', *, *, #6340, .T. ) ;
#6276 = EDGE_CURVE ( 'NONE', #4313, #2066, #2228, .T. ) ;
#6277 = LINE ( 'NONE', #7208, #3643 ) ;
#6278 = ORIENTED_EDGE ( 'NONE', *, *, #2237, .F. ) ;
#6279 = VECTOR ( 'NONE', #1490, 1000.000000000000000 ) ;
#6280 = DIRECTION ( 'NONE',  ( 1.000000000000000000, 0.000000000000000000, 0.000000000000000000 ) ) ;
#6281 = DIRECTION ( 'NONE',  ( 1.000000000000000000, 0.000000000000000000, -0.000000000000000000 ) ) ;
#6282 = CARTESIAN_POINT ( 'NONE',  ( -2.500000000000000888, 0.8999999999999998002, 2.499999999999999556 ) ) ;
#6283 = ORIENTED_EDGE ( 'NONE', *, *, #9633, .F. ) ;
#6284 = DIRECTION ( 'NONE',  ( -1.000000000000000000, 0.000000000000000000, -0.000000000000000000 ) ) ;
#6285 = DIRECTION ( 'NONE',  ( -0.000000000000000000, 0.000000000000000000, 1.000000000000000000 ) ) ;
#6286 = LINE ( 'NONE', #7294, #6892 ) ;
#6287 = AXIS2_PLACEMENT_3D ( 'NONE', #7020, #2407, #2445 ) ;
#6288 = ORIENTED_EDGE ( 'NONE', *, *, #2655, .T. ) ;
#6289 = LINE ( 'NONE', #2356, #2985 ) ;
#6290 = EDGE_CURVE ( 'NONE', #9294, #7239, #7166, .T. ) ;
#6291 = AXIS2_PLACEMENT_3D ( 'NONE', #5554, #7104, #5651 ) ;
#6292 = ORIENTED_EDGE ( 'NONE', *, *, #8170, .F. ) ;
#6293 = AXIS2_PLACEMENT_3D ( 'NONE', #1801, #5693, #3363 ) ;
#6294 = CARTESIAN_POINT ( 'NONE',  ( 2.100000000000001865, 0.000000000000000000, 0.3699999999999996625 ) ) ;
#6295 = FACE_OUTER_BOUND ( 'NONE', #3321, .T. ) ;
#6296 = ORIENTED_EDGE ( 'NONE', *, *, #6591, .T. ) ;
#6297 = VECTOR ( 'NONE', #2878, 1000.000000000000000 ) ;
#6298 = VERTEX_POINT ( 'NONE', #1016 ) ;
#6299 = CARTESIAN_POINT ( 'NONE',  ( 2.100000000000001865, 0.000000000000000000, 1.129999999999998117 ) ) ;
#6300 = CARTESIAN_POINT ( 'NONE',  ( -0.6299999999999990052, 0.000000000000000000, 2.500000000000000444 ) ) ;
#6301 = VECTOR ( 'NONE', #1943, 1000.000000000000000 ) ;
#6302 = DIRECTION ( 'NONE',  ( -1.000000000000000000, 0.000000000000000000, -2.168404344971008079E-15 ) ) ;
#6303 = LINE ( 'NONE', #2404, #3778 ) ;
#6304 = AXIS2_PLACEMENT_3D ( 'NONE', #6241, #5727, #3403 ) ;
#6305 = EDGE_LOOP ( 'NONE', ( #2626, #9827, #6840, #4988 ) ) ;
#6306 = EDGE_CURVE ( 'NONE', #6714, #408, #2104, .T. ) ;
#6307 = LINE ( 'NONE', #9247, #5354 ) ;
#6308 = ADVANCED_FACE ( 'NONE', ( #8358 ), #6772, .F. ) ;
#6309 = CARTESIAN_POINT ( 'NONE',  ( 2.100000000000001865, 0.6664761515876249653, 1.629999999999998117 ) ) ;
#6310 = CARTESIAN_POINT ( 'NONE',  ( -2.500000000000002220, 0.6664761515876249653, 1.369999999999999662 ) ) ;
#6311 = VERTEX_POINT ( 'NONE', #8821 ) ;
#6312 = DIRECTION ( 'NONE',  ( -0.000000000000000000, -1.000000000000000000, -0.000000000000000000 ) ) ;
#6313 = DIRECTION ( 'NONE',  ( 0.000000000000000000, -1.000000000000000000, 0.000000000000000000 ) ) ;
#6314 = ORIENTED_EDGE ( 'NONE', *, *, #6356, .T. ) ;
#6315 = CARTESIAN_POINT ( 'NONE',  ( -2.500000000000002220, 0.000000000000000000, 1.129999999999998117 ) ) ;
#6316 = DIRECTION ( 'NONE',  ( 0.000000000000000000, 0.000000000000000000, -1.000000000000000000 ) ) ;
#6317 = DIRECTION ( 'NONE',  ( 0.000000000000000000, -0.000000000000000000, 1.000000000000000000 ) ) ;
#6318 = VERTEX_POINT ( 'NONE', #7261 ) ;
#6319 = EDGE_CURVE ( 'NONE', #5362, #6837, #5977, .T. ) ;
#6321 = ADVANCED_FACE ( 'NONE', ( #4629 ), #3474, .T. ) ;
#6320 = ORIENTED_EDGE ( 'NONE', *, *, #4353, .T. ) ;
#6322 = DIRECTION ( 'NONE',  ( -0.000000000000000000, 0.000000000000000000, -1.000000000000000000 ) ) ;
#6323 = LINE ( 'NONE', #534, #8848 ) ;
#6324 = ORIENTED_EDGE ( 'NONE', *, *, #8990, .T. ) ;
#6325 = CARTESIAN_POINT ( 'NONE',  ( -1.629999999999999005, 0.6664761515876257425, 2.500000000000000444 ) ) ;
#6326 = VECTOR ( 'NONE', #1557, 1000.000000000000000 ) ;
#6327 = ORIENTED_EDGE ( 'NONE', *, *, #9741, .F. ) ;
#6328 = EDGE_CURVE ( 'NONE', #1128, #5584, #24, .T. ) ;
#6329 = CARTESIAN_POINT ( 'NONE',  ( 2.100000000000001865, 0.6664761515876249653, -0.3700000000000018274 ) ) ;
#6330 = SURFACE_SIDE_STYLE ('',( #8817 ) ) ;
#6331 = EDGE_LOOP ( 'NONE', ( #9957, #6564, #3026, #3324 ) ) ;
#6332 = ORIENTED_EDGE ( 'NONE', *, *, #8280, .F. ) ;
#6333 = EDGE_LOOP ( 'NONE', ( #9335, #9937, #3657, #7762 ) ) ;
#6334 = VECTOR ( 'NONE', #3235, 1000.000000000000000 ) ;
#6335 = DIRECTION ( 'NONE',  ( 0.000000000000000000, -0.000000000000000000, 1.000000000000000000 ) ) ;
#6336 = CARTESIAN_POINT ( 'NONE',  ( -1.629999999999998117, 0.000000000000000000, 2.100000000000000089 ) ) ;
#6337 = DIRECTION ( 'NONE',  ( 0.000000000000000000, -0.000000000000000000, -1.000000000000000000 ) ) ;
#6338 = VECTOR ( 'NONE', #6974, 1000.000000000000000 ) ;
#6339 = CLOSED_SHELL ( 'NONE', ( #3217, #9459, #9283, #9309, #8336, #2698 ) ) ;
#6340 = EDGE_CURVE ( 'NONE', #4221, #2409, #7521, .T. ) ;
#6341 = CARTESIAN_POINT ( 'NONE',  ( -0.1299999999999990330, 0.04999999999999969746, 2.500000000000000444 ) ) ;
#6342 = ORIENTED_EDGE ( 'NONE', *, *, #5862, .F. ) ;
#6343 = CARTESIAN_POINT ( 'NONE',  ( 2.100000000000001865, 0.1999999999999999833, 1.369999999999999662 ) ) ;
#6344 = LINE ( 'NONE', #6124, #4308 ) ;
#6345 = VECTOR ( 'NONE', #560, 1000.000000000000000 ) ;
#6346 = ORIENTED_EDGE ( 'NONE', *, *, #1278, .T. ) ;
#6347 = CARTESIAN_POINT ( 'NONE',  ( 1.370000000000001883, 0.6664761515876257425, 2.100000000000000089 ) ) ;
#6348 = ORIENTED_EDGE ( 'NONE', *, *, #5313, .T. ) ;
#6349 = ADVANCED_FACE ( 'NONE', ( #2588 ), #5394, .T. ) ;
#6350 = VECTOR ( 'NONE', #7425, 1000.000000000000000 ) ;
#6351 = AXIS2_PLACEMENT_3D ( 'NONE', #9541, #6615, #8811 ) ;
#6352 = SURFACE_STYLE_USAGE ( .BOTH. , #958 ) ;
#6353 = VECTOR ( 'NONE', #9732, 1000.000000000000000 ) ;
#6354 = ORIENTED_EDGE ( 'NONE', *, *, #1536, .F. ) ;
#6355 = VECTOR ( 'NONE', #7052, 1000.000000000000000 ) ;
#6356 = EDGE_CURVE ( 'NONE', #8234, #4447, #8240, .T. ) ;
#6357 = ORIENTED_EDGE ( 'NONE', *, *, #9159, .T. ) ;
#6358 = PLANE ( 'NONE',  #791 ) ;
#6359 = DIRECTION ( 'NONE',  ( -2.168404344971008079E-15, 0.000000000000000000, 1.000000000000000000 ) ) ;
#6360 = VECTOR ( 'NONE', #3283, 1000.000000000000000 ) ;
#6361 = ADVANCED_FACE ( 'NONE', ( #6701 ), #8974, .F. ) ;
#6362 = LINE ( 'NONE', #1090, #5516 ) ;
#6363 = ORIENTED_EDGE ( 'NONE', *, *, #559, .F. ) ;
#6364 = LINE ( 'NONE', #3532, #8519 ) ;
#6365 = DIRECTION ( 'NONE',  ( 0.000000000000000000, -0.000000000000000000, 1.000000000000000000 ) ) ;
#6366 = ORIENTED_EDGE ( 'NONE', *, *, #158, .F. ) ;
#6367 = PRESENTATION_LAYER_ASSIGNMENT (  '', '', ( #542 ) ) ;
#6368 = CARTESIAN_POINT ( 'NONE',  ( 2.100000000000001865, 0.1999999999999999833, -0.1300000000000003375 ) ) ;
#6369 = DIRECTION ( 'NONE',  ( 0.000000000000000000, 0.000000000000000000, -1.000000000000000000 ) ) ;
#6370 = CARTESIAN_POINT ( 'NONE',  ( -2.100000000000001865, 0.1999999999999999833, -1.630000000000000338 ) ) ;
#6371 = DIRECTION ( 'NONE',  ( -3.614007241618342065E-15, 0.000000000000000000, -1.000000000000000000 ) ) ;
#6372 = EDGE_CURVE ( 'NONE', #7183, #7617, #2849, .T. ) ;
#6373 = CARTESIAN_POINT ( 'NONE',  ( 2.100000000000001865, 0.05000000000000000278, 0.000000000000000000 ) ) ;
#6374 = LINE ( 'NONE', #283, #5914 ) ;
#6375 = DIRECTION ( 'NONE',  ( 1.204669080539449344E-16, 0.000000000000000000, -1.000000000000000000 ) ) ;
#6376 = LINE ( 'NONE', #6427, #7932 ) ;
#6377 = ORIENTED_EDGE ( 'NONE', *, *, #4257, .F. ) ;
#6378 = DIRECTION ( 'NONE',  ( -1.000000000000000000, 0.000000000000000000, -0.000000000000000000 ) ) ;
#6379 = VECTOR ( 'NONE', #6436, 1000.000000000000000 ) ;
#6380 = ORIENTED_EDGE ( 'NONE', *, *, #9839, .T. ) ;
#6381 = EDGE_CURVE ( 'NONE', #7441, #5092, #6220, .T. ) ;
#6382 = DIRECTION ( 'NONE',  ( 0.000000000000000000, 0.000000000000000000, -1.000000000000000000 ) ) ;
#6383 = VECTOR ( 'NONE', #7171, 1000.000000000000000 ) ;
#6384 = ORIENTED_EDGE ( 'NONE', *, *, #1924, .F. ) ;
#6385 = EDGE_LOOP ( 'NONE', ( #239, #5146, #6774, #2798 ) ) ;
#6386 = FACE_OUTER_BOUND ( 'NONE', #2079, .T. ) ;
#6387 = EDGE_LOOP ( 'NONE', ( #9723, #2744, #4584, #4533 ) ) ;
#6388 = LINE ( 'NONE', #10000, #5550 ) ;
#6389 = EDGE_CURVE ( 'NONE', #3794, #945, #4148, .T. ) ;
#6390 = DIRECTION ( 'NONE',  ( -1.000000000000000000, 0.000000000000000000, 3.614007241618325499E-15 ) ) ;
#6391 = ORIENTED_EDGE ( 'NONE', *, *, #5226, .F. ) ;
#6392 = DIRECTION ( 'NONE',  ( 0.000000000000000000, -1.000000000000000000, 0.000000000000000000 ) ) ;
#6393 = CARTESIAN_POINT ( 'NONE',  ( -0.1299999999999990330, 0.1999999999999999833, 2.500000000000000444 ) ) ;
#6394 = DIRECTION ( 'NONE',  ( 0.000000000000000000, -1.000000000000000000, 0.000000000000000000 ) ) ;
#6395 = ORIENTED_EDGE ( 'NONE', *, *, #9083, .T. ) ;
#6396 = VECTOR ( 'NONE', #5135, 1000.000000000000000 ) ;
#6397 = ORIENTED_EDGE ( 'NONE', *, *, #988, .T. ) ;
#6398 = DIRECTION ( 'NONE',  ( 1.000000000000000000, 0.000000000000000000, -8.673617379884034239E-17 ) ) ;
#6399 = VECTOR ( 'NONE', #5647, 1000.000000000000000 ) ;
#6400 = ORIENTED_EDGE ( 'NONE', *, *, #2341, .T. ) ;
#6401 = SURFACE_STYLE_FILL_AREA ( #4059 ) ;
#6402 = ORIENTED_EDGE ( 'NONE', *, *, #5630, .T. ) ;
#6403 = EDGE_CURVE ( 'NONE', #267, #553, #6433, .T. ) ;
#6404 = EDGE_CURVE ( 'NONE', #4190, #1965, #3909, .T. ) ;
#6406 = ADVANCED_FACE ( 'NONE', ( #5243 ), #2115, .F. ) ;
#6405 = PRESENTATION_STYLE_ASSIGNMENT (( #4650 ) ) ;
#6407 = DIRECTION ( 'NONE',  ( 1.000000000000000000, 0.000000000000000000, 0.000000000000000000 ) ) ;
#6408 = ORIENTED_EDGE ( 'NONE', *, *, #195, .F. ) ;
#6409 = CARTESIAN_POINT ( 'NONE',  ( -1.129999999999998561, 0.2000000000000000111, -2.100000000000000089 ) ) ;
#6410 = SURFACE_SIDE_STYLE ('',( #3599 ) ) ;
#6411 = LINE ( 'NONE', #6614, #6297 ) ;
#6412 = ORIENTED_EDGE ( 'NONE', *, *, #7427, .T. ) ;
#6413 = CARTESIAN_POINT ( 'NONE',  ( -2.100000000000001865, 0.1999999999999999833, -0.3700000000000018274 ) ) ;
#6414 = DIRECTION ( 'NONE',  ( 0.000000000000000000, 1.000000000000000000, 0.000000000000000000 ) ) ;
#6415 = CARTESIAN_POINT ( 'NONE',  ( -0.1299999999999981726, 0.1999999999999999833, 2.100000000000000089 ) ) ;
#6416 = AXIS2_PLACEMENT_3D ( 'NONE', #20, #1645, #9317 ) ;
#6417 = PLANE ( 'NONE',  #9787 ) ;
#6418 = LINE ( 'NONE', #2375, #8331 ) ;
#6419 = EDGE_CURVE ( 'NONE', #6491, #8229, #1375, .T. ) ;
#6420 = ORIENTED_EDGE ( 'NONE', *, *, #1930, .T. ) ;
#6421 = ADVANCED_FACE ( 'NONE', ( #4874 ), #4658, .T. ) ;
#6422 = FACE_OUTER_BOUND ( 'NONE', #9996, .T. ) ;
#6423 = VERTEX_POINT ( 'NONE', #134 ) ;
#6424 = DIRECTION ( 'NONE',  ( 0.000000000000000000, -1.000000000000000000, 0.000000000000000000 ) ) ;
#6425 = VERTEX_POINT ( 'NONE', #7059 ) ;
#6426 = DIRECTION ( 'NONE',  ( 0.000000000000000000, 0.000000000000000000, -1.000000000000000000 ) ) ;
#6427 = CARTESIAN_POINT ( 'NONE',  ( -1.129999999999999671, 0.1999999999999999833, -2.500000000000000444 ) ) ;
#6428 = DIRECTION ( 'NONE',  ( -1.000000000000000000, 0.000000000000000000, 2.710505431213760691E-15 ) ) ;
#6429 = VECTOR ( 'NONE', #3587, 1000.000000000000000 ) ;
#6430 = AXIS2_PLACEMENT_3D ( 'NONE', #9894, #5309, #1457 ) ;
#6431 = ORIENTED_EDGE ( 'NONE', *, *, #5236, .F. ) ;
#6432 = EDGE_CURVE ( 'NONE', #3120, #5115, #1842, .T. ) ;
#6433 = LINE ( 'NONE', #6544, #756 ) ;
#6434 = EDGE_LOOP ( 'NONE', ( #9851, #9873, #7750, #1455 ) ) ;
#6435 = PLANE ( 'NONE',  #5330 ) ;
#6436 = DIRECTION ( 'NONE',  ( 1.000000000000000000, 0.000000000000000000, 0.000000000000000000 ) ) ;
#6437 =( NAMED_UNIT ( * ) SI_UNIT ( $, .STERADIAN. ) SOLID_ANGLE_UNIT ( ) );
#6438 = PLANE ( 'NONE',  #7329 ) ;
#6439 = PLANE ( 'NONE',  #3208 ) ;
#6440 =( LENGTH_UNIT ( ) NAMED_UNIT ( * ) SI_UNIT ( .MILLI., .METRE. ) );
#6441 = ORIENTED_EDGE ( 'NONE', *, *, #1991, .T. ) ;
#6442 = CARTESIAN_POINT ( 'NONE',  ( -1.870000000000000107, 0.1999999999999999833, -2.500000000000000444 ) ) ;
#6443 = CARTESIAN_POINT ( 'NONE',  ( 1.870000000000001883, 0.2000000000000005107, 2.499999999999999556 ) ) ;
#6444 = CARTESIAN_POINT ( 'NONE',  ( 1.800000000000000044, 0.04999999999999969746, 1.799999999999999822 ) ) ;
#6445 = FACE_OUTER_BOUND ( 'NONE', #5107, .T. ) ;
#6446 = ORIENTED_EDGE ( 'NONE', *, *, #5263, .F. ) ;
#6447 = EDGE_CURVE ( 'NONE', #2242, #3224, #8709, .T. ) ;
#6448 = LINE ( 'NONE', #3991, #4404 ) ;
#6449 = VERTEX_POINT ( 'NONE', #7275 ) ;
#6450 = CARTESIAN_POINT ( 'NONE',  ( 2.499999999999998668, 0.05000000000000000278, 2.499999999999999556 ) ) ;
#6451 = VERTEX_POINT ( 'NONE', #6231 ) ;
#6452 = ADVANCED_FACE ( 'NONE', ( #7757 ), #8584, .T. ) ;
#6453 = CARTESIAN_POINT ( 'NONE',  ( -0.6299999999999985612, 0.04999999999999999584, -2.100000000000000089 ) ) ;
#6455 = VECTOR ( 'NONE', #2595, 1000.000000000000000 ) ;
#6454 = AXIS2_PLACEMENT_3D ( 'NONE', #9546, #255, #4982 ) ;
#6456 = ORIENTED_EDGE ( 'NONE', *, *, #6744, .F. ) ;
#6457 = DIRECTION ( 'NONE',  ( -1.000000000000000000, 0.000000000000000000, -0.000000000000000000 ) ) ;
#6458 = CARTESIAN_POINT ( 'NONE',  ( -1.629999999999999671, 0.1999999999999999833, -2.500000000000000444 ) ) ;
#6459 = PLANE ( 'NONE',  #6011 ) ;
#6460 = ORIENTED_EDGE ( 'NONE', *, *, #4711, .T. ) ;
#6461 = CARTESIAN_POINT ( 'NONE',  ( 0.8700000000000018829, 0.2000000000000000111, 2.100000000000000089 ) ) ;
#6462 = CARTESIAN_POINT ( 'NONE',  ( 2.500000000000002220, 0.1999999999999999833, -1.630000000000000338 ) ) ;
#6463 = EDGE_CURVE ( 'NONE', #408, #6674, #5719, .T. ) ;
#6464 = VECTOR ( 'NONE', #1676, 1000.000000000000000 ) ;
#6465 = LINE ( 'NONE', #4571, #9224 ) ;
#6466 = ADVANCED_FACE ( 'NONE', ( #5990 ), #7821, .T. ) ;
#6467 = LINE ( 'NONE', #395, #5020 ) ;
#6468 = ORIENTED_EDGE ( 'NONE', *, *, #3211, .T. ) ;
#6469 = ORIENTED_EDGE ( 'NONE', *, *, #6562, .F. ) ;
#6470 = CARTESIAN_POINT ( 'NONE',  ( 2.100000000000001865, 0.6664761515876249653, 0.8699999999999996625 ) ) ;
#6471 = CARTESIAN_POINT ( 'NONE',  ( 2.500000000000002220, 0.04999999999999969746, -1.130000000000000338 ) ) ;
#6472 = PLANE ( 'NONE',  #7883 ) ;
#6473 = CARTESIAN_POINT ( 'NONE',  ( 1.130000000000000560, 0.04999999999999969746, 2.500000000000001332 ) ) ;
#6474 = VECTOR ( 'NONE', #347, 1000.000000000000000 ) ;
#6475 = CARTESIAN_POINT ( 'NONE',  ( -1.129999999999998117, 0.2000000000000000111, 2.100000000000000089 ) ) ;
#6476 = EDGE_CURVE ( 'NONE', #3879, #2853, #7292, .T. ) ;
#6477 = DIRECTION ( 'NONE',  ( 1.000000000000000000, 0.000000000000000000, 0.000000000000000000 ) ) ;
#6478 = SURFACE_SIDE_STYLE ('',( #9597 ) ) ;
#6479 = AXIS2_PLACEMENT_3D ( 'NONE', #3263, #5616, #987 ) ;
#6480 = DIRECTION ( 'NONE',  ( -1.000000000000000000, 0.000000000000000000, 0.000000000000000000 ) ) ;
#6481 = VECTOR ( 'NONE', #432, 1000.000000000000000 ) ;
#6482 = VERTEX_POINT ( 'NONE', #99 ) ;
#6483 = SURFACE_STYLE_FILL_AREA ( #558 ) ;
#6484 = AXIS2_PLACEMENT_3D ( 'NONE', #9128, #2948, #6051 ) ;
#6485 = VERTEX_POINT ( 'NONE', #2386 ) ;
#6486 = DIRECTION ( 'NONE',  ( -5.421010862427520198E-16, 0.000000000000000000, -1.000000000000000000 ) ) ;
#6487 = LINE ( 'NONE', #8153, #7333 ) ;
#6488 = FACE_BOUND ( 'NONE', #6878, .T. ) ;
#6489 = VERTEX_POINT ( 'NONE', #5475 ) ;
#6490 = VECTOR ( 'NONE', #1397, 1000.000000000000000 ) ;
#6491 = VERTEX_POINT ( 'NONE', #1656 ) ;
#6492 = FILL_AREA_STYLE_COLOUR ( '', #2199 ) ;
#6493 = DIRECTION ( 'NONE',  ( -1.000000000000000000, 0.000000000000000000, 0.000000000000000000 ) ) ;
#6494 = DIRECTION ( 'NONE',  ( 0.000000000000000000, 0.000000000000000000, -1.000000000000000000 ) ) ;
#6495 = AXIS2_PLACEMENT_3D ( 'NONE', #82, #3166, #44 ) ;
#6496 = FACE_OUTER_BOUND ( 'NONE', #4758, .T. ) ;
#6497 = CARTESIAN_POINT ( 'NONE',  ( -0.1299999999999986167, 0.04999999999999999584, -2.100000000000000089 ) ) ;
#6498 = DIRECTION ( 'NONE',  ( 0.000000000000000000, -1.000000000000000000, 0.000000000000000000 ) ) ;
#6499 = EDGE_CURVE ( 'NONE', #8947, #328, #8254, .T. ) ;
#6500 = CARTESIAN_POINT ( 'NONE',  ( 1.630000000000000560, 0.2000000000000000111, 2.500000000000001332 ) ) ;
#6501 = VERTEX_POINT ( 'NONE', #3212 ) ;
#6502 = VECTOR ( 'NONE', #7466, 1000.000000000000000 ) ;
#6503 = DIRECTION ( 'NONE',  ( 1.000000000000000000, 0.000000000000000000, 0.000000000000000000 ) ) ;
#6504 = DIRECTION ( 'NONE',  ( 0.000000000000000000, -1.000000000000000000, 0.000000000000000000 ) ) ;
#6505 = ORIENTED_EDGE ( 'NONE', *, *, #6265, .F. ) ;
#6506 = ORIENTED_EDGE ( 'NONE', *, *, #2881, .T. ) ;
#6507 = LINE ( 'NONE', #3295, #9980 ) ;
#6508 = LINE ( 'NONE', #3466, #5655 ) ;
#6509 = VERTEX_POINT ( 'NONE', #913 ) ;
#6510 = VECTOR ( 'NONE', #2648, 1000.000000000000000 ) ;
#6511 = AXIS2_PLACEMENT_3D ( 'NONE', #9167, #8283, #4555 ) ;
#6512 = CARTESIAN_POINT ( 'NONE',  ( 2.500000000000002220, 0.000000000000000000, -0.3700000000000018274 ) ) ;
#6513 = VERTEX_POINT ( 'NONE', #5506 ) ;
#6514 = CARTESIAN_POINT ( 'NONE',  ( 3.500000000000000000, 0.2000000000000000111, 0.000000000000000000 ) ) ;
#6515 = DIRECTION ( 'NONE',  ( 0.000000000000000000, 1.000000000000000000, 0.000000000000000000 ) ) ;
#6516 = EDGE_CURVE ( 'NONE', #8226, #2409, #6448, .T. ) ;
#6517 = DIRECTION ( 'NONE',  ( 0.000000000000000000, 1.000000000000000000, 0.000000000000000000 ) ) ;
#6518 = CARTESIAN_POINT ( 'NONE',  ( 1.870000000000001439, 0.2000000000000000111, -2.100000000000000089 ) ) ;
#6519 = DIRECTION ( 'NONE',  ( -2.168404344971008079E-15, 0.000000000000000000, 1.000000000000000000 ) ) ;
#6520 = VERTEX_POINT ( 'NONE', #2667 ) ;
#6521 = DIRECTION ( 'NONE',  ( -3.614007241618342065E-15, 0.000000000000000000, -1.000000000000000000 ) ) ;
#6522 = COLOUR_RGB ( '',0.7921568627450980005, 0.8196078431372548767, 0.9333333333333333481 ) ;
#6523 = ORIENTED_EDGE ( 'NONE', *, *, #1045, .T. ) ;
#6524 = LINE ( 'NONE', #6536, #4700 ) ;
#6525 = ORIENTED_EDGE ( 'NONE', *, *, #1912, .T. ) ;
#6526 = FACE_OUTER_BOUND ( 'NONE', #6905, .T. ) ;
#6527 = ADVANCED_FACE ( 'NONE', ( #8002 ), #1692, .F. ) ;
#6528 = EDGE_LOOP ( 'NONE', ( #8795, #3508, #983, #4 ) ) ;
#6529 = DIRECTION ( 'NONE',  ( 0.000000000000000000, 1.000000000000000000, 0.000000000000000000 ) ) ;
#6530 = CARTESIAN_POINT ( 'NONE',  ( -2.100000000000001865, 0.6664761515876249653, 0.8699999999999996625 ) ) ;
#6531 = LINE ( 'NONE', #596, #1933 ) ;
#6532 = VERTEX_POINT ( 'NONE', #8621 ) ;
#6533 = EDGE_CURVE ( 'NONE', #718, #8693, #9305, .T. ) ;
#6534 = FACE_OUTER_BOUND ( 'NONE', #8616, .T. ) ;
#6535 = ORIENTED_EDGE ( 'NONE', *, *, #6562, .T. ) ;
#6536 = CARTESIAN_POINT ( 'NONE',  ( 0.3700000000000003286, 0.2000000000000000111, -2.500000000000000444 ) ) ;
#6537 = CARTESIAN_POINT ( 'NONE',  ( 0.8700000000000071010, 0.05000000000000000278, -2.358139725155991077E-15 ) ) ;
#6538 = ORIENTED_EDGE ( 'NONE', *, *, #5378, .F. ) ;
#6539 = DIRECTION ( 'NONE',  ( 0.000000000000000000, -1.000000000000000000, 0.000000000000000000 ) ) ;
#6540 = CARTESIAN_POINT ( 'NONE',  ( 1.129999999999999227, 0.05000000000000000278, -6.125742274543094136E-16 ) ) ;
#6541 = CARTESIAN_POINT ( 'NONE',  ( -1.870000000000000107, 0.2000000000000000111, -2.500000000000000444 ) ) ;
#6542 = VECTOR ( 'NONE', #8991, 1000.000000000000000 ) ;
#6543 = ORIENTED_EDGE ( 'NONE', *, *, #4297, .T. ) ;
#6544 = CARTESIAN_POINT ( 'NONE',  ( -1.129999999999998561, 0.2000000000000000111, -2.100000000000000089 ) ) ;
#6545 = VECTOR ( 'NONE', #7734, 1000.000000000000000 ) ;
#6546 = EDGE_CURVE ( 'NONE', #476, #9103, #266, .T. ) ;
#6547 = CARTESIAN_POINT ( 'NONE',  ( 2.100000000000001865, 0.6664761515876249653, -1.630000000000000338 ) ) ;
#6548 = MECHANICAL_DESIGN_GEOMETRIC_PRESENTATION_REPRESENTATION (  '', ( #1176 ), #3064 ) ;
#6549 = LINE ( 'NONE', #6540, #4000 ) ;
#6550 = CARTESIAN_POINT ( 'NONE',  ( 0.3700000000000013833, 0.2000000000000000111, -2.100000000000000089 ) ) ;
#6551 = CARTESIAN_POINT ( 'NONE',  ( 0.000000000000000000, 0.000000000000000000, 2.500000000000000000 ) ) ;
#6552 = ORIENTED_EDGE ( 'NONE', *, *, #10006, .T. ) ;
#6553 = CARTESIAN_POINT ( 'NONE',  ( -1.800000000000000044, -0.000000000000000000, -1.800000000000000266 ) ) ;
#6554 = PLANE ( 'NONE',  #2694 ) ;
#6555 = ORIENTED_EDGE ( 'NONE', *, *, #2208, .F. ) ;
#6556 = DIRECTION ( 'NONE',  ( 0.000000000000000000, 0.000000000000000000, -1.000000000000000000 ) ) ;
#6557 = DIRECTION ( 'NONE',  ( 1.000000000000000000, -0.000000000000000000, 0.000000000000000000 ) ) ;
#6558 = DIRECTION ( 'NONE',  ( 2.168404344971008079E-15, -0.000000000000000000, -1.000000000000000000 ) ) ;
#6559 = DIRECTION ( 'NONE',  ( 1.000000000000000000, -0.000000000000000000, 0.000000000000000000 ) ) ;
#6560 = PRESENTATION_LAYER_ASSIGNMENT (  '', '', ( #8278 ) ) ;
#6561 = LINE ( 'NONE', #8252, #5583 ) ;
#6562 = EDGE_CURVE ( 'NONE', #4426, #9400, #529, .T. ) ;
#6563 = EDGE_LOOP ( 'NONE', ( #1954, #4481, #7203, #5088 ) ) ;
#6564 = ORIENTED_EDGE ( 'NONE', *, *, #839, .F. ) ;
#6565 = AXIS2_PLACEMENT_3D ( 'NONE', #2561, #7929, #9464 ) ;
#6566 = SURFACE_STYLE_USAGE ( .BOTH. , #1158 ) ;
#6567 = ORIENTED_EDGE ( 'NONE', *, *, #3289, .F. ) ;
#6568 = ORIENTED_EDGE ( 'NONE', *, *, #516, .F. ) ;
#6569 = DIRECTION ( 'NONE',  ( -1.000000000000000000, 0.000000000000000000, 3.614007241618342065E-15 ) ) ;
#6570 = CARTESIAN_POINT ( 'NONE',  ( -2.100000000000001865, 0.05000000000000002359, 0.6299999999999982281 ) ) ;
#6571 = DIRECTION ( 'NONE',  ( 0.000000000000000000, 1.000000000000000000, 0.000000000000000000 ) ) ;
#6572 = PLANE ( 'NONE',  #854 ) ;
#6573 = VECTOR ( 'NONE', #2450, 1000.000000000000000 ) ;
#6574 = ORIENTED_EDGE ( 'NONE', *, *, #8427, .F. ) ;
#6575 = PRESENTATION_LAYER_ASSIGNMENT (  '', '', ( #7968 ) ) ;
#6576 = VECTOR ( 'NONE', #6001, 1000.000000000000000 ) ;
#6577 = ADVANCED_FACE ( 'NONE', ( #519 ), #1268, .F. ) ;
#6578 = EDGE_CURVE ( 'NONE', #7591, #6714, #9090, .T. ) ;
#6579 = ORIENTED_EDGE ( 'NONE', *, *, #4656, .T. ) ;
#6580 = CARTESIAN_POINT ( 'NONE',  ( -2.500000000000002220, 0.000000000000000000, 1.869999999999999662 ) ) ;
#6581 = PLANE ( 'NONE',  #5636 ) ;
#6582 = PLANE ( 'NONE',  #4724 ) ;
#6583 = CARTESIAN_POINT ( 'NONE',  ( -2.500000000000002220, 0.000000000000000000, -1.370000000000001883 ) ) ;
#6584 = VECTOR ( 'NONE', #7225, 1000.000000000000000 ) ;
#6585 = DIRECTION ( 'NONE',  ( 0.000000000000000000, 0.000000000000000000, -1.000000000000000000 ) ) ;
#6586 = ORIENTED_EDGE ( 'NONE', *, *, #370, .F. ) ;
#6587 = CARTESIAN_POINT ( 'NONE',  ( 2.100000000000001865, 0.6664761515876249653, -1.630000000000000338 ) ) ;
#6588 = CARTESIAN_POINT ( 'NONE',  ( 2.500000000000002220, 0.000000000000000000, -1.630000000000000338 ) ) ;
#6589 = ORIENTED_EDGE ( 'NONE', *, *, #3928, .F. ) ;
#6590 = PLANE ( 'NONE',  #7855 ) ;
#6591 = EDGE_CURVE ( 'NONE', #772, #7040, #3177, .T. ) ;
#6593 = ADVANCED_FACE ( 'NONE', ( #279 ), #8875, .F. ) ;
#6592 = VERTEX_POINT ( 'NONE', #5863 ) ;
#6594 = LINE ( 'NONE', #968, #5488 ) ;
#6595 = COLOUR_RGB ( '',0.7921568627450980005, 0.8196078431372548767, 0.9333333333333333481 ) ;
#6596 = EDGE_CURVE ( 'NONE', #2825, #9081, #5143, .T. ) ;
#6597 = LINE ( 'NONE', #3101, #417 ) ;
#6598 = ORIENTED_EDGE ( 'NONE', *, *, #3264, .F. ) ;
#6599 = DIRECTION ( 'NONE',  ( 0.000000000000000000, 0.000000000000000000, 1.000000000000000000 ) ) ;
#6600 = MANIFOLD_SOLID_BREP ( 'LPattern4[6]', #6601 ) ;
#6601 = CLOSED_SHELL ( 'NONE', ( #8944, #738, #6889, #5329, #6466, #3546 ) ) ;
#6602 = DIRECTION ( 'NONE',  ( -0.000000000000000000, 0.000000000000000000, -1.000000000000000000 ) ) ;
#6603 = CARTESIAN_POINT ( 'NONE',  ( -2.500000000000000888, 0.8999999999999998002, 2.499999999999999556 ) ) ;
#6604 = LINE ( 'NONE', #2210, #1520 ) ;
#6605 = VECTOR ( 'NONE', #7174, 1000.000000000000000 ) ;
#6606 = DIRECTION ( 'NONE',  ( 1.000000000000000000, -0.000000000000000000, 0.000000000000000000 ) ) ;
#6607 = DIRECTION ( 'NONE',  ( -0.000000000000000000, -1.000000000000000000, -0.000000000000000000 ) ) ;
#6608 = VECTOR ( 'NONE', #9038, 1000.000000000000000 ) ;
#6609 = VERTEX_POINT ( 'NONE', #2729 ) ;
#6610 = SURFACE_STYLE_USAGE ( .BOTH. , #5094 ) ;
#6611 = VERTEX_POINT ( 'NONE', #5043 ) ;
#6612 = CARTESIAN_POINT ( 'NONE',  ( 2.500000000000002220, 0.6664761515876249653, 0.8699999999999996625 ) ) ;
#6613 = EDGE_CURVE ( 'NONE', #5092, #5546, #3563, .T. ) ;
#6614 = CARTESIAN_POINT ( 'NONE',  ( 2.100000000000001865, 0.000000000000000000, -1.130000000000000338 ) ) ;
#6615 = DIRECTION ( 'NONE',  ( 1.000000000000000000, 0.000000000000000000, -5.421010862427520198E-16 ) ) ;
#6616 = VECTOR ( 'NONE', #502, 1000.000000000000000 ) ;
#6617 = FACE_OUTER_BOUND ( 'NONE', #9376, .T. ) ;
#6618 = ORIENTED_EDGE ( 'NONE', *, *, #6403, .T. ) ;
#6619 = VECTOR ( 'NONE', #7978, 1000.000000000000000 ) ;
#6620 = CARTESIAN_POINT ( 'NONE',  ( -1.629999999999998117, 0.1999999999999999833, 2.100000000000000089 ) ) ;
#6621 = VERTEX_POINT ( 'NONE', #3533 ) ;
#6622 = AXIS2_PLACEMENT_3D ( 'NONE', #4220, #2608, #1740 ) ;
#6623 = CARTESIAN_POINT ( 'NONE',  ( 2.100000000000001865, 0.1999999999999999833, -1.370000000000001883 ) ) ;
#6624 = PLANE ( 'NONE',  #2758 ) ;
#6625 = CARTESIAN_POINT ( 'NONE',  ( 2.100000000000001865, 0.000000000000000000, 1.869999999999999662 ) ) ;
#6626 = EDGE_CURVE ( 'NONE', #1722, #7731, #1497, .T. ) ;
#6627 = PLANE ( 'NONE',  #5264 ) ;
#6628 = CARTESIAN_POINT ( 'NONE',  ( 0.000000000000000000, 0.05000000000000000278, 1.369999999999999662 ) ) ;
#6629 = FACE_OUTER_BOUND ( 'NONE', #4020, .T. ) ;
#6630 = LINE ( 'NONE', #4092, #810 ) ;
#6631 = VERTEX_POINT ( 'NONE', #335 ) ;
#6632 = LINE ( 'NONE', #7623, #3610 ) ;
#6633 = VERTEX_POINT ( 'NONE', #6638 ) ;
#6634 = ADVANCED_FACE ( 'NONE', ( #3799 ), #1196, .T. ) ;
#6635 = VERTEX_POINT ( 'NONE', #1896 ) ;
#6636 = LINE ( 'NONE', #966, #4575 ) ;
#6637 = CARTESIAN_POINT ( 'NONE',  ( 1.870000000000001883, 0.1999999999999999833, 2.100000000000000089 ) ) ;
#6638 = CARTESIAN_POINT ( 'NONE',  ( 0.8700000000000018829, 0.000000000000000000, 2.100000000000000089 ) ) ;
#6639 = VECTOR ( 'NONE', #9606, 1000.000000000000000 ) ;
#6640 = EDGE_LOOP ( 'NONE', ( #2304, #1590, #5272, #6907 ) ) ;
#6641 = LINE ( 'NONE', #5668, #2418 ) ;
#6642 = ORIENTED_EDGE ( 'NONE', *, *, #8202, .T. ) ;
#6643 = CARTESIAN_POINT ( 'NONE',  ( -1.800000000000000044, 0.04999999999999969746, 1.799999999999999822 ) ) ;
#6644 = PLANE ( 'NONE',  #1623 ) ;
#6645 = CARTESIAN_POINT ( 'NONE',  ( 0.3700000000000013833, 0.2000000000000000111, -2.100000000000000089 ) ) ;
#6646 = CARTESIAN_POINT ( 'NONE',  ( 2.100000000000001865, 0.6664761515876249653, -0.8700000000000018829 ) ) ;
#6647 = EDGE_CURVE ( 'NONE', #8664, #5385, #999, .T. ) ;
#6648 = DIRECTION ( 'NONE',  ( 0.000000000000000000, -1.000000000000000000, 0.000000000000000000 ) ) ;
#6649 = ORIENTED_EDGE ( 'NONE', *, *, #4297, .F. ) ;
#6650 = DIRECTION ( 'NONE',  ( 1.000000000000000000, -0.000000000000000000, -3.614007241618342065E-15 ) ) ;
#6651 = CARTESIAN_POINT ( 'NONE',  ( -2.100000000000001865, 0.6664761515876249653, -1.630000000000000338 ) ) ;
#6652 = LINE ( 'NONE', #690, #5423 ) ;
#6653 = EDGE_LOOP ( 'NONE', ( #991, #5283, #2003, #5880 ) ) ;
#6654 = FACE_OUTER_BOUND ( 'NONE', #5239, .T. ) ;
#6655 = EDGE_LOOP ( 'NONE', ( #4029, #8540, #2612, #7598 ) ) ;
#6656 = VERTEX_POINT ( 'NONE', #1968 ) ;
#6657 = CARTESIAN_POINT ( 'NONE',  ( -2.500000000000002220, 0.04999999999999969746, -0.6300000000000003375 ) ) ;
#6658 = LINE ( 'NONE', #3980, #2196 ) ;
#6659 = ORIENTED_EDGE ( 'NONE', *, *, #7542, .T. ) ;
#6660 = CARTESIAN_POINT ( 'NONE',  ( -1.629999999999999005, 0.04999999999999999584, 2.500000000000000444 ) ) ;
#6661 = ORIENTED_EDGE ( 'NONE', *, *, #5181, .T. ) ;
#6662 = FACE_OUTER_BOUND ( 'NONE', #6873, .T. ) ;
#6663 = EDGE_CURVE ( 'NONE', #1018, #6961, #9689, .T. ) ;
#6664 = CARTESIAN_POINT ( 'NONE',  ( 0.000000000000000000, 0.05000000000000000278, 1.869999999999999662 ) ) ;
#6665 = CARTESIAN_POINT ( 'NONE',  ( 0.000000000000000000, 0.000000000000000000, 0.5000000000000000000 ) ) ;
#6666 = UNCERTAINTY_MEASURE_WITH_UNIT (LENGTH_MEASURE( 1.000000000000000082E-05 ), #4469, 'distance_accuracy_value', 'NONE');
#6667 = ORIENTED_EDGE ( 'NONE', *, *, #2413, .F. ) ;
#6668 = DIRECTION ( 'NONE',  ( 0.000000000000000000, -1.000000000000000000, 0.000000000000000000 ) ) ;
#6669 = LINE ( 'NONE', #3649, #7257 ) ;
#6670 = ORIENTED_EDGE ( 'NONE', *, *, #8642, .T. ) ;
#6671 = AXIS2_PLACEMENT_3D ( 'NONE', #771, #6960, #4600 ) ;
#6672 = LINE ( 'NONE', #1245, #7023 ) ;
#6673 = ORIENTED_EDGE ( 'NONE', *, *, #5339, .T. ) ;
#6674 = VERTEX_POINT ( 'NONE', #2006 ) ;
#6675 = DIRECTION ( 'NONE',  ( -0.000000000000000000, -1.000000000000000000, -0.000000000000000000 ) ) ;
#6676 = CARTESIAN_POINT ( 'NONE',  ( -0.6299999999999985612, 0.6664761515876257425, -2.100000000000000089 ) ) ;
#6677 = EDGE_CURVE ( 'NONE', #8229, #2757, #9562, .T. ) ;
#6678 = VECTOR ( 'NONE', #309, 1000.000000000000000 ) ;
#6679 = CARTESIAN_POINT ( 'NONE',  ( 2.100000000000001865, 0.6664761515876249653, 1.129999999999998117 ) ) ;
#6680 = PLANE ( 'NONE',  #8660 ) ;
#6681 = EDGE_LOOP ( 'NONE', ( #7280, #4292, #481, #1574 ) ) ;
#6682 = DIRECTION ( 'NONE',  ( 2.710505431213760691E-15, 0.000000000000000000, 1.000000000000000000 ) ) ;
#6683 = DIRECTION ( 'NONE',  ( 1.000000000000000000, -0.000000000000000000, -0.000000000000000000 ) ) ;
#6684 = DIRECTION ( 'NONE',  ( 0.000000000000000000, 0.000000000000000000, -1.000000000000000000 ) ) ;
#6685 = LINE ( 'NONE', #3071, #4006 ) ;
#6687 = ADVANCED_FACE ( 'NONE', ( #9206 ), #3567, .F. ) ;
#6686 = ORIENTED_EDGE ( 'NONE', *, *, #7148, .F. ) ;
#6688 = EDGE_CURVE ( 'NONE', #4520, #1856, #9427, .T. ) ;
#6689 = EDGE_LOOP ( 'NONE', ( #8415, #8471, #1764, #7488 ) ) ;
#6690 = ORIENTED_EDGE ( 'NONE', *, *, #4961, .F. ) ;
#6691 = DIRECTION ( 'NONE',  ( 0.000000000000000000, -0.000000000000000000, 1.000000000000000000 ) ) ;
#6692 =( NAMED_UNIT ( * ) PLANE_ANGLE_UNIT ( ) SI_UNIT ( $, .RADIAN. ) );
#6693 = CARTESIAN_POINT ( 'NONE',  ( -2.100000000000001865, 0.000000000000000000, 0.1299999999999981726 ) ) ;
#6694 = VECTOR ( 'NONE', #8719, 1000.000000000000000 ) ;
#6695 = CARTESIAN_POINT ( 'NONE',  ( -0.6299999999999996714, 0.000000000000000000, -2.500000000000000444 ) ) ;
#6696 = DIRECTION ( 'NONE',  ( 1.000000000000000000, -0.000000000000000000, -3.614007241618342065E-15 ) ) ;
#6697 = DIRECTION ( 'NONE',  ( -0.000000000000000000, -0.000000000000000000, 1.000000000000000000 ) ) ;
#6698 = ORIENTED_EDGE ( 'NONE', *, *, #8829, .F. ) ;
#6699 = DIRECTION ( 'NONE',  ( -1.000000000000000000, 0.000000000000000000, 0.000000000000000000 ) ) ;
#6700 = ADVANCED_FACE ( 'NONE', ( #5369 ), #8802, .F. ) ;
#6701 = FACE_OUTER_BOUND ( 'NONE', #588, .T. ) ;
#6702 = ORIENTED_EDGE ( 'NONE', *, *, #5532, .F. ) ;
#6703 = PRESENTATION_STYLE_ASSIGNMENT (( #2244 ) ) ;
#6704 = DIRECTION ( 'NONE',  ( 0.000000000000000000, -1.000000000000000000, 0.000000000000000000 ) ) ;
#6705 = EDGE_LOOP ( 'NONE', ( #3819, #8781, #1204, #7640 ) ) ;
#6706 = EDGE_CURVE ( 'NONE', #10005, #555, #9316, .T. ) ;
#6707 = DIRECTION ( 'NONE',  ( 0.000000000000000000, 0.000000000000000000, -1.000000000000000000 ) ) ;
#6708 = CARTESIAN_POINT ( 'NONE',  ( -0.6299999999999985612, 0.000000000000000000, -2.100000000000000089 ) ) ;
#6709 = ORIENTED_EDGE ( 'NONE', *, *, #4458, .F. ) ;
#6710 = DIRECTION ( 'NONE',  ( 0.000000000000000000, -1.000000000000000000, 0.000000000000000000 ) ) ;
#6711 = ORIENTED_EDGE ( 'NONE', *, *, #6447, .F. ) ;
#6712 = CARTESIAN_POINT ( 'NONE',  ( 0.8700000000000003286, 0.2000000000000000111, -2.500000000000000444 ) ) ;
#6713 = CARTESIAN_POINT ( 'NONE',  ( -2.500000000000002220, 0.04999999999999969746, 1.369999999999999662 ) ) ;
#6714 = VERTEX_POINT ( 'NONE', #7595 ) ;
#6715 = PLANE ( 'NONE',  #3772 ) ;
#6716 = CARTESIAN_POINT ( 'NONE',  ( 2.100000000000001865, 0.05000000000000000278, 0.000000000000000000 ) ) ;
#6717 =( GEOMETRIC_REPRESENTATION_CONTEXT ( 3 ) GLOBAL_UNCERTAINTY_ASSIGNED_CONTEXT ( ( #196 ) ) GLOBAL_UNIT_ASSIGNED_CONTEXT ( ( #2429, #4734, #984 ) ) REPRESENTATION_CONTEXT ( 'NONE', 'WORKASPACE' ) );
#6718 = FACE_OUTER_BOUND ( 'NONE', #2426, .T. ) ;
#6719 = ORIENTED_EDGE ( 'NONE', *, *, #8614, .T. ) ;
#6720 = EDGE_CURVE ( 'NONE', #3017, #3828, #5256, .T. ) ;
#6721 = EDGE_LOOP ( 'NONE', ( #2542, #995, #6555, #3790 ) ) ;
#6722 = PLANE ( 'NONE',  #7514 ) ;
#6723 = DIRECTION ( 'NONE',  ( -5.421010862427520198E-16, 0.000000000000000000, -1.000000000000000000 ) ) ;
#6724 = LINE ( 'NONE', #6952, #6951 ) ;
#6725 = FACE_OUTER_BOUND ( 'NONE', #3460, .T. ) ;
#6726 = PLANE ( 'NONE',  #9033 ) ;
#6727 = CARTESIAN_POINT ( 'NONE',  ( 1.129999999999999893, 0.000000000000000000, -2.100000000000000089 ) ) ;
#6728 = CARTESIAN_POINT ( 'NONE',  ( 2.500000000000002220, 0.1999999999999999833, 0.8699999999999996625 ) ) ;
#6729 = SURFACE_STYLE_FILL_AREA ( #2651 ) ;
#6730 = VERTEX_POINT ( 'NONE', #9112 ) ;
#6731 = ORIENTED_EDGE ( 'NONE', *, *, #6209, .F. ) ;
#6732 = EDGE_CURVE ( 'NONE', #408, #8595, #7767, .T. ) ;
#6733 = LINE ( 'NONE', #1908, #3944 ) ;
#6734 = ADVANCED_FACE ( 'NONE', ( #2851 ), #7562, .F. ) ;
#6735 = CARTESIAN_POINT ( 'NONE',  ( -0.8699999999999994404, 0.2000000000000000111, 2.500000000000001332 ) ) ;
#6736 = VECTOR ( 'NONE', #262, 1000.000000000000000 ) ;
#6737 = ORIENTED_EDGE ( 'NONE', *, *, #4019, .T. ) ;
#6738 = CARTESIAN_POINT ( 'NONE',  ( 2.500000000000002220, 0.1999999999999999833, 1.869999999999999662 ) ) ;
#6739 = PLANE ( 'NONE',  #3360 ) ;
#6740 = ORIENTED_EDGE ( 'NONE', *, *, #7971, .T. ) ;
#6741 = LINE ( 'NONE', #8282, #2760 ) ;
#6742 = DIRECTION ( 'NONE',  ( 0.000000000000000000, -1.000000000000000000, 0.000000000000000000 ) ) ;
#6743 = DIRECTION ( 'NONE',  ( 0.000000000000000000, 0.000000000000000000, -1.000000000000000000 ) ) ;
#6744 = EDGE_CURVE ( 'NONE', #9408, #5215, #4748, .T. ) ;
#6745 = CARTESIAN_POINT ( 'NONE',  ( 0.1299999999999998934, 0.2000000000000000111, -2.500000000000000444 ) ) ;
#6746 = VECTOR ( 'NONE', #9336, 1000.000000000000000 ) ;
#6747 = EDGE_LOOP ( 'NONE', ( #4102, #4359, #2422, #9579 ) ) ;
#6748 = VECTOR ( 'NONE', #6864, 1000.000000000000000 ) ;
#6749 = EDGE_CURVE ( 'NONE', #9762, #6802, #9101, .T. ) ;
#6750 = CARTESIAN_POINT ( 'NONE',  ( -1.629999999999998561, 0.000000000000000000, -2.100000000000000089 ) ) ;
#6751 = CARTESIAN_POINT ( 'NONE',  ( 1.870000000000000995, 0.6664761515876257425, 2.500000000000000444 ) ) ;
#6752 = ORIENTED_EDGE ( 'NONE', *, *, #145, .F. ) ;
#6753 = VECTOR ( 'NONE', #3059, 1000.000000000000000 ) ;
#6754 = DIRECTION ( 'NONE',  ( -1.000000000000000000, 0.000000000000000000, 2.710505431213760691E-15 ) ) ;
#6755 = ORIENTED_EDGE ( 'NONE', *, *, #6201, .T. ) ;
#6756 = PRESENTATION_STYLE_ASSIGNMENT (( #5969 ) ) ;
#6757 = DIRECTION ( 'NONE',  ( -0.000000000000000000, 0.000000000000000000, 1.000000000000000000 ) ) ;
#6758 = DIRECTION ( 'NONE',  ( 3.614007241618325499E-15, -0.000000000000000000, 1.000000000000000000 ) ) ;
#6759 = EDGE_LOOP ( 'NONE', ( #2164, #4316, #1342, #4295 ) ) ;
#6760 =( NAMED_UNIT ( * ) PLANE_ANGLE_UNIT ( ) SI_UNIT ( $, .RADIAN. ) );
#6761 = EDGE_CURVE ( 'NONE', #3167, #3114, #6936, .T. ) ;
#6762 = SURFACE_STYLE_USAGE ( .BOTH. , #3622 ) ;
#6763 = DIRECTION ( 'NONE',  ( -0.000000000000000000, -1.000000000000000000, -0.000000000000000000 ) ) ;
#6764 = ORIENTED_EDGE ( 'NONE', *, *, #7112, .F. ) ;
#6765 = CARTESIAN_POINT ( 'NONE',  ( 2.500000000000002220, 0.1999999999999999833, -0.8700000000000018829 ) ) ;
#6766 = ORIENTED_EDGE ( 'NONE', *, *, #503, .F. ) ;
#6767 = MECHANICAL_DESIGN_GEOMETRIC_PRESENTATION_REPRESENTATION (  '', ( #1621 ), #4503 ) ;
#6768 = LINE ( 'NONE', #8593, #4689 ) ;
#6769 = ORIENTED_EDGE ( 'NONE', *, *, #4985, .F. ) ;
#6770 = LINE ( 'NONE', #9386, #4579 ) ;
#6771 = ORIENTED_EDGE ( 'NONE', *, *, #290, .T. ) ;
#6772 = PLANE ( 'NONE',  #568 ) ;
#6773 = CARTESIAN_POINT ( 'NONE',  ( -2.500000000000002220, 0.04999999999999969746, 0.1299999999999981726 ) ) ;
#6774 = ORIENTED_EDGE ( 'NONE', *, *, #4985, .T. ) ;
#6775 = DIRECTION ( 'NONE',  ( -1.000000000000000000, 0.000000000000000000, 0.000000000000000000 ) ) ;
#6776 = LINE ( 'NONE', #2092, #1338 ) ;
#6777 = ORIENTED_EDGE ( 'NONE', *, *, #2980, .F. ) ;
#6778 = VECTOR ( 'NONE', #2593, 1000.000000000000000 ) ;
#6779 = ORIENTED_EDGE ( 'NONE', *, *, #5910, .T. ) ;
#6780 = VECTOR ( 'NONE', #8909, 1000.000000000000000 ) ;
#6781 = ORIENTED_EDGE ( 'NONE', *, *, #5000, .T. ) ;
#6782 = EDGE_CURVE ( 'NONE', #4210, #8518, #9920, .T. ) ;
#6783 = DIRECTION ( 'NONE',  ( -1.000000000000000000, 0.000000000000000000, 0.000000000000000000 ) ) ;
#6784 = CARTESIAN_POINT ( 'NONE',  ( 1.630000000000000338, 0.6664761515876257425, 2.100000000000000977 ) ) ;
#6785 = VECTOR ( 'NONE', #6157, 1000.000000000000000 ) ;
#6786 = VERTEX_POINT ( 'NONE', #510 ) ;
#6787 = ADVANCED_FACE ( 'NONE', ( #1264 ), #6739, .F. ) ;
#6788 = EDGE_LOOP ( 'NONE', ( #8435, #2550, #5061, #9946 ) ) ;
#6789 = DIRECTION ( 'NONE',  ( 0.000000000000000000, -1.000000000000000000, 0.000000000000000000 ) ) ;
#6790 = EDGE_CURVE ( 'NONE', #4678, #9736, #5131, .T. ) ;
#6791 = CARTESIAN_POINT ( 'NONE',  ( 0.000000000000000000, 0.2000000000000000111, 0.000000000000000000 ) ) ;
#6792 = CARTESIAN_POINT ( 'NONE',  ( 0.8700000000000009948, 0.000000000000000000, 2.500000000000000444 ) ) ;
#6793 = LINE ( 'NONE', #5803, #9778 ) ;
#6794 = APPLICATION_CONTEXT ( 'automotive_design' ) ;
#6795 = EDGE_LOOP ( 'NONE', ( #3635, #6395, #5292, #5113 ) ) ;
#6796 = EDGE_CURVE ( 'NONE', #7812, #7793, #882, .T. ) ;
#6797 = DIRECTION ( 'NONE',  ( -1.000000000000000000, 0.000000000000000000, 2.710505431213760691E-15 ) ) ;
#6798 = CARTESIAN_POINT ( 'NONE',  ( 0.6300000000000003375, 0.04999999999999999584, 2.100000000000000977 ) ) ;
#6799 = PLANE ( 'NONE',  #9429 ) ;
#6800 = LINE ( 'NONE', #2458, #6545 ) ;
#6801 = ADVANCED_FACE ( 'NONE', ( #6102 ), #9806, .F. ) ;
#6802 = VERTEX_POINT ( 'NONE', #9742 ) ;
#6803 = CARTESIAN_POINT ( 'NONE',  ( 2.100000000000001865, 0.1999999999999999833, -0.1300000000000003375 ) ) ;
#6804 = LINE ( 'NONE', #7071, #4723 ) ;
#6805 = VECTOR ( 'NONE', #8571, 1000.000000000000000 ) ;
#6806 = EDGE_LOOP ( 'NONE', ( #7367, #1477, #4625, #819 ) ) ;
#6807 = CARTESIAN_POINT ( 'NONE',  ( 1.870000000000000995, 0.1999999999999999833, 2.500000000000000444 ) ) ;
#6808 = CARTESIAN_POINT ( 'NONE',  ( 1.130000000000000560, 0.6664761515876257425, 2.500000000000001332 ) ) ;
#6809 = CARTESIAN_POINT ( 'NONE',  ( -1.800000000000000044, 5.291168824543142968, -1.800000000000000266 ) ) ;
#6810 = EDGE_CURVE ( 'NONE', #3947, #318, #3695, .T. ) ;
#6811 = PLANE ( 'NONE',  #8026 ) ;
#6812 = LINE ( 'NONE', #1003, #1119 ) ;
#6813 = ORIENTED_EDGE ( 'NONE', *, *, #3112, .F. ) ;
#6814 = CARTESIAN_POINT ( 'NONE',  ( 2.500000000000002220, 0.6664761515876249653, -0.8700000000000018829 ) ) ;
#6815 = CARTESIAN_POINT ( 'NONE',  ( -0.8700000000000001066, 0.1999999999999999833, -2.100000000000000089 ) ) ;
#6816 = ORIENTED_EDGE ( 'NONE', *, *, #7784, .T. ) ;
#6817 = DIRECTION ( 'NONE',  ( -1.000000000000000000, 0.000000000000000000, 3.614007241618325499E-15 ) ) ;
#6818 = PRESENTATION_LAYER_ASSIGNMENT (  '', '', ( #4422 ) ) ;
#6819 = ORIENTED_EDGE ( 'NONE', *, *, #6790, .F. ) ;
#6820 = VECTOR ( 'NONE', #2614, 1000.000000000000000 ) ;
#6821 = EDGE_CURVE ( 'NONE', #7668, #2482, #5479, .T. ) ;
#6823 = ORIENTED_EDGE ( 'NONE', *, *, #1233, .T. ) ;
#6822 = PRESENTATION_LAYER_ASSIGNMENT (  '', '', ( #1115 ) ) ;
#6824 = CARTESIAN_POINT ( 'NONE',  ( -0.1299999999999996991, 0.2000000000000000111, -2.500000000000000444 ) ) ;
#6825 = LINE ( 'NONE', #7976, #4522 ) ;
#6826 = ORIENTED_EDGE ( 'NONE', *, *, #8694, .T. ) ;
#6827 = PLANE ( 'NONE',  #2274 ) ;
#6828 = CARTESIAN_POINT ( 'NONE',  ( 1.370000000000000329, 0.2000000000000000111, -2.500000000000000444 ) ) ;
#6829 = ORIENTED_EDGE ( 'NONE', *, *, #6908, .F. ) ;
#6830 = CARTESIAN_POINT ( 'NONE',  ( -0.8700000000000001066, 0.6664761515876257425, -2.100000000000000089 ) ) ;
#6831 = ADVANCED_FACE ( 'NONE', ( #4864 ), #4509, .T. ) ;
#6832 = VECTOR ( 'NONE', #2202, 1000.000000000000000 ) ;
#6833 = ORIENTED_EDGE ( 'NONE', *, *, #5108, .T. ) ;
#6834 = DIRECTION ( 'NONE',  ( 3.614007241618325499E-15, -0.000000000000000000, 1.000000000000000000 ) ) ;
#6835 = AXIS2_PLACEMENT_3D ( 'NONE', #5439, #7080, #3173 ) ;
#6836 = DIRECTION ( 'NONE',  ( -0.000000000000000000, -1.000000000000000000, -0.000000000000000000 ) ) ;
#6837 = VERTEX_POINT ( 'NONE', #3601 ) ;
#6838 = EDGE_CURVE ( 'NONE', #6036, #2666, #8360, .T. ) ;
#6839 = DIRECTION ( 'NONE',  ( -0.000000000000000000, -0.000000000000000000, 1.000000000000000000 ) ) ;
#6840 = ORIENTED_EDGE ( 'NONE', *, *, #5252, .T. ) ;
#6841 = DIRECTION ( 'NONE',  ( 0.000000000000000000, -0.000000000000000000, -1.000000000000000000 ) ) ;
#6842 = LINE ( 'NONE', #4076, #7317 ) ;
#6843 = CARTESIAN_POINT ( 'NONE',  ( -0.3700000000000008282, 0.05000000000000000278, 2.005774019098186901E-16 ) ) ;
#6844 = CARTESIAN_POINT ( 'NONE',  ( 1.630000000000000338, 0.6664761515876257425, 2.100000000000000977 ) ) ;
#6845 = VECTOR ( 'NONE', #5850, 1000.000000000000000 ) ;
#6846 = ORIENTED_EDGE ( 'NONE', *, *, #8928, .F. ) ;
#6847 = ADVANCED_FACE ( 'NONE', ( #3072 ), #9963, .F. ) ;
#6848 = VERTEX_POINT ( 'NONE', #709 ) ;
#6849 = DIRECTION ( 'NONE',  ( 0.000000000000000000, -1.000000000000000000, 0.000000000000000000 ) ) ;
#6850 = LINE ( 'NONE', #608, #673 ) ;
#6851 = LINE ( 'NONE', #8068, #6126 ) ;
#6852 = EDGE_CURVE ( 'NONE', #4832, #6965, #9810, .T. ) ;
#6853 = EDGE_LOOP ( 'NONE', ( #7765, #5790, #6147, #7129 ) ) ;
#6854 = ORIENTED_EDGE ( 'NONE', *, *, #9005, .F. ) ;
#6855 =( LENGTH_UNIT ( ) NAMED_UNIT ( * ) SI_UNIT ( .MILLI., .METRE. ) );
#6856 = VECTOR ( 'NONE', #2832, 1000.000000000000000 ) ;
#6857 = AXIS2_PLACEMENT_3D ( 'NONE', #4729, #876, #9359 ) ;
#6858 = DIRECTION ( 'NONE',  ( 0.000000000000000000, -1.000000000000000000, 0.000000000000000000 ) ) ;
#6859 = VECTOR ( 'NONE', #2520, 1000.000000000000000 ) ;
#6860 = ORIENTED_EDGE ( 'NONE', *, *, #3687, .F. ) ;
#6861 = CARTESIAN_POINT ( 'NONE',  ( 0.8700000000000018829, 0.2000000000000000111, 2.100000000000000089 ) ) ;
#6862 = VERTEX_POINT ( 'NONE', #3024 ) ;
#6863 = EDGE_CURVE ( 'NONE', #3281, #4221, #2475, .T. ) ;
#6864 = DIRECTION ( 'NONE',  ( 0.000000000000000000, -1.000000000000000000, 0.000000000000000000 ) ) ;
#6865 = CARTESIAN_POINT ( 'NONE',  ( 0.6299999999999998934, 0.04999999999999999584, -2.100000000000000089 ) ) ;
#6866 = VECTOR ( 'NONE', #1624, 1000.000000000000000 ) ;
#6867 = ORIENTED_EDGE ( 'NONE', *, *, #1620, .T. ) ;
#6868 = LINE ( 'NONE', #92, #4796 ) ;
#6869 = DIRECTION ( 'NONE',  ( 0.000000000000000000, 1.000000000000000000, 0.000000000000000000 ) ) ;
#6870 = ORIENTED_EDGE ( 'NONE', *, *, #1302, .F. ) ;
#6871 = CARTESIAN_POINT ( 'NONE',  ( -1.129999999999999671, 0.04999999999999969746, -2.500000000000000444 ) ) ;
#6872 = CARTESIAN_POINT ( 'NONE',  ( -2.100000000000001865, 0.1999999999999999833, 1.369999999999999662 ) ) ;
#6873 = EDGE_LOOP ( 'NONE', ( #9933, #3231, #7033, #5440 ) ) ;
#6874 = EDGE_CURVE ( 'NONE', #9809, #8864, #7532, .T. ) ;
#6875 = VECTOR ( 'NONE', #5773, 1000.000000000000000 ) ;
#6876 = CARTESIAN_POINT ( 'NONE',  ( 0.8700000000000018829, 0.000000000000000000, 2.100000000000000089 ) ) ;
#6877 = VECTOR ( 'NONE', #7140, 1000.000000000000000 ) ;
#6878 = EDGE_LOOP ( 'NONE', ( #1909, #1830, #9634, #6779 ) ) ;
#6879 = LINE ( 'NONE', #7050, #7816 ) ;
#6880 = ADVANCED_FACE ( 'NONE', ( #1726 ), #5408, .F. ) ;
#6881 = ORIENTED_EDGE ( 'NONE', *, *, #6252, .T. ) ;
#6882 = LINE ( 'NONE', #464, #8067 ) ;
#6883 = ORIENTED_EDGE ( 'NONE', *, *, #4820, .T. ) ;
#6884 = VECTOR ( 'NONE', #4550, 1000.000000000000000 ) ;
#6885 = ORIENTED_EDGE ( 'NONE', *, *, #2076, .T. ) ;
#6886 = LINE ( 'NONE', #3110, #5812 ) ;
#6887 = VERTEX_POINT ( 'NONE', #6131 ) ;
#6888 = AXIS2_PLACEMENT_3D ( 'NONE', #6784, #7538, #9027 ) ;
#6889 = ADVANCED_FACE ( 'NONE', ( #8592 ), #3830, .F. ) ;
#6890 = VERTEX_POINT ( 'NONE', #4567 ) ;
#6891 = EDGE_CURVE ( 'NONE', #5390, #8785, #5599, .T. ) ;
#6892 = VECTOR ( 'NONE', #8084, 1000.000000000000000 ) ;
#6893 = ORIENTED_EDGE ( 'NONE', *, *, #1195, .F. ) ;
#6894 = FILL_AREA_STYLE_COLOUR ( '', #2470 ) ;
#6895 = LINE ( 'NONE', #7406, #3886 ) ;
#6896 = LINE ( 'NONE', #1827, #2924 ) ;
#6897 = DIRECTION ( 'NONE',  ( 0.000000000000000000, -1.000000000000000000, 0.000000000000000000 ) ) ;
#6898 = CARTESIAN_POINT ( 'NONE',  ( 2.500000000000002220, 0.6664761515876249653, 1.629999999999998117 ) ) ;
#6899 = VERTEX_POINT ( 'NONE', #3867 ) ;
#6900 = CARTESIAN_POINT ( 'NONE',  ( -1.129999999999998561, 0.000000000000000000, -2.100000000000000089 ) ) ;
#6901 =( NAMED_UNIT ( * ) SI_UNIT ( $, .STERADIAN. ) SOLID_ANGLE_UNIT ( ) );
#6902 =( LENGTH_UNIT ( ) NAMED_UNIT ( * ) SI_UNIT ( .MILLI., .METRE. ) );
#6903 = CARTESIAN_POINT ( 'NONE',  ( 0.000000000000000000, 0.2000000000000000111, 0.000000000000000000 ) ) ;
#6904 = LINE ( 'NONE', #3824, #8440 ) ;
#6905 = EDGE_LOOP ( 'NONE', ( #6769, #3359, #8464, #1707 ) ) ;
#6906 = LINE ( 'NONE', #5697, #5569 ) ;
#6907 = ORIENTED_EDGE ( 'NONE', *, *, #6533, .F. ) ;
#6908 = EDGE_CURVE ( 'NONE', #8804, #3947, #8714, .T. ) ;
#6909 = MANIFOLD_SOLID_BREP ( 'LPattern3[7]', #986 ) ;
#6910 = ORIENTED_EDGE ( 'NONE', *, *, #8010, .F. ) ;
#6911 = CARTESIAN_POINT ( 'NONE',  ( 0.8700000000000014388, 0.6664761515876257425, -2.100000000000000089 ) ) ;
#6912 = DIRECTION ( 'NONE',  ( -1.000000000000000000, 0.000000000000000000, 0.000000000000000000 ) ) ;
#6913 = FACE_OUTER_BOUND ( 'NONE', #4491, .T. ) ;
#6914 = ORIENTED_EDGE ( 'NONE', *, *, #9023, .F. ) ;
#6915 = CARTESIAN_POINT ( 'NONE',  ( -2.100000000000001865, 0.000000000000000000, -0.1300000000000003375 ) ) ;
#6916 = DIRECTION ( 'NONE',  ( 1.000000000000000000, 0.000000000000000000, 0.000000000000000000 ) ) ;
#6917 = DIRECTION ( 'NONE',  ( 0.000000000000000000, 1.000000000000000000, 0.000000000000000000 ) ) ;
#6918 = EDGE_CURVE ( 'NONE', #3420, #60, #2106, .T. ) ;
#6919 = FACE_OUTER_BOUND ( 'NONE', #6689, .T. ) ;
#6920 = EDGE_CURVE ( 'NONE', #2189, #4017, #7523, .T. ) ;
#6921 = CARTESIAN_POINT ( 'NONE',  ( 0.8700000000000018829, 0.6664761515876257425, 2.100000000000000089 ) ) ;
#6922 = ORIENTED_EDGE ( 'NONE', *, *, #1556, .F. ) ;
#6923 = ORIENTED_EDGE ( 'NONE', *, *, #2396, .T. ) ;
#6924 = VECTOR ( 'NONE', #8120, 1000.000000000000000 ) ;
#6925 = ADVANCED_FACE ( 'NONE', ( #392 ), #1525, .F. ) ;
#6926 = DIRECTION ( 'NONE',  ( 2.168404344971008079E-15, -0.000000000000000000, -1.000000000000000000 ) ) ;
#6927 = CARTESIAN_POINT ( 'NONE',  ( -1.370000000000000107, 0.2000000000000000111, -2.100000000000000089 ) ) ;
#6928 = CARTESIAN_POINT ( 'NONE',  ( 0.6300000000000003375, 0.2000000000000000111, 2.100000000000000977 ) ) ;
#6929 = ORIENTED_EDGE ( 'NONE', *, *, #2073, .F. ) ;
#6930 = EDGE_CURVE ( 'NONE', #2108, #3602, #4406, .T. ) ;
#6931 = DIRECTION ( 'NONE',  ( -1.000000000000000000, 0.000000000000000000, 0.000000000000000000 ) ) ;
#6932 = EDGE_CURVE ( 'NONE', #4592, #4683, #5245, .T. ) ;
#6933 = CARTESIAN_POINT ( 'NONE',  ( -2.500000000000002220, 0.1999999999999999833, -1.630000000000000338 ) ) ;
#6934 = LINE ( 'NONE', #7878, #3690 ) ;
#6935 = ORIENTED_EDGE ( 'NONE', *, *, #1419, .T. ) ;
#6936 = LINE ( 'NONE', #6809, #5733 ) ;
#6937 = SURFACE_SIDE_STYLE ('',( #1085 ) ) ;
#6939 = ADVANCED_FACE ( 'NONE', ( #4519 ), #94, .T. ) ;
#6938 = VERTEX_POINT ( 'NONE', #5571 ) ;
#6940 = CARTESIAN_POINT ( 'NONE',  ( 1.370000000000001439, 0.1999999999999999833, -2.100000000000000089 ) ) ;
#6941 = VERTEX_POINT ( 'NONE', #9230 ) ;
#6942 = EDGE_CURVE ( 'NONE', #3644, #1433, #8351, .T. ) ;
#6943 = COLOUR_RGB ( '',0.7921568627450980005, 0.8196078431372548767, 0.9333333333333333481 ) ;
#6944 = VERTEX_POINT ( 'NONE', #4627 ) ;
#6945 = EDGE_LOOP ( 'NONE', ( #3045, #658, #8277, #45 ) ) ;
#6946 = CARTESIAN_POINT ( 'NONE',  ( 2.100000000000001865, 0.000000000000000000, 0.8699999999999996625 ) ) ;
#6947 = PLANE ( 'NONE',  #1240 ) ;
#6948 = LINE ( 'NONE', #9371, #4045 ) ;
#6949 = EDGE_LOOP ( 'NONE', ( #3940, #5197, #9113, #7320 ) ) ;
#6950 = CLOSED_SHELL ( 'NONE', ( #1607, #1211, #2287, #9378, #1280, #826 ) ) ;
#6951 = VECTOR ( 'NONE', #1588, 1000.000000000000000 ) ;
#6952 = CARTESIAN_POINT ( 'NONE',  ( 0.3700000000000018274, 0.2000000000000000111, 2.100000000000000089 ) ) ;
#6954 = VECTOR ( 'NONE', #2970, 1000.000000000000000 ) ;
#6953 =( GEOMETRIC_REPRESENTATION_CONTEXT ( 3 ) GLOBAL_UNCERTAINTY_ASSIGNED_CONTEXT ( ( #513 ) ) GLOBAL_UNIT_ASSIGNED_CONTEXT ( ( #7972, #214, #1950 ) ) REPRESENTATION_CONTEXT ( 'NONE', 'WORKASPACE' ) );
#6955 = DIRECTION ( 'NONE',  ( 1.000000000000000000, 0.000000000000000000, 0.000000000000000000 ) ) ;
#6956 = DIRECTION ( 'NONE',  ( -0.000000000000000000, -0.000000000000000000, 1.000000000000000000 ) ) ;
#6957 = LINE ( 'NONE', #5780, #3936 ) ;
#6958 = ORIENTED_EDGE ( 'NONE', *, *, #4223, .T. ) ;
#6959 = EDGE_CURVE ( 'NONE', #9631, #4418, #4269, .T. ) ;
#6960 = DIRECTION ( 'NONE',  ( 0.000000000000000000, 0.000000000000000000, -1.000000000000000000 ) ) ;
#6961 = VERTEX_POINT ( 'NONE', #9291 ) ;
#6962 = LINE ( 'NONE', #3576, #3341 ) ;
#6963 = CARTESIAN_POINT ( 'NONE',  ( 0.3700000000000013833, 0.1999999999999999833, -2.100000000000000089 ) ) ;
#6964 = LINE ( 'NONE', #4887, #6736 ) ;
#6965 = VERTEX_POINT ( 'NONE', #160 ) ;
#6966 = CARTESIAN_POINT ( 'NONE',  ( -2.500000000000002220, 0.000000000000000000, -1.630000000000000338 ) ) ;
#6967 = ORIENTED_EDGE ( 'NONE', *, *, #652, .T. ) ;
#6968 =( GEOMETRIC_REPRESENTATION_CONTEXT ( 3 ) GLOBAL_UNCERTAINTY_ASSIGNED_CONTEXT ( ( #4843 ) ) GLOBAL_UNIT_ASSIGNED_CONTEXT ( ( #9696, #9729, #1385 ) ) REPRESENTATION_CONTEXT ( 'NONE', 'WORKASPACE' ) );
#6969 = ADVANCED_FACE ( 'NONE', ( #6211 ), #838, .F. ) ;
#6970 = EDGE_CURVE ( 'NONE', #9151, #5945, #149, .T. ) ;
#6971 = LINE ( 'NONE', #3588, #1171 ) ;
#6972 = FILL_AREA_STYLE_COLOUR ( '', #4099 ) ;
#6973 = CARTESIAN_POINT ( 'NONE',  ( 0.8700000000000014388, 0.1999999999999999833, -2.100000000000000089 ) ) ;
#6974 = DIRECTION ( 'NONE',  ( 0.000000000000000000, 0.000000000000000000, -1.000000000000000000 ) ) ;
#6975 = LINE ( 'NONE', #7952, #7685 ) ;
#6976 = ORIENTED_EDGE ( 'NONE', *, *, #2800, .T. ) ;
#6977 = LINE ( 'NONE', #1267, #5643 ) ;
#6978 = ORIENTED_EDGE ( 'NONE', *, *, #962, .T. ) ;
#6979 = CARTESIAN_POINT ( 'NONE',  ( 2.499999999999998668, 0.2000000000000005107, 0.6299999999999980060 ) ) ;
#6980 = ADVANCED_FACE ( 'NONE', ( #8117 ), #5498, .F. ) ;
#6981 = FACE_OUTER_BOUND ( 'NONE', #7826, .T. ) ;
#6982 = ORIENTED_EDGE ( 'NONE', *, *, #7474, .T. ) ;
#6983 = LINE ( 'NONE', #4198, #5789 ) ;
#6984 = EDGE_CURVE ( 'NONE', #8221, #6997, #8242, .T. ) ;
#6985 = ORIENTED_EDGE ( 'NONE', *, *, #126, .T. ) ;
#6986 = DIRECTION ( 'NONE',  ( 1.000000000000000000, 0.000000000000000000, -3.614007241618325499E-15 ) ) ;
#6987 = DIRECTION ( 'NONE',  ( 3.614007241618325499E-15, -0.000000000000000000, 1.000000000000000000 ) ) ;
#6988 = CARTESIAN_POINT ( 'NONE',  ( -1.869999999999999440, 0.2000000000000000111, 2.500000000000001332 ) ) ;
#6989 = DIRECTION ( 'NONE',  ( 0.000000000000000000, -1.000000000000000000, 0.000000000000000000 ) ) ;
#6990 = CARTESIAN_POINT ( 'NONE',  ( 1.870000000000001439, 0.2000000000000000111, -2.100000000000000089 ) ) ;
#6991 = SURFACE_SIDE_STYLE ('',( #2223 ) ) ;
#6992 = VECTOR ( 'NONE', #2560, 1000.000000000000000 ) ;
#6993 = VERTEX_POINT ( 'NONE', #3923 ) ;
#6994 = PLANE ( 'NONE',  #609 ) ;
#6995 = VECTOR ( 'NONE', #2294, 1000.000000000000000 ) ;
#6996 = ORIENTED_EDGE ( 'NONE', *, *, #9056, .F. ) ;
#6997 = VERTEX_POINT ( 'NONE', #7880 ) ;
#6998 = EDGE_CURVE ( 'NONE', #7254, #9192, #6094, .T. ) ;
#6999 = MECHANICAL_DESIGN_GEOMETRIC_PRESENTATION_REPRESENTATION (  '', ( #5005 ), #9068 ) ;
#7000 = DIRECTION ( 'NONE',  ( 0.000000000000000000, -0.000000000000000000, 1.000000000000000000 ) ) ;
#7001 = EDGE_LOOP ( 'NONE', ( #3310, #9242, #2310, #7629 ) ) ;
#7002 = AXIS2_PLACEMENT_3D ( 'NONE', #9885, #6754, #7513 ) ;
#7003 = DIRECTION ( 'NONE',  ( 1.000000000000000000, 0.000000000000000000, -5.421010862427520198E-16 ) ) ;
#7004 = VECTOR ( 'NONE', #7377, 1000.000000000000000 ) ;
#7005 = VERTEX_POINT ( 'NONE', #6341 ) ;
#7006 = VECTOR ( 'NONE', #862, 1000.000000000000000 ) ;
#7007 = EDGE_LOOP ( 'NONE', ( #7600, #5380, #8429, #6469 ) ) ;
#7008 = ORIENTED_EDGE ( 'NONE', *, *, #4632, .T. ) ;
#7009 = VECTOR ( 'NONE', #8659, 1000.000000000000000 ) ;
#7010 = ORIENTED_EDGE ( 'NONE', *, *, #9083, .F. ) ;
#7011 = CARTESIAN_POINT ( 'NONE',  ( -2.500000000000002220, 0.1999999999999999833, 1.869999999999999662 ) ) ;
#7012 = ORIENTED_EDGE ( 'NONE', *, *, #6222, .T. ) ;
#7013 = ORIENTED_EDGE ( 'NONE', *, *, #5483, .T. ) ;
#7014 = EDGE_CURVE ( 'NONE', #6489, #9091, #5722, .T. ) ;
#7016 = ADVANCED_FACE ( 'NONE', ( #8582 ), #7054, .T. ) ;
#7015 = VECTOR ( 'NONE', #8237, 1000.000000000000000 ) ;
#7017 = DIRECTION ( 'NONE',  ( 2.710505431213760691E-15, -0.000000000000000000, 1.000000000000000000 ) ) ;
#7018 = ORIENTED_EDGE ( 'NONE', *, *, #494, .F. ) ;
#7019 = CARTESIAN_POINT ( 'NONE',  ( 2.500000000000002220, 0.1999999999999999833, -0.6300000000000003375 ) ) ;
#7020 = CARTESIAN_POINT ( 'NONE',  ( 0.000000000000000000, 0.000000000000000000, 3.500000000000000000 ) ) ;
#7021 = CARTESIAN_POINT ( 'NONE',  ( 2.100000000000001865, 0.6664761515876249653, -1.130000000000000338 ) ) ;
#7022 = CARTESIAN_POINT ( 'NONE',  ( -2.500000000000002220, 0.1999999999999999833, -1.130000000000000338 ) ) ;
#7023 = VECTOR ( 'NONE', #6009, 1000.000000000000000 ) ;
#7024 = MANIFOLD_SOLID_BREP ( 'LPattern3[8]', #80 ) ;
#7025 = VERTEX_POINT ( 'NONE', #904 ) ;
#7026 = DIRECTION ( 'NONE',  ( 0.000000000000000000, -0.000000000000000000, -1.000000000000000000 ) ) ;
#7027 = AXIS2_PLACEMENT_3D ( 'NONE', #8465, #3882, #3845 ) ;
#7028 = FACE_OUTER_BOUND ( 'NONE', #9185, .T. ) ;
#7029 = VERTEX_POINT ( 'NONE', #1646 ) ;
#7030 = EDGE_CURVE ( 'NONE', #2797, #7482, #874, .T. ) ;
#7031 = ADVANCED_FACE ( 'NONE', ( #1377 ), #7088, .F. ) ;
#7032 = CARTESIAN_POINT ( 'NONE',  ( 0.8700000000000014388, 0.2000000000000000111, -2.100000000000000089 ) ) ;
#7033 = ORIENTED_EDGE ( 'NONE', *, *, #7681, .F. ) ;
#7034 = CARTESIAN_POINT ( 'NONE',  ( 1.870000000000001883, 0.1999999999999999833, 2.100000000000000089 ) ) ;
#7035 = LINE ( 'NONE', #8686, #4858 ) ;
#7036 = ORIENTED_EDGE ( 'NONE', *, *, #4975, .T. ) ;
#7037 = SURFACE_STYLE_USAGE ( .BOTH. , #3260 ) ;
#7038 = CARTESIAN_POINT ( 'NONE',  ( -0.1299999999999996991, 0.1999999999999999833, -2.500000000000000444 ) ) ;
#7039 = DIRECTION ( 'NONE',  ( 1.000000000000000000, 0.000000000000000000, -3.614007241618325499E-15 ) ) ;
#7040 = VERTEX_POINT ( 'NONE', #1779 ) ;
#7041 = EDGE_CURVE ( 'NONE', #6890, #5997, #8839, .T. ) ;
#7042 = CARTESIAN_POINT ( 'NONE',  ( -1.129999999999998117, 0.1999999999999999833, 2.100000000000000089 ) ) ;
#7043 = FACE_OUTER_BOUND ( 'NONE', #9169, .T. ) ;
#7044 = VERTEX_POINT ( 'NONE', #8749 ) ;
#7045 = CARTESIAN_POINT ( 'NONE',  ( -0.8700000000000001066, 0.2000000000000000111, -2.500000000000000444 ) ) ;
#7046 = AXIS2_PLACEMENT_3D ( 'NONE', #8195, #8979, #9803 ) ;
#7047 = CARTESIAN_POINT ( 'NONE',  ( -2.100000000000001865, 0.1999999999999999833, 1.129999999999998117 ) ) ;
#7048 = ORIENTED_EDGE ( 'NONE', *, *, #974, .F. ) ;
#7049 = CARTESIAN_POINT ( 'NONE',  ( 2.499999999999998668, 0.05000000000000000278, 2.499999999999999556 ) ) ;
#7050 = CARTESIAN_POINT ( 'NONE',  ( -2.100000000000001865, 0.1999999999999999833, -0.6300000000000003375 ) ) ;
#7051 = VECTOR ( 'NONE', #6072, 1000.000000000000000 ) ;
#7052 = DIRECTION ( 'NONE',  ( 1.000000000000000000, -0.000000000000000000, -0.000000000000000000 ) ) ;
#7053 = EDGE_CURVE ( 'NONE', #2864, #6965, #638, .T. ) ;
#7054 = PLANE ( 'NONE',  #2337 ) ;
#7055 = ORIENTED_EDGE ( 'NONE', *, *, #1768, .T. ) ;
#7056 = PLANE ( 'NONE',  #3196 ) ;
#7057 = ORIENTED_EDGE ( 'NONE', *, *, #9037, .T. ) ;
#7058 = VERTEX_POINT ( 'NONE', #5744 ) ;
#7059 = CARTESIAN_POINT ( 'NONE',  ( 2.500000000000002220, 0.04999999999999969746, -0.6300000000000003375 ) ) ;
#7060 = PLANE ( 'NONE',  #5490 ) ;
#7061 = ORIENTED_EDGE ( 'NONE', *, *, #6546, .T. ) ;
#7062 = PRODUCT_DEFINITION ( 'UNKNOWN', '', #7577, #3042 ) ;
#7063 = LINE ( 'NONE', #7809, #1998 ) ;
#7064 = EDGE_CURVE ( 'NONE', #5215, #4883, #9542, .T. ) ;
#7065 = PLANE ( 'NONE',  #1589 ) ;
#7066 = VECTOR ( 'NONE', #40, 1000.000000000000000 ) ;
#7067 = VERTEX_POINT ( 'NONE', #6413 ) ;
#7068 = DIRECTION ( 'NONE',  ( -1.000000000000000000, -0.000000000000000000, -0.000000000000000000 ) ) ;
#7069 = ORIENTED_EDGE ( 'NONE', *, *, #9379, .F. ) ;
#7070 = DIRECTION ( 'NONE',  ( 1.000000000000000000, 0.000000000000000000, 0.000000000000000000 ) ) ;
#7071 = CARTESIAN_POINT ( 'NONE',  ( 0.6300000000000003375, 0.2000000000000000111, 2.100000000000000977 ) ) ;
#7072 = LINE ( 'NONE', #9313, #4174 ) ;
#7073 = PRESENTATION_STYLE_ASSIGNMENT (( #294 ) ) ;
#7074 = UNCERTAINTY_MEASURE_WITH_UNIT (LENGTH_MEASURE( 1.000000000000000082E-05 ), #9064, 'distance_accuracy_value', 'NONE');
#7075 = ADVANCED_FACE ( 'NONE', ( #990 ), #3308, .F. ) ;
#7076 = LINE ( 'NONE', #500, #1637 ) ;
#7077 = ORIENTED_EDGE ( 'NONE', *, *, #353, .F. ) ;
#7078 = FILL_AREA_STYLE_COLOUR ( '', #2065 ) ;
#7079 = EDGE_LOOP ( 'NONE', ( #308, #5320, #3257, #1596 ) ) ;
#7080 = DIRECTION ( 'NONE',  ( -1.000000000000000000, 0.000000000000000000, -2.168404344971008079E-15 ) ) ;
#7081 = AXIS2_PLACEMENT_3D ( 'NONE', #1831, #270, #7279 ) ;
#7082 = CARTESIAN_POINT ( 'NONE',  ( 0.8700000000000003286, 0.1999999999999999833, -2.500000000000000444 ) ) ;
#7083 = DIRECTION ( 'NONE',  ( 0.000000000000000000, 0.000000000000000000, -1.000000000000000000 ) ) ;
#7084 = VECTOR ( 'NONE', #9523, 1000.000000000000000 ) ;
#7085 = CARTESIAN_POINT ( 'NONE',  ( -2.500000000000002220, 0.1999999999999999833, 1.129999999999998117 ) ) ;
#7086 = EDGE_CURVE ( 'NONE', #8864, #3391, #2965, .T. ) ;
#7087 = DIRECTION ( 'NONE',  ( 2.710505431213760691E-15, 0.000000000000000000, 1.000000000000000000 ) ) ;
#7088 = PLANE ( 'NONE',  #7936 ) ;
#7089 = LINE ( 'NONE', #4856, #5166 ) ;
#7090 = VERTEX_POINT ( 'NONE', #5674 ) ;
#7091 = LINE ( 'NONE', #3342, #8633 ) ;
#7092 = DIRECTION ( 'NONE',  ( 1.000000000000000000, -0.000000000000000000, -3.614007241618342065E-15 ) ) ;
#7093 = ORIENTED_EDGE ( 'NONE', *, *, #8639, .F. ) ;
#7094 = CARTESIAN_POINT ( 'NONE',  ( -1.129999999999999671, 0.2000000000000000111, -2.500000000000000444 ) ) ;
#7095 = EDGE_CURVE ( 'NONE', #7114, #6101, #5463, .T. ) ;
#7096 = VECTOR ( 'NONE', #2582, 1000.000000000000000 ) ;
#7097 = ORIENTED_EDGE ( 'NONE', *, *, #5407, .T. ) ;
#7098 = LINE ( 'NONE', #2898, #8174 ) ;
#7099 = ORIENTED_EDGE ( 'NONE', *, *, #4663, .F. ) ;
#7100 = EDGE_CURVE ( 'NONE', #3376, #718, #7035, .T. ) ;
#7101 = CARTESIAN_POINT ( 'NONE',  ( -1.629999999999998561, 0.04999999999999999584, -2.100000000000000089 ) ) ;
#7102 = ORIENTED_EDGE ( 'NONE', *, *, #5367, .T. ) ;
#7103 = VECTOR ( 'NONE', #9618, 1000.000000000000000 ) ;
#7104 = DIRECTION ( 'NONE',  ( 0.000000000000000000, -1.000000000000000000, 0.000000000000000000 ) ) ;
#7105 = DIRECTION ( 'NONE',  ( -1.000000000000000000, 0.000000000000000000, 0.000000000000000000 ) ) ;
#7106 = LINE ( 'NONE', #3365, #95 ) ;
#7107 = ORIENTED_EDGE ( 'NONE', *, *, #381, .T. ) ;
#7108 = LINE ( 'NONE', #2688, #1917 ) ;
#7109 = CARTESIAN_POINT ( 'NONE',  ( -0.8700000000000001066, 0.05000000000000000278, 0.000000000000000000 ) ) ;
#7110 = ORIENTED_EDGE ( 'NONE', *, *, #8915, .F. ) ;
#7111 = AXIS2_PLACEMENT_3D ( 'NONE', #9611, #7216, #7249 ) ;
#7112 = EDGE_CURVE ( 'NONE', #237, #8335, #6812, .T. ) ;
#7113 = LINE ( 'NONE', #3689, #6052 ) ;
#7114 = VERTEX_POINT ( 'NONE', #1146 ) ;
#7115 = EDGE_CURVE ( 'NONE', #2673, #1789, #863, .T. ) ;
#7116 = ADVANCED_FACE ( 'NONE', ( #9298 ), #322, .F. ) ;
#7117 = LINE ( 'NONE', #7637, #9043 ) ;
#7118 = VERTEX_POINT ( 'NONE', #5631 ) ;
#7119 = VECTOR ( 'NONE', #5567, 1000.000000000000000 ) ;
#7120 = DIRECTION ( 'NONE',  ( 0.000000000000000000, -1.000000000000000000, 0.000000000000000000 ) ) ;
#7121 = CARTESIAN_POINT ( 'NONE',  ( -2.500000000000002220, 0.6664761515876249653, -1.130000000000000338 ) ) ;
#7122 = DIRECTION ( 'NONE',  ( -1.000000000000000000, 0.000000000000000000, 0.000000000000000000 ) ) ;
#7123 = EDGE_LOOP ( 'NONE', ( #6667, #8133, #5444, #6829 ) ) ;
#7124 = CARTESIAN_POINT ( 'NONE',  ( 1.630000000000000560, 0.6664761515876257425, 2.500000000000001332 ) ) ;
#7125 = DIRECTION ( 'NONE',  ( 0.000000000000000000, 0.000000000000000000, -1.000000000000000000 ) ) ;
#7126 = DIRECTION ( 'NONE',  ( 0.000000000000000000, 0.000000000000000000, 1.000000000000000000 ) ) ;
#7127 = VECTOR ( 'NONE', #4042, 1000.000000000000000 ) ;
#7128 = DIRECTION ( 'NONE',  ( 1.000000000000000000, 0.000000000000000000, -3.614007241618325499E-15 ) ) ;
#7129 = ORIENTED_EDGE ( 'NONE', *, *, #1278, .F. ) ;
#7130 = LINE ( 'NONE', #8131, #7837 ) ;
#7131 = EDGE_CURVE ( 'NONE', #3040, #7793, #7517, .T. ) ;
#7132 = EDGE_LOOP ( 'NONE', ( #3963, #7519, #7205, #7888 ) ) ;
#7133 = ADVANCED_FACE ( 'NONE', ( #1366 ), #292, .F. ) ;
#7134 = VERTEX_POINT ( 'NONE', #9522 ) ;
#7135 = VECTOR ( 'NONE', #877, 1000.000000000000000 ) ;
#7136 = CARTESIAN_POINT ( 'NONE',  ( -1.129999999999998117, 0.6664761515876257425, 2.100000000000000089 ) ) ;
#7137 = ORIENTED_EDGE ( 'NONE', *, *, #5388, .T. ) ;
#7138 = DIRECTION ( 'NONE',  ( 0.000000000000000000, 1.000000000000000000, 0.000000000000000000 ) ) ;
#7139 = ORIENTED_EDGE ( 'NONE', *, *, #7315, .T. ) ;
#7140 = DIRECTION ( 'NONE',  ( 1.000000000000000000, -0.000000000000000000, -3.614007241618342065E-15 ) ) ;
#7141 = DIRECTION ( 'NONE',  ( -0.000000000000000000, 0.000000000000000000, -1.000000000000000000 ) ) ;
#7142 = LINE ( 'NONE', #2496, #9078 ) ;
#7143 = CARTESIAN_POINT ( 'NONE',  ( -2.500000000000002220, 0.1999999999999999833, -0.1300000000000003375 ) ) ;
#7144 = CARTESIAN_POINT ( 'NONE',  ( -2.100000000000001865, 0.000000000000000000, 0.8699999999999996625 ) ) ;
#7145 = VERTEX_POINT ( 'NONE', #9591 ) ;
#7146 = AXIS2_PLACEMENT_3D ( 'NONE', #4965, #1883, #364 ) ;
#7147 = ORIENTED_EDGE ( 'NONE', *, *, #8243, .F. ) ;
#7148 = EDGE_CURVE ( 'NONE', #9343, #2864, #1598, .T. ) ;
#7149 = LINE ( 'NONE', #858, #2334 ) ;
#7150 = CARTESIAN_POINT ( 'NONE',  ( -2.100000000000001865, 0.000000000000000000, -1.870000000000001883 ) ) ;
#7151 = DIRECTION ( 'NONE',  ( 0.000000000000000000, -1.000000000000000000, 0.000000000000000000 ) ) ;
#7152 = FILL_AREA_STYLE ('',( #3382 ) ) ;
#7153 = ORIENTED_EDGE ( 'NONE', *, *, #6613, .F. ) ;
#7154 = CARTESIAN_POINT ( 'NONE',  ( -2.100000000000001865, 0.1999999999999999833, 0.8699999999999996625 ) ) ;
#7155 = PLANE ( 'NONE',  #2103 ) ;
#7156 = ORIENTED_EDGE ( 'NONE', *, *, #1639, .T. ) ;
#7157 = DIRECTION ( 'NONE',  ( 1.000000000000000000, 0.000000000000000000, 0.000000000000000000 ) ) ;
#7158 = CARTESIAN_POINT ( 'NONE',  ( 0.6300000000000003375, 0.000000000000000000, 2.100000000000000977 ) ) ;
#7159 = CARTESIAN_POINT ( 'NONE',  ( 1.629999999999999893, 0.2000000000000000111, -2.100000000000000089 ) ) ;
#7160 = FACE_OUTER_BOUND ( 'NONE', #3957, .T. ) ;
#7161 = EDGE_CURVE ( 'NONE', #7239, #5669, #7407, .T. ) ;
#7162 = ORIENTED_EDGE ( 'NONE', *, *, #7302, .F. ) ;
#7163 = DIRECTION ( 'NONE',  ( -5.421010862427520198E-16, 0.000000000000000000, -1.000000000000000000 ) ) ;
#7164 = CLOSED_SHELL ( 'NONE', ( #6925, #9690, #2801, #5560, #749, #1565 ) ) ;
#7165 = ADVANCED_FACE ( 'NONE', ( #3553 ), #8789, .F. ) ;
#7166 = LINE ( 'NONE', #7643, #4278 ) ;
#7167 = ORIENTED_EDGE ( 'NONE', *, *, #3384, .T. ) ;
#7168 = VECTOR ( 'NONE', #7654, 1000.000000000000000 ) ;
#7169 = AXIS2_PLACEMENT_3D ( 'NONE', #7688, #7138, #203 ) ;
#7170 = CARTESIAN_POINT ( 'NONE',  ( -2.100000000000001865, 0.6664761515876249653, -0.1300000000000003375 ) ) ;
#7171 = DIRECTION ( 'NONE',  ( 0.000000000000000000, -1.000000000000000000, 0.000000000000000000 ) ) ;
#7172 = ORIENTED_EDGE ( 'NONE', *, *, #3, .F. ) ;
#7173 = PLANE ( 'NONE',  #6565 ) ;
#7174 = DIRECTION ( 'NONE',  ( -0.000000000000000000, 0.000000000000000000, 1.000000000000000000 ) ) ;
#7175 = PLANE ( 'NONE',  #4609 ) ;
#7176 = EDGE_CURVE ( 'NONE', #3580, #2147, #7745, .T. ) ;
#7177 = PLANE ( 'NONE',  #1605 ) ;
#7178 = CARTESIAN_POINT ( 'NONE',  ( -2.100000000000001865, 0.6664761515876249653, -0.6300000000000003375 ) ) ;
#7179 = VECTOR ( 'NONE', #7325, 1000.000000000000000 ) ;
#7180 = VERTEX_POINT ( 'NONE', #4290 ) ;
#7181 = VECTOR ( 'NONE', #3497, 1000.000000000000000 ) ;
#7182 = ADVANCED_FACE ( 'NONE', ( #4143 ), #9768, .F. ) ;
#7183 = VERTEX_POINT ( 'NONE', #3449 ) ;
#7184 = DIRECTION ( 'NONE',  ( 0.000000000000000000, 1.000000000000000000, 0.000000000000000000 ) ) ;
#7185 = ORIENTED_EDGE ( 'NONE', *, *, #9616, .F. ) ;
#7186 = CARTESIAN_POINT ( 'NONE',  ( -2.100000000000001865, 0.6664761515876249653, -1.130000000000000338 ) ) ;
#7187 = AXIS2_PLACEMENT_3D ( 'NONE', #8248, #7487, #2093 ) ;
#7188 = DIRECTION ( 'NONE',  ( 1.000000000000000000, 0.000000000000000000, -0.000000000000000000 ) ) ;
#7189 = DIRECTION ( 'NONE',  ( 1.000000000000000000, -0.000000000000000000, 0.000000000000000000 ) ) ;
#7190 = VECTOR ( 'NONE', #4837, 1000.000000000000000 ) ;
#7191 = ORIENTED_EDGE ( 'NONE', *, *, #3579, .F. ) ;
#7192 = EDGE_CURVE ( 'NONE', #2409, #9042, #5591, .T. ) ;
#7193 = PLANE ( 'NONE',  #3876 ) ;
#7194 = CARTESIAN_POINT ( 'NONE',  ( 2.500000000000002220, 0.6664761515876249653, 1.369999999999999662 ) ) ;
#7195 = FILL_AREA_STYLE_COLOUR ( '', #9588 ) ;
#7196 = VERTEX_POINT ( 'NONE', #5173 ) ;
#7197 = DIRECTION ( 'NONE',  ( -1.000000000000000000, 0.000000000000000000, -1.204669080539449344E-16 ) ) ;
#7198 = AXIS2_PLACEMENT_3D ( 'NONE', #8247, #4365, #5233 ) ;
#7199 = CARTESIAN_POINT ( 'NONE',  ( -1.369999999999999662, 0.1999999999999999833, 2.100000000000000977 ) ) ;
#7200 = LINE ( 'NONE', #6309, #6464 ) ;
#7201 = LINE ( 'NONE', #3870, #6954 ) ;
#7202 = FACE_OUTER_BOUND ( 'NONE', #4472, .T. ) ;
#7203 = ORIENTED_EDGE ( 'NONE', *, *, #9266, .F. ) ;
#7204 = CARTESIAN_POINT ( 'NONE',  ( 0.000000000000000000, 0.2000000000000000111, 0.000000000000000000 ) ) ;
#7205 = ORIENTED_EDGE ( 'NONE', *, *, #2293, .T. ) ;
#7206 = CARTESIAN_POINT ( 'NONE',  ( 0.6300000000000003375, 0.1999999999999999833, 2.100000000000000977 ) ) ;
#7207 = VECTOR ( 'NONE', #8072, 1000.000000000000000 ) ;
#7208 = CARTESIAN_POINT ( 'NONE',  ( 1.129999999999999893, 0.1999999999999999833, -2.100000000000000089 ) ) ;
#7209 = DIRECTION ( 'NONE',  ( 0.000000000000000000, 0.000000000000000000, -1.000000000000000000 ) ) ;
#7210 =( NAMED_UNIT ( * ) SI_UNIT ( $, .STERADIAN. ) SOLID_ANGLE_UNIT ( ) );
#7211 = LINE ( 'NONE', #5822, #6353 ) ;
#7212 = ORIENTED_EDGE ( 'NONE', *, *, #8270, .T. ) ;
#7213 = LINE ( 'NONE', #424, #1533 ) ;
#7214 = EDGE_CURVE ( 'NONE', #146, #8696, #3674, .T. ) ;
#7215 = ORIENTED_EDGE ( 'NONE', *, *, #5959, .F. ) ;
#7216 = DIRECTION ( 'NONE',  ( 1.000000000000000000, -0.000000000000000000, 0.000000000000000000 ) ) ;
#7217 = LINE ( 'NONE', #2721, #3218 ) ;
#7218 = SURFACE_STYLE_FILL_AREA ( #8319 ) ;
#7219 = ORIENTED_EDGE ( 'NONE', *, *, #3366, .T. ) ;
#7220 = LINE ( 'NONE', #1592, #1051 ) ;
#7221 = ORIENTED_EDGE ( 'NONE', *, *, #4740, .T. ) ;
#7222 = CARTESIAN_POINT ( 'NONE',  ( 1.630000000000000338, 0.2000000000000000111, 2.100000000000000977 ) ) ;
#7223 = CARTESIAN_POINT ( 'NONE',  ( 1.370000000000001439, 0.04999999999999999584, -2.100000000000000089 ) ) ;
#7224 = CARTESIAN_POINT ( 'NONE',  ( 0.000000000000000000, 0.2000000000000000111, 0.000000000000000000 ) ) ;
#7225 = DIRECTION ( 'NONE',  ( -2.168404344971008079E-15, 0.000000000000000000, 1.000000000000000000 ) ) ;
#7226 = EDGE_CURVE ( 'NONE', #9270, #2722, #4622, .T. ) ;
#7227 = CARTESIAN_POINT ( 'NONE',  ( 0.000000000000000000, 0.2000000000000000111, 0.000000000000000000 ) ) ;
#7228 = DIRECTION ( 'NONE',  ( 0.000000000000000000, 0.000000000000000000, -1.000000000000000000 ) ) ;
#7229 = DIRECTION ( 'NONE',  ( -1.000000000000000000, 0.000000000000000000, 0.000000000000000000 ) ) ;
#7230 = VECTOR ( 'NONE', #3271, 1000.000000000000000 ) ;
#7231 = DIRECTION ( 'NONE',  ( 0.000000000000000000, -1.000000000000000000, 0.000000000000000000 ) ) ;
#7232 = LINE ( 'NONE', #6844, #3488 ) ;
#7233 = ORIENTED_EDGE ( 'NONE', *, *, #7567, .F. ) ;
#7234 = CARTESIAN_POINT ( 'NONE',  ( 2.100000000000001865, 0.000000000000000000, 0.8699999999999996625 ) ) ;
#7235 = LINE ( 'NONE', #9624, #3618 ) ;
#7236 = ORIENTED_EDGE ( 'NONE', *, *, #881, .F. ) ;
#7237 = ADVANCED_FACE ( 'NONE', ( #1488 ), #527, .F. ) ;
#7238 = FACE_OUTER_BOUND ( 'NONE', #1569, .T. ) ;
#7239 = VERTEX_POINT ( 'NONE', #5887 ) ;
#7240 = ORIENTED_EDGE ( 'NONE', *, *, #4846, .T. ) ;
#7241 = ORIENTED_EDGE ( 'NONE', *, *, #2984, .F. ) ;
#7242 = EDGE_CURVE ( 'NONE', #3056, #3714, #7285, .T. ) ;
#7243 = ORIENTED_EDGE ( 'NONE', *, *, #744, .F. ) ;
#7244 = DIRECTION ( 'NONE',  ( -0.000000000000000000, -1.000000000000000000, -0.000000000000000000 ) ) ;
#7245 = CARTESIAN_POINT ( 'NONE',  ( 2.100000000000001865, 0.6664761515876249653, 0.3699999999999996625 ) ) ;
#7246 = ORIENTED_EDGE ( 'NONE', *, *, #9445, .F. ) ;
#7247 = LINE ( 'NONE', #8167, #344 ) ;
#7248 = EDGE_LOOP ( 'NONE', ( #5899, #2365, #1136, #880 ) ) ;
#7249 = DIRECTION ( 'NONE',  ( 0.000000000000000000, 0.000000000000000000, -1.000000000000000000 ) ) ;
#7250 = CARTESIAN_POINT ( 'NONE',  ( -2.100000000000001865, 0.05000000000000002359, -0.6300000000000003375 ) ) ;
#7251 = VECTOR ( 'NONE', #4559, 1000.000000000000000 ) ;
#7252 = ORIENTED_EDGE ( 'NONE', *, *, #4696, .F. ) ;
#7253 = LINE ( 'NONE', #7305, #5209 ) ;
#7254 = VERTEX_POINT ( 'NONE', #8223 ) ;
#7255 = EDGE_CURVE ( 'NONE', #138, #1771, #511, .T. ) ;
#7256 = EDGE_CURVE ( 'NONE', #2298, #5304, #5234, .T. ) ;
#7257 = VECTOR ( 'NONE', #9062, 1000.000000000000000 ) ;
#7258 = DIRECTION ( 'NONE',  ( 1.000000000000000000, -0.000000000000000000, 0.000000000000000000 ) ) ;
#7259 = VERTEX_POINT ( 'NONE', #2794 ) ;
#7260 = CARTESIAN_POINT ( 'NONE',  ( 2.100000000000001865, 0.1999999999999999833, 0.8699999999999996625 ) ) ;
#7261 = CARTESIAN_POINT ( 'NONE',  ( -0.8700000000000001066, 0.000000000000000000, -2.100000000000000089 ) ) ;
#7262 = DIRECTION ( 'NONE',  ( 1.000000000000000000, 0.000000000000000000, -0.000000000000000000 ) ) ;
#7263 = VECTOR ( 'NONE', #2779, 1000.000000000000000 ) ;
#7264 = FILL_AREA_STYLE_COLOUR ( '', #4765 ) ;
#7265 = CARTESIAN_POINT ( 'NONE',  ( -2.100000000000001865, 0.05000000000000000278, 0.000000000000000000 ) ) ;
#7266 = CARTESIAN_POINT ( 'NONE',  ( 2.500000000000002220, 0.000000000000000000, -0.6300000000000003375 ) ) ;
#7267 = ORIENTED_EDGE ( 'NONE', *, *, #6984, .F. ) ;
#7268 = AXIS2_PLACEMENT_3D ( 'NONE', #2243, #9174, #1431 ) ;
#7269 = VECTOR ( 'NONE', #5869, 1000.000000000000000 ) ;
#7270 = EDGE_CURVE ( 'NONE', #1746, #5178, #3170, .T. ) ;
#7271 = ORIENTED_EDGE ( 'NONE', *, *, #506, .F. ) ;
#7272 = UNCERTAINTY_MEASURE_WITH_UNIT (LENGTH_MEASURE( 1.000000000000000082E-05 ), #6855, 'distance_accuracy_value', 'NONE');
#7273 = STYLED_ITEM ( 'NONE', ( #3228 ), #1821 ) ;
#7274 = DIRECTION ( 'NONE',  ( 0.000000000000000000, -1.000000000000000000, 0.000000000000000000 ) ) ;
#7275 = CARTESIAN_POINT ( 'NONE',  ( 2.500000000000002220, 0.1999999999999999833, 0.6299999999999982281 ) ) ;
#7276 = FACE_OUTER_BOUND ( 'NONE', #5831, .T. ) ;
#7277 = CARTESIAN_POINT ( 'NONE',  ( -0.6299999999999982281, 0.2000000000000000111, 2.100000000000000089 ) ) ;
#7278 = VERTEX_POINT ( 'NONE', #3623 ) ;
#7279 = DIRECTION ( 'NONE',  ( 2.710505431213760691E-15, 0.000000000000000000, 1.000000000000000000 ) ) ;
#7280 = ORIENTED_EDGE ( 'NONE', *, *, #184, .T. ) ;
#7281 = CARTESIAN_POINT ( 'NONE',  ( 1.000000000000000000, 0.000000000000000000, 0.000000000000000000 ) ) ;
#7282 = DIRECTION ( 'NONE',  ( 2.710505431213760691E-15, 0.000000000000000000, 1.000000000000000000 ) ) ;
#7283 = PLANE ( 'NONE',  #8984 ) ;
#7284 = DIRECTION ( 'NONE',  ( 0.000000000000000000, -0.000000000000000000, -1.000000000000000000 ) ) ;
#7285 = LINE ( 'NONE', #1225, #2841 ) ;
#7286 = DIRECTION ( 'NONE',  ( 1.000000000000000000, -0.000000000000000000, 0.000000000000000000 ) ) ;
#7288 = ADVANCED_FACE ( 'NONE', ( #8830 ), #8152, .F. ) ;
#7287 = ORIENTED_EDGE ( 'NONE', *, *, #4656, .F. ) ;
#7289 = EDGE_CURVE ( 'NONE', #8112, #2805, #4732, .T. ) ;
#7290 = SURFACE_SIDE_STYLE ('',( #9029 ) ) ;
#7291 = CARTESIAN_POINT ( 'NONE',  ( -1.629999999999998117, 0.1999999999999999833, 2.100000000000000089 ) ) ;
#7292 = LINE ( 'NONE', #5542, #9547 ) ;
#7293 = ORIENTED_EDGE ( 'NONE', *, *, #6260, .T. ) ;
#7294 = CARTESIAN_POINT ( 'NONE',  ( 0.1299999999999998934, 0.05000000000000000278, 0.000000000000000000 ) ) ;
#7295 = DIRECTION ( 'NONE',  ( -1.000000000000000000, 0.000000000000000000, 0.000000000000000000 ) ) ;
#7296 = VECTOR ( 'NONE', #2547, 1000.000000000000000 ) ;
#7297 = CARTESIAN_POINT ( 'NONE',  ( -1.369999999999999662, 0.000000000000000000, 2.100000000000000977 ) ) ;
#7298 = CARTESIAN_POINT ( 'NONE',  ( -1.629999999999998117, 0.000000000000000000, 2.100000000000000089 ) ) ;
#7299 = ORIENTED_EDGE ( 'NONE', *, *, #4211, .T. ) ;
#7300 = DIRECTION ( 'NONE',  ( -2.710505431213760296E-15, 0.000000000000000000, -1.000000000000000000 ) ) ;
#7301 = DIRECTION ( 'NONE',  ( 1.000000000000000000, -0.000000000000000000, -0.000000000000000000 ) ) ;
#7302 = EDGE_CURVE ( 'NONE', #4017, #9129, #4983, .T. ) ;
#7303 = VERTEX_POINT ( 'NONE', #1183 ) ;
#7304 = EDGE_CURVE ( 'NONE', #2339, #6631, #8461, .T. ) ;
#7305 = CARTESIAN_POINT ( 'NONE',  ( -2.500000000000002220, 0.6664761515876249653, -0.6300000000000003375 ) ) ;
#7306 = ORIENTED_EDGE ( 'NONE', *, *, #8897, .F. ) ;
#7307 = DIRECTION ( 'NONE',  ( -1.000000000000000000, 0.000000000000000000, 3.614007241618325499E-15 ) ) ;
#7308 = CARTESIAN_POINT ( 'NONE',  ( 2.100000000000001865, 0.1999999999999999833, 1.629999999999998117 ) ) ;
#7309 = ORIENTED_EDGE ( 'NONE', *, *, #2872, .T. ) ;
#7310 =( NAMED_UNIT ( * ) SI_UNIT ( $, .STERADIAN. ) SOLID_ANGLE_UNIT ( ) );
#7311 = ORIENTED_EDGE ( 'NONE', *, *, #6959, .T. ) ;
#7312 = CARTESIAN_POINT ( 'NONE',  ( -1.869999999999999662, 0.1999999999999999833, 2.100000000000000977 ) ) ;
#7313 = ORIENTED_EDGE ( 'NONE', *, *, #5894, .T. ) ;
#7314 = DIRECTION ( 'NONE',  ( 0.000000000000000000, -0.000000000000000000, 1.000000000000000000 ) ) ;
#7315 = EDGE_CURVE ( 'NONE', #1177, #2797, #9422, .T. ) ;
#7316 = DIRECTION ( 'NONE',  ( 1.000000000000000000, -0.000000000000000000, 0.000000000000000000 ) ) ;
#7317 = VECTOR ( 'NONE', #6407, 1000.000000000000000 ) ;
#7318 = VECTOR ( 'NONE', #7092, 1000.000000000000000 ) ;
#7319 = ORIENTED_EDGE ( 'NONE', *, *, #6130, .F. ) ;
#7320 = ORIENTED_EDGE ( 'NONE', *, *, #1358, .F. ) ;
#7321 = DIRECTION ( 'NONE',  ( -0.000000000000000000, -1.000000000000000000, -0.000000000000000000 ) ) ;
#7322 = CARTESIAN_POINT ( 'NONE',  ( 0.000000000000000000, 0.05000000000000000278, -2.100000000000000089 ) ) ;
#7323 = FACE_OUTER_BOUND ( 'NONE', #3190, .T. ) ;
#7324 = DIRECTION ( 'NONE',  ( 0.000000000000000000, 0.000000000000000000, 1.000000000000000000 ) ) ;
#7325 = DIRECTION ( 'NONE',  ( -1.000000000000000000, 0.000000000000000000, 0.000000000000000000 ) ) ;
#7326 = EDGE_CURVE ( 'NONE', #6730, #7935, #2583, .T. ) ;
#7327 = LINE ( 'NONE', #9413, #5018 ) ;
#7328 = CARTESIAN_POINT ( 'NONE',  ( -0.6299999999999996714, 0.1999999999999999833, -2.500000000000000444 ) ) ;
#7329 = AXIS2_PLACEMENT_3D ( 'NONE', #3983, #7847, #1681 ) ;
#7330 = EDGE_LOOP ( 'NONE', ( #369, #6138, #8963, #6460 ) ) ;
#7331 = AXIS2_PLACEMENT_3D ( 'NONE', #7994, #1096, #6494 ) ;
#7332 = ORIENTED_EDGE ( 'NONE', *, *, #7732, .T. ) ;
#7333 = VECTOR ( 'NONE', #7492, 1000.000000000000000 ) ;
#7334 = ADVANCED_FACE ( 'NONE', ( #7160 ), #4372, .F. ) ;
#7335 = CARTESIAN_POINT ( 'NONE',  ( 1.870000000000000995, 0.000000000000000000, 2.500000000000000444 ) ) ;
#7336 = MANIFOLD_SOLID_BREP ( 'LPattern4[10]', #9719 ) ;
#7337 = FACE_OUTER_BOUND ( 'NONE', #8741, .T. ) ;
#7338 = VERTEX_POINT ( 'NONE', #9888 ) ;
#7339 = VECTOR ( 'NONE', #6312, 1000.000000000000000 ) ;
#7340 = DIRECTION ( 'NONE',  ( 1.000000000000000000, 0.000000000000000000, -0.000000000000000000 ) ) ;
#7341 = ORIENTED_EDGE ( 'NONE', *, *, #1818, .T. ) ;
#7342 = VECTOR ( 'NONE', #3686, 1000.000000000000000 ) ;
#7343 = CARTESIAN_POINT ( 'NONE',  ( 2.100000000000001865, 0.000000000000000000, 1.129999999999998117 ) ) ;
#7344 = EDGE_CURVE ( 'NONE', #6714, #6941, #383, .T. ) ;
#7345 = DIRECTION ( 'NONE',  ( 0.000000000000000000, -1.000000000000000000, 0.000000000000000000 ) ) ;
#7346 = FACE_OUTER_BOUND ( 'NONE', #2362, .T. ) ;
#7347 = ORIENTED_EDGE ( 'NONE', *, *, #3150, .F. ) ;
#7348 = LINE ( 'NONE', #30, #3859 ) ;
#7349 = DIRECTION ( 'NONE',  ( -5.421010862427520198E-16, 0.000000000000000000, -1.000000000000000000 ) ) ;
#7350 = CARTESIAN_POINT ( 'NONE',  ( -2.100000000000001865, 0.6664761515876249653, 0.1299999999999981726 ) ) ;
#7351 = ORIENTED_EDGE ( 'NONE', *, *, #2128, .T. ) ;
#7352 = ORIENTED_EDGE ( 'NONE', *, *, #5921, .F. ) ;
#7353 = FACE_OUTER_BOUND ( 'NONE', #6387, .T. ) ;
#7354 = CARTESIAN_POINT ( 'NONE',  ( 0.6300000000000005596, 0.6664761515876257425, 2.500000000000001332 ) ) ;
#7355 = VERTEX_POINT ( 'NONE', #6798 ) ;
#7356 = LINE ( 'NONE', #222, #6379 ) ;
#7357 = DIRECTION ( 'NONE',  ( -1.000000000000000000, 0.000000000000000000, 0.000000000000000000 ) ) ;
#7358 = ORIENTED_EDGE ( 'NONE', *, *, #3519, .F. ) ;
#7359 = EDGE_CURVE ( 'NONE', #2802, #7869, #7860, .T. ) ;
#7360 = CARTESIAN_POINT ( 'NONE',  ( 0.8700000000000003286, 0.2000000000000000111, -2.500000000000000444 ) ) ;
#7361 = DIRECTION ( 'NONE',  ( -1.000000000000000000, 0.000000000000000000, 0.000000000000000000 ) ) ;
#7362 = VECTOR ( 'NONE', #3998, 1000.000000000000000 ) ;
#7363 = EDGE_LOOP ( 'NONE', ( #4038, #9599, #3776, #5471 ) ) ;
#7364 = LINE ( 'NONE', #6180, #4812 ) ;
#7365 = ORIENTED_EDGE ( 'NONE', *, *, #3783, .F. ) ;
#7366 = LINE ( 'NONE', #3202, #5083 ) ;
#7367 = ORIENTED_EDGE ( 'NONE', *, *, #7998, .T. ) ;
#7368 = AXIS2_PLACEMENT_3D ( 'NONE', #4234, #4265, #2701 ) ;
#7369 = DIRECTION ( 'NONE',  ( -1.000000000000000000, 0.000000000000000000, 0.000000000000000000 ) ) ;
#7370 = DIRECTION ( 'NONE',  ( -1.000000000000000000, 0.000000000000000000, -0.000000000000000000 ) ) ;
#7371 = CARTESIAN_POINT ( 'NONE',  ( -2.100000000000001865, 0.000000000000000000, 0.8699999999999996625 ) ) ;
#7372 = LINE ( 'NONE', #1178, #3033 ) ;
#7373 = ORIENTED_EDGE ( 'NONE', *, *, #6201, .F. ) ;
#7374 = EDGE_CURVE ( 'NONE', #6062, #8581, #746, .T. ) ;
#7375 = LINE ( 'NONE', #8751, #4709 ) ;
#7376 = VECTOR ( 'NONE', #7274, 1000.000000000000000 ) ;
#7377 = DIRECTION ( 'NONE',  ( 1.000000000000000000, -0.000000000000000000, -0.000000000000000000 ) ) ;
#7378 = ORIENTED_EDGE ( 'NONE', *, *, #5701, .T. ) ;
#7379 = DIRECTION ( 'NONE',  ( 0.000000000000000000, 0.000000000000000000, -1.000000000000000000 ) ) ;
#7380 = DIRECTION ( 'NONE',  ( 0.000000000000000000, -0.000000000000000000, -1.000000000000000000 ) ) ;
#7381 = DIRECTION ( 'NONE',  ( 0.000000000000000000, 0.000000000000000000, 1.000000000000000000 ) ) ;
#7382 = DIRECTION ( 'NONE',  ( -0.000000000000000000, 0.000000000000000000, -1.000000000000000000 ) ) ;
#7383 = DIRECTION ( 'NONE',  ( 1.000000000000000000, -0.000000000000000000, -0.000000000000000000 ) ) ;
#7384 = PLANE ( 'NONE',  #3262 ) ;
#7385 = LINE ( 'NONE', #1473, #7135 ) ;
#7386 = AXIS2_PLACEMENT_3D ( 'NONE', #8208, #487, #9026 ) ;
#7387 = ORIENTED_EDGE ( 'NONE', *, *, #881, .T. ) ;
#7388 = ADVANCED_FACE ( 'NONE', ( #3291 ), #3784, .F. ) ;
#7389 = LINE ( 'NONE', #9908, #5342 ) ;
#7390 = EDGE_CURVE ( 'NONE', #138, #1128, #982, .T. ) ;
#7391 = ORIENTED_EDGE ( 'NONE', *, *, #5232, .F. ) ;
#7392 = AXIS2_PLACEMENT_3D ( 'NONE', #421, #3551, #8933 ) ;
#7393 = CARTESIAN_POINT ( 'NONE',  ( -0.8699999999999996625, 0.04999999999999999584, 2.100000000000000977 ) ) ;
#7394 = ORIENTED_EDGE ( 'NONE', *, *, #7916, .F. ) ;
#7395 = CARTESIAN_POINT ( 'NONE',  ( 2.100000000000001865, 0.6664761515876249653, 0.6299999999999982281 ) ) ;
#7396 = CARTESIAN_POINT ( 'NONE',  ( -1.129999999999999005, 0.04999999999999969746, 2.500000000000000444 ) ) ;
#7397 = ORIENTED_EDGE ( 'NONE', *, *, #137, .F. ) ;
#7398 = DIRECTION ( 'NONE',  ( 0.000000000000000000, -1.000000000000000000, 0.000000000000000000 ) ) ;
#7399 = PLANE ( 'NONE',  #9910 ) ;
#7400 = FACE_OUTER_BOUND ( 'NONE', #1053, .T. ) ;
#7401 = ORIENTED_EDGE ( 'NONE', *, *, #8829, .T. ) ;
#7402 = EDGE_LOOP ( 'NONE', ( #1469, #209, #5340, #8164 ) ) ;
#7403 = CARTESIAN_POINT ( 'NONE',  ( 2.100000000000001865, 0.1999999999999999833, 0.3699999999999996625 ) ) ;
#7404 = EDGE_CURVE ( 'NONE', #3270, #5978, #4261, .T. ) ;
#7405 =( NAMED_UNIT ( * ) PLANE_ANGLE_UNIT ( ) SI_UNIT ( $, .RADIAN. ) );
#7406 = CARTESIAN_POINT ( 'NONE',  ( -0.6299999999999990052, 0.6664761515876257425, 2.500000000000000444 ) ) ;
#7407 = LINE ( 'NONE', #7265, #8969 ) ;
#7408 = VERTEX_POINT ( 'NONE', #7547 ) ;
#7409 = CARTESIAN_POINT ( 'NONE',  ( -1.129999999999998561, 0.6664761515876257425, -2.100000000000000089 ) ) ;
#7410 = DIRECTION ( 'NONE',  ( -1.000000000000000000, 0.000000000000000000, -0.000000000000000000 ) ) ;
#7411 = DIRECTION ( 'NONE',  ( 0.000000000000000000, 0.000000000000000000, 1.000000000000000000 ) ) ;
#7412 = DIRECTION ( 'NONE',  ( 1.000000000000000000, 0.000000000000000000, 0.000000000000000000 ) ) ;
#7413 = CARTESIAN_POINT ( 'NONE',  ( 0.000000000000000000, 0.2000000000000000111, 0.000000000000000000 ) ) ;
#7414 = FACE_OUTER_BOUND ( 'NONE', #6434, .T. ) ;
#7415 = ORIENTED_EDGE ( 'NONE', *, *, #9666, .T. ) ;
#7416 = AXIS2_PLACEMENT_3D ( 'NONE', #1369, #2150, #4513 ) ;
#7417 = VECTOR ( 'NONE', #1365, 1000.000000000000000 ) ;
#7418 = EDGE_CURVE ( 'NONE', #1755, #555, #5840, .T. ) ;
#7419 = EDGE_LOOP ( 'NONE', ( #389, #926, #595, #9198 ) ) ;
#7420 = DIRECTION ( 'NONE',  ( 1.000000000000000000, 0.000000000000000000, 0.000000000000000000 ) ) ;
#7421 = VECTOR ( 'NONE', #3848, 1000.000000000000000 ) ;
#7422 = EDGE_LOOP ( 'NONE', ( #8255, #7551, #200, #3913 ) ) ;
#7423 = PLANE ( 'NONE',  #5955 ) ;
#7424 = DIRECTION ( 'NONE',  ( -0.000000000000000000, -1.000000000000000000, -0.000000000000000000 ) ) ;
#7425 = DIRECTION ( 'NONE',  ( 0.000000000000000000, -1.000000000000000000, 0.000000000000000000 ) ) ;
#7426 = ORIENTED_EDGE ( 'NONE', *, *, #5462, .F. ) ;
#7427 = EDGE_CURVE ( 'NONE', #6938, #3855, #136, .T. ) ;
#7428 = ORIENTED_EDGE ( 'NONE', *, *, #4632, .F. ) ;
#7429 = EDGE_CURVE ( 'NONE', #3501, #2438, #505, .T. ) ;
#7430 = ADVANCED_FACE ( 'NONE', ( #5964 ), #6827, .F. ) ;
#7431 = SURFACE_STYLE_FILL_AREA ( #8630 ) ;
#7432 = ORIENTED_EDGE ( 'NONE', *, *, #988, .F. ) ;
#7433 = CARTESIAN_POINT ( 'NONE',  ( -1.129999999999998561, 0.2000000000000000111, -2.100000000000000089 ) ) ;
#7434 = VERTEX_POINT ( 'NONE', #9795 ) ;
#7435 = DIRECTION ( 'NONE',  ( -0.000000000000000000, 0.000000000000000000, -1.000000000000000000 ) ) ;
#7436 = VECTOR ( 'NONE', #2312, 1000.000000000000000 ) ;
#7437 = AXIS2_PLACEMENT_3D ( 'NONE', #4245, #5016, #6503 ) ;
#7438 = FACE_OUTER_BOUND ( 'NONE', #4271, .T. ) ;
#7439 = DIRECTION ( 'NONE',  ( 0.000000000000000000, 0.000000000000000000, -1.000000000000000000 ) ) ;
#7440 = FACE_OUTER_BOUND ( 'NONE', #3414, .T. ) ;
#7441 = VERTEX_POINT ( 'NONE', #5210 ) ;
#7442 = EDGE_CURVE ( 'NONE', #7591, #6961, #6561, .T. ) ;
#7443 = ADVANCED_FACE ( 'NONE', ( #7400 ), #561, .F. ) ;
#7444 = ORIENTED_EDGE ( 'NONE', *, *, #1872, .T. ) ;
#7445 = EDGE_CURVE ( 'NONE', #5453, #349, #8345, .T. ) ;
#7446 = PLANE ( 'NONE',  #9412 ) ;
#7447 = CARTESIAN_POINT ( 'NONE',  ( -2.100000000000001865, 0.6664761515876249653, -1.130000000000000338 ) ) ;
#7448 = FACE_OUTER_BOUND ( 'NONE', #8925, .T. ) ;
#7449 = VECTOR ( 'NONE', #61, 1000.000000000000000 ) ;
#7450 = ORIENTED_EDGE ( 'NONE', *, *, #8438, .F. ) ;
#7451 = FACE_OUTER_BOUND ( 'NONE', #8244, .T. ) ;
#7452 = DIRECTION ( 'NONE',  ( 2.710505431213760691E-15, 0.000000000000000000, 1.000000000000000000 ) ) ;
#7453 = VERTEX_POINT ( 'NONE', #602 ) ;
#7454 = PLANE ( 'NONE',  #8721 ) ;
#7455 = EDGE_CURVE ( 'NONE', #1688, #3248, #3544, .T. ) ;
#7456 = CARTESIAN_POINT ( 'NONE',  ( -0.6299999999999996714, 0.6664761515876257425, -2.500000000000000444 ) ) ;
#7457 = VECTOR ( 'NONE', #3098, 1000.000000000000000 ) ;
#7458 = DIRECTION ( 'NONE',  ( -1.000000000000000000, 0.000000000000000000, -0.000000000000000000 ) ) ;
#7459 = STYLED_ITEM ( 'NONE', ( #1318 ), #1515 ) ;
#7460 = FACE_OUTER_BOUND ( 'NONE', #9797, .T. ) ;
#7461 = ORIENTED_EDGE ( 'NONE', *, *, #1417, .F. ) ;
#7462 = VECTOR ( 'NONE', #6956, 1000.000000000000000 ) ;
#7463 = ORIENTED_EDGE ( 'NONE', *, *, #8951, .T. ) ;
#7464 = ORIENTED_EDGE ( 'NONE', *, *, #3335, .T. ) ;
#7465 = FACE_OUTER_BOUND ( 'NONE', #339, .T. ) ;
#7466 = DIRECTION ( 'NONE',  ( 2.168404344971008079E-15, -0.000000000000000000, -1.000000000000000000 ) ) ;
#7467 = LINE ( 'NONE', #6645, #4927 ) ;
#7468 = ORIENTED_EDGE ( 'NONE', *, *, #9902, .T. ) ;
#7469 = LINE ( 'NONE', #7322, #5418 ) ;
#7470 = ORIENTED_EDGE ( 'NONE', *, *, #3736, .T. ) ;
#7471 = PLANE ( 'NONE',  #5581 ) ;
#7472 = SURFACE_STYLE_USAGE ( .BOTH. , #5904 ) ;
#7473 = DIRECTION ( 'NONE',  ( 1.000000000000000000, 0.000000000000000000, -5.421010862427520198E-16 ) ) ;
#7474 = EDGE_CURVE ( 'NONE', #1578, #4954, #2459, .T. ) ;
#7475 = LINE ( 'NONE', #6393, #6753 ) ;
#7476 = ORIENTED_EDGE ( 'NONE', *, *, #6328, .T. ) ;
#7477 = DIRECTION ( 'NONE',  ( 5.421010862427520198E-16, 0.000000000000000000, 1.000000000000000000 ) ) ;
#7478 = ORIENTED_EDGE ( 'NONE', *, *, #4919, .T. ) ;
#7479 = VECTOR ( 'NONE', #9739, 1000.000000000000000 ) ;
#7480 = ADVANCED_FACE ( 'NONE', ( #6087 ), #8406, .T. ) ;
#7481 = ORIENTED_EDGE ( 'NONE', *, *, #3039, .F. ) ;
#7482 = VERTEX_POINT ( 'NONE', #5368 ) ;
#7483 = CARTESIAN_POINT ( 'NONE',  ( -0.1299999999999986167, 0.1999999999999999833, -2.100000000000000089 ) ) ;
#7484 = LINE ( 'NONE', #2044, #5545 ) ;
#7485 = VERTEX_POINT ( 'NONE', #1582 ) ;
#7486 = FILL_AREA_STYLE_COLOUR ( '', #6522 ) ;
#7487 = DIRECTION ( 'NONE',  ( 0.000000000000000000, 0.000000000000000000, -1.000000000000000000 ) ) ;
#7488 = ORIENTED_EDGE ( 'NONE', *, *, #7868, .F. ) ;
#7489 = EDGE_CURVE ( 'NONE', #8469, #2339, #1962, .T. ) ;
#7490 = DIRECTION ( 'NONE',  ( 0.000000000000000000, 0.000000000000000000, 1.000000000000000000 ) ) ;
#7491 = DIRECTION ( 'NONE',  ( -1.000000000000000000, 0.000000000000000000, -0.000000000000000000 ) ) ;
#7492 = DIRECTION ( 'NONE',  ( 0.000000000000000000, 0.000000000000000000, -1.000000000000000000 ) ) ;
#7493 = ORIENTED_EDGE ( 'NONE', *, *, #6013, .T. ) ;
#7494 = ADVANCED_FACE ( 'NONE', ( #6919 ), #3885, .T. ) ;
#7495 = FACE_OUTER_BOUND ( 'NONE', #8386, .T. ) ;
#7496 = ORIENTED_EDGE ( 'NONE', *, *, #9318, .F. ) ;
#7497 = ORIENTED_EDGE ( 'NONE', *, *, #870, .F. ) ;
#7498 = PLANE ( 'NONE',  #5624 ) ;
#7499 = SURFACE_SIDE_STYLE ('',( #2165 ) ) ;
#7500 = DIRECTION ( 'NONE',  ( 0.000000000000000000, 0.000000000000000000, 1.000000000000000000 ) ) ;
#7501 = CARTESIAN_POINT ( 'NONE',  ( 0.3700000000000018274, 0.04999999999999999584, 2.100000000000000089 ) ) ;
#7502 = EDGE_CURVE ( 'NONE', #9312, #4210, #250, .T. ) ;
#7503 = EDGE_LOOP ( 'NONE', ( #2538, #8305, #4835, #8326 ) ) ;
#7504 =( LENGTH_UNIT ( ) NAMED_UNIT ( * ) SI_UNIT ( .MILLI., .METRE. ) );
#7505 = DIRECTION ( 'NONE',  ( 0.000000000000000000, -1.000000000000000000, 0.000000000000000000 ) ) ;
#7506 = DIRECTION ( 'NONE',  ( 0.000000000000000000, -1.000000000000000000, 0.000000000000000000 ) ) ;
#7507 = LINE ( 'NONE', #311, #3534 ) ;
#7508 =( GEOMETRIC_REPRESENTATION_CONTEXT ( 3 ) GLOBAL_UNCERTAINTY_ASSIGNED_CONTEXT ( ( #5298 ) ) GLOBAL_UNIT_ASSIGNED_CONTEXT ( ( #3305, #4285, #496 ) ) REPRESENTATION_CONTEXT ( 'NONE', 'WORKASPACE' ) );
#7509 = ORIENTED_EDGE ( 'NONE', *, *, #1620, .F. ) ;
#7510 = EDGE_CURVE ( 'NONE', #4687, #5917, #6307, .T. ) ;
#7511 = CLOSED_SHELL ( 'NONE', ( #7165, #2194, #330, #6273, #7524, #3077 ) ) ;
#7512 = PRESENTATION_LAYER_ASSIGNMENT (  '', '', ( #1621 ) ) ;
#7513 = DIRECTION ( 'NONE',  ( 2.710505431213760691E-15, 0.000000000000000000, 1.000000000000000000 ) ) ;
#7514 = AXIS2_PLACEMENT_3D ( 'NONE', #7515, #1379, #777 ) ;
#7515 = CARTESIAN_POINT ( 'NONE',  ( -2.100000000000001865, 0.6664761515876249653, 1.369999999999999662 ) ) ;
#7516 = CARTESIAN_POINT ( 'NONE',  ( 1.130000000000000338, 0.2000000000000000111, 2.100000000000000977 ) ) ;
#7517 = LINE ( 'NONE', #5781, #628 ) ;
#7518 = DIRECTION ( 'NONE',  ( 3.614007241618325499E-15, 0.000000000000000000, 1.000000000000000000 ) ) ;
#7519 = ORIENTED_EDGE ( 'NONE', *, *, #4179, .F. ) ;
#7520 = CARTESIAN_POINT ( 'NONE',  ( -1.629999999999998117, 0.2000000000000000111, 2.100000000000000089 ) ) ;
#7521 = LINE ( 'NONE', #5327, #2114 ) ;
#7522 = ORIENTED_EDGE ( 'NONE', *, *, #2020, .T. ) ;
#7523 = LINE ( 'NONE', #7624, #2717 ) ;
#7524 = ADVANCED_FACE ( 'NONE', ( #6422 ), #6947, .F. ) ;
#7525 = PLANE ( 'NONE',  #1367 ) ;
#7526 = ORIENTED_EDGE ( 'NONE', *, *, #7242, .F. ) ;
#7527 = EDGE_CURVE ( 'NONE', #4075, #2802, #6685, .T. ) ;
#7528 = DIRECTION ( 'NONE',  ( -1.000000000000000000, 0.000000000000000000, 3.614007241618342065E-15 ) ) ;
#7529 = VECTOR ( 'NONE', #6313, 1000.000000000000000 ) ;
#7530 = EDGE_LOOP ( 'NONE', ( #6391, #9990, #2764, #4606 ) ) ;
#7531 = CARTESIAN_POINT ( 'NONE',  ( 2.500000000000000000, 0.2000000000000000111, 0.000000000000000000 ) ) ;
#7532 = LINE ( 'NONE', #1466, #8127 ) ;
#7533 = CARTESIAN_POINT ( 'NONE',  ( 0.000000000000000000, 0.05000000000000000278, 0.6299999999999982281 ) ) ;
#7534 = DIRECTION ( 'NONE',  ( 0.000000000000000000, -0.000000000000000000, -1.000000000000000000 ) ) ;
#7536 = ADVANCED_FACE ( 'NONE', ( #3668 ), #9190, .F. ) ;
#7535 = ORIENTED_EDGE ( 'NONE', *, *, #3282, .F. ) ;
#7537 = DIRECTION ( 'NONE',  ( 1.000000000000000000, 0.000000000000000000, -3.614007241618325499E-15 ) ) ;
#7538 = DIRECTION ( 'NONE',  ( 1.000000000000000000, 0.000000000000000000, -5.421010862427520198E-16 ) ) ;
#7539 = STYLED_ITEM ( 'NONE', ( #2399 ), #4501 ) ;
#7540 = LINE ( 'NONE', #1022, #6116 ) ;
#7541 = ORIENTED_EDGE ( 'NONE', *, *, #7527, .F. ) ;
#7542 = EDGE_CURVE ( 'NONE', #5139, #3148, #4615, .T. ) ;
#7543 = VERTEX_POINT ( 'NONE', #2335 ) ;
#7544 = PLANE ( 'NONE',  #7632 ) ;
#7545 = VECTOR ( 'NONE', #9543, 1000.000000000000000 ) ;
#7546 = LINE ( 'NONE', #5502, #9116 ) ;
#7547 = CARTESIAN_POINT ( 'NONE',  ( 2.499999999999998668, 0.8999999999999998002, 2.499999999999999556 ) ) ;
#7548 = LINE ( 'NONE', #109, #2136 ) ;
#7549 = ORIENTED_EDGE ( 'NONE', *, *, #9290, .F. ) ;
#7550 = DIRECTION ( 'NONE',  ( -5.421010862427520198E-16, 0.000000000000000000, -1.000000000000000000 ) ) ;
#7551 = ORIENTED_EDGE ( 'NONE', *, *, #3803, .T. ) ;
#7552 = CARTESIAN_POINT ( 'NONE',  ( -0.3700000000000001066, 0.2000000000000005107, -2.500000000000000444 ) ) ;
#7553 = EDGE_CURVE ( 'NONE', #7588, #2420, #7149, .T. ) ;
#7554 = FACE_OUTER_BOUND ( 'NONE', #1496, .T. ) ;
#7555 = DIRECTION ( 'NONE',  ( 0.000000000000000000, -1.000000000000000000, 0.000000000000000000 ) ) ;
#7556 = LINE ( 'NONE', #8736, #3708 ) ;
#7557 = CARTESIAN_POINT ( 'NONE',  ( -2.100000000000001865, 0.6664761515876249653, 1.869999999999999662 ) ) ;
#7558 = CARTESIAN_POINT ( 'NONE',  ( -0.1299999999999936207, 0.05000000000000000278, -2.818925648462171999E-16 ) ) ;
#7559 = FACE_OUTER_BOUND ( 'NONE', #4586, .T. ) ;
#7560 = VERTEX_POINT ( 'NONE', #1511 ) ;
#7561 = PRESENTATION_STYLE_ASSIGNMENT (( #8311 ) ) ;
#7562 = PLANE ( 'NONE',  #7862 ) ;
#7563 = EDGE_LOOP ( 'NONE', ( #6327, #8113, #490, #3900 ) ) ;
#7564 = DIRECTION ( 'NONE',  ( 0.000000000000000000, -1.000000000000000000, 0.000000000000000000 ) ) ;
#7565 = UNCERTAINTY_MEASURE_WITH_UNIT (LENGTH_MEASURE( 1.000000000000000082E-05 ), #6902, 'distance_accuracy_value', 'NONE');
#7566 = VECTOR ( 'NONE', #2751, 1000.000000000000000 ) ;
#7567 = EDGE_CURVE ( 'NONE', #6944, #688, #9189, .T. ) ;
#7568 = EDGE_LOOP ( 'NONE', ( #4800, #2379, #1724, #9706 ) ) ;
#7569 = FACE_OUTER_BOUND ( 'NONE', #2780, .T. ) ;
#7570 = AXIS2_PLACEMENT_3D ( 'NONE', #9749, #5160, #5258 ) ;
#7571 = CARTESIAN_POINT ( 'NONE',  ( 1.129999999999999893, 0.2000000000000000111, -2.100000000000000089 ) ) ;
#7572 = DIRECTION ( 'NONE',  ( 5.421010862427520198E-16, 0.000000000000000000, 1.000000000000000000 ) ) ;
#7573 = ORIENTED_EDGE ( 'NONE', *, *, #3076, .T. ) ;
#7574 = ADVANCED_FACE ( 'NONE', ( #1247 ), #4644, .T. ) ;
#7575 = LINE ( 'NONE', #38, #9730 ) ;
#7576 = DIRECTION ( 'NONE',  ( 0.000000000000000000, -1.000000000000000000, 0.000000000000000000 ) ) ;
#7577 = PRODUCT_DEFINITION_FORMATION_WITH_SPECIFIED_SOURCE ( 'ANY', '', #5059, .NOT_KNOWN. ) ;
#7578 = VERTEX_POINT ( 'NONE', #3046 ) ;
#7579 = EDGE_LOOP ( 'NONE', ( #9260, #8858, #5009, #3869 ) ) ;
#7580 = EDGE_CURVE ( 'NONE', #6186, #6451, #2835, .T. ) ;
#7581 = CARTESIAN_POINT ( 'NONE',  ( -1.800000000000000044, 5.291168824543142968, -1.800000000000000266 ) ) ;
#7582 = VERTEX_POINT ( 'NONE', #6210 ) ;
#7583 = CARTESIAN_POINT ( 'NONE',  ( 1.800000000000000044, 0.1999999999999996503, -1.799999999999999822 ) ) ;
#7584 = VECTOR ( 'NONE', #1900, 1000.000000000000000 ) ;
#7585 = ADVANCED_FACE ( 'NONE', ( #2214 ), #2366, .F. ) ;
#7586 = CARTESIAN_POINT ( 'NONE',  ( -2.100000000000001865, 0.6664761515876249653, -1.130000000000000338 ) ) ;
#7587 = LINE ( 'NONE', #107, #6877 ) ;
#7588 = VERTEX_POINT ( 'NONE', #788 ) ;
#7589 = FACE_OUTER_BOUND ( 'NONE', #2552, .T. ) ;
#7590 = CARTESIAN_POINT ( 'NONE',  ( -2.500000000000002220, 0.1999999999999999833, 0.8699999999999996625 ) ) ;
#7591 = VERTEX_POINT ( 'NONE', #7800 ) ;
#7592 = DIRECTION ( 'NONE',  ( 1.000000000000000000, 0.000000000000000000, -3.614007241618325499E-15 ) ) ;
#7593 = CARTESIAN_POINT ( 'NONE',  ( -1.370000000000000107, 0.2000000000000000111, -2.100000000000000089 ) ) ;
#7594 = DIRECTION ( 'NONE',  ( -0.000000000000000000, -0.000000000000000000, 1.000000000000000000 ) ) ;
#7595 = CARTESIAN_POINT ( 'NONE',  ( -2.100000000000001865, 0.1999999999999999833, 0.6299999999999982281 ) ) ;
#7596 = CARTESIAN_POINT ( 'NONE',  ( 1.800000000000000044, 5.291168824543142968, -1.799999999999999822 ) ) ;
#7597 = VECTOR ( 'NONE', #5091, 1000.000000000000000 ) ;
#7598 = ORIENTED_EDGE ( 'NONE', *, *, #6596, .F. ) ;
#7599 = DIRECTION ( 'NONE',  ( 0.000000000000000000, 0.000000000000000000, -1.000000000000000000 ) ) ;
#7600 = ORIENTED_EDGE ( 'NONE', *, *, #5894, .F. ) ;
#7601 = FACE_OUTER_BOUND ( 'NONE', #192, .T. ) ;
#7602 = VERTEX_POINT ( 'NONE', #1633 ) ;
#7603 = CARTESIAN_POINT ( 'NONE',  ( 1.870000000000001883, 0.04999999999999999584, 2.100000000000000089 ) ) ;
#7604 = EDGE_CURVE ( 'NONE', #9091, #7145, #1594, .T. ) ;
#7605 = CARTESIAN_POINT ( 'NONE',  ( -0.1299999999999990330, 0.000000000000000000, 2.500000000000000444 ) ) ;
#7606 = VECTOR ( 'NONE', #2715, 1000.000000000000000 ) ;
#7607 = ORIENTED_EDGE ( 'NONE', *, *, #3751, .F. ) ;
#7608 = LINE ( 'NONE', #2461, #1936 ) ;
#7609 = EDGE_LOOP ( 'NONE', ( #3663, #4692, #2556, #1021 ) ) ;
#7610 = CARTESIAN_POINT ( 'NONE',  ( -1.869999999999999662, 0.000000000000000000, 2.100000000000000977 ) ) ;
#7611 = CARTESIAN_POINT ( 'NONE',  ( 2.100000000000001865, 0.1999999999999999833, -0.3700000000000018274 ) ) ;
#7612 = EDGE_CURVE ( 'NONE', #4410, #3124, #6197, .T. ) ;
#7613 = ORIENTED_EDGE ( 'NONE', *, *, #8747, .F. ) ;
#7614 = EDGE_CURVE ( 'NONE', #2147, #8932, #8, .T. ) ;
#7615 = VECTOR ( 'NONE', #2326, 1000.000000000000000 ) ;
#7616 = EDGE_LOOP ( 'NONE', ( #1212, #4613, #4761, #2211 ) ) ;
#7618 = ADVANCED_FACE ( 'NONE', ( #3060 ), #7177, .F. ) ;
#7617 = VERTEX_POINT ( 'NONE', #4840 ) ;
#7619 = CARTESIAN_POINT ( 'NONE',  ( 1.370000000000001883, 0.000000000000000000, 2.100000000000000089 ) ) ;
#7620 = CARTESIAN_POINT ( 'NONE',  ( 0.8700000000000014388, 0.6664761515876257425, -2.100000000000000089 ) ) ;
#7621 = VERTEX_POINT ( 'NONE', #246 ) ;
#7622 = CARTESIAN_POINT ( 'NONE',  ( -1.369999999999999440, 0.6664761515876257425, 2.500000000000001332 ) ) ;
#7623 = CARTESIAN_POINT ( 'NONE',  ( 2.100000000000001865, 0.1999999999999999833, 1.629999999999998117 ) ) ;
#7624 = CARTESIAN_POINT ( 'NONE',  ( 2.500000000000002220, 0.1999999999999999833, -0.1300000000000003375 ) ) ;
#7625 = EDGE_CURVE ( 'NONE', #7560, #2802, #857, .T. ) ;
#7626 = VECTOR ( 'NONE', #7491, 1000.000000000000000 ) ;
#7627 = ORIENTED_EDGE ( 'NONE', *, *, #8831, .F. ) ;
#7628 = CARTESIAN_POINT ( 'NONE',  ( -2.100000000000001865, 0.1999999999999999833, -0.8700000000000018829 ) ) ;
#7629 = ORIENTED_EDGE ( 'NONE', *, *, #4106, .F. ) ;
#7630 = MANIFOLD_SOLID_BREP ( 'LPattern4[8]', #7759 ) ;
#7631 = ADVANCED_FACE ( 'NONE', ( #7276 ), #8636, .F. ) ;
#7632 = AXIS2_PLACEMENT_3D ( 'NONE', #7516, #3726, #5268 ) ;
#7633 = ORIENTED_EDGE ( 'NONE', *, *, #2720, .T. ) ;
#7634 = LINE ( 'NONE', #6294, #5973 ) ;
#7635 = EDGE_CURVE ( 'NONE', #8769, #5663, #6804, .T. ) ;
#7636 = ORIENTED_EDGE ( 'NONE', *, *, #5779, .T. ) ;
#7637 = CARTESIAN_POINT ( 'NONE',  ( 2.500000000000002220, 0.1999999999999999833, 1.369999999999999662 ) ) ;
#7638 = DIRECTION ( 'NONE',  ( 3.614007241618325499E-15, 0.000000000000000000, 1.000000000000000000 ) ) ;
#7639 = FACE_OUTER_BOUND ( 'NONE', #5715, .T. ) ;
#7640 = ORIENTED_EDGE ( 'NONE', *, *, #9683, .T. ) ;
#7641 = CARTESIAN_POINT ( 'NONE',  ( 0.5000000000000000000, 0.2000000000000000111, 0.000000000000000000 ) ) ;
#7642 = VECTOR ( 'NONE', #5582, 1000.000000000000000 ) ;
#7643 = CARTESIAN_POINT ( 'NONE',  ( 0.000000000000000000, 0.05000000000000000278, -0.3700000000000018274 ) ) ;
#7644 = ORIENTED_EDGE ( 'NONE', *, *, #2056, .F. ) ;
#7645 = DIRECTION ( 'NONE',  ( 8.673617379884035472E-17, -0.000000000000000000, 1.000000000000000000 ) ) ;
#7646 = CARTESIAN_POINT ( 'NONE',  ( -2.100000000000001865, 0.6664761515876249653, -0.8700000000000018829 ) ) ;
#7647 = ORIENTED_EDGE ( 'NONE', *, *, #2086, .T. ) ;
#7648 = PLANE ( 'NONE',  #141 ) ;
#7649 = STYLED_ITEM ( 'NONE', ( #7073 ), #3439 ) ;
#7650 = CARTESIAN_POINT ( 'NONE',  ( 2.100000000000001865, 0.1999999999999999833, 1.129999999999998117 ) ) ;
#7651 = ORIENTED_EDGE ( 'NONE', *, *, #8307, .F. ) ;
#7652 = CARTESIAN_POINT ( 'NONE',  ( 1.370000000000001439, 0.1999999999999999833, -2.100000000000000089 ) ) ;
#7653 = EDGE_CURVE ( 'NONE', #9010, #1731, #6081, .T. ) ;
#7654 = DIRECTION ( 'NONE',  ( -0.000000000000000000, -1.000000000000000000, -0.000000000000000000 ) ) ;
#7655 = ORIENTED_EDGE ( 'NONE', *, *, #4353, .F. ) ;
#7656 = DIRECTION ( 'NONE',  ( 0.000000000000000000, 1.000000000000000000, 0.000000000000000000 ) ) ;
#7657 = LINE ( 'NONE', #4173, #1636 ) ;
#7658 = LINE ( 'NONE', #2495, #5611 ) ;
#7659 = EDGE_LOOP ( 'NONE', ( #96, #3406, #3730, #6384 ) ) ;
#7660 = ORIENTED_EDGE ( 'NONE', *, *, #7053, .F. ) ;
#7661 = CARTESIAN_POINT ( 'NONE',  ( -1.800000000000000044, 5.291168824543142968, 1.799999999999999822 ) ) ;
#7662 = AXIS2_PLACEMENT_3D ( 'NONE', #2580, #9487, #1852 ) ;
#7663 = CARTESIAN_POINT ( 'NONE',  ( -2.500000000000002220, 0.1999999999999999833, -1.370000000000001883 ) ) ;
#7664 = SURFACE_STYLE_FILL_AREA ( #2616 ) ;
#7665 = ADVANCED_FACE ( 'NONE', ( #9183 ), #4001, .F. ) ;
#7666 = LINE ( 'NONE', #5321, #4054 ) ;
#7667 = EDGE_CURVE ( 'NONE', #7338, #2216, #7142, .T. ) ;
#7668 = VERTEX_POINT ( 'NONE', #7042 ) ;
#7669 = CARTESIAN_POINT ( 'NONE',  ( 1.370000000000001883, 0.2000000000000000111, 2.100000000000000089 ) ) ;
#7670 = VERTEX_POINT ( 'NONE', #888 ) ;
#7671 = DIRECTION ( 'NONE',  ( 0.000000000000000000, 0.000000000000000000, 1.000000000000000000 ) ) ;
#7672 = DIRECTION ( 'NONE',  ( 0.000000000000000000, -1.000000000000000000, 0.000000000000000000 ) ) ;
#7673 = LINE ( 'NONE', #6541, #9124 ) ;
#7674 = AXIS2_PLACEMENT_3D ( 'NONE', #7686, #9232, #2723 ) ;
#7675 = CARTESIAN_POINT ( 'NONE',  ( -1.629999999999998117, 0.6664761515876257425, 2.100000000000000089 ) ) ;
#7676 = ADVANCED_FACE ( 'NONE', ( #5348 ), #2436, .T. ) ;
#7677 = FACE_OUTER_BOUND ( 'NONE', #6759, .T. ) ;
#7678 = VERTEX_POINT ( 'NONE', #4773 ) ;
#7679 = LINE ( 'NONE', #4917, #8397 ) ;
#7680 = ORIENTED_EDGE ( 'NONE', *, *, #3256, .T. ) ;
#7681 = EDGE_CURVE ( 'NONE', #6961, #6941, #5828, .T. ) ;
#7682 = CARTESIAN_POINT ( 'NONE',  ( 1.870000000000001883, 0.2000000000000000111, 2.100000000000000089 ) ) ;
#7683 = VECTOR ( 'NONE', #522, 1000.000000000000000 ) ;
#7684 = CARTESIAN_POINT ( 'NONE',  ( -2.100000000000001865, 0.1999999999999999833, -1.370000000000001883 ) ) ;
#7685 = VECTOR ( 'NONE', #4129, 1000.000000000000000 ) ;
#7686 = CARTESIAN_POINT ( 'NONE',  ( -2.100000000000001865, 0.6664761515876249653, 0.3699999999999996625 ) ) ;
#7687 = ORIENTED_EDGE ( 'NONE', *, *, #494, .T. ) ;
#7688 = CARTESIAN_POINT ( 'NONE',  ( 1.500000000000000000, 0.000000000000000000, 0.000000000000000000 ) ) ;
#7689 = FACE_OUTER_BOUND ( 'NONE', #2116, .T. ) ;
#7690 = DIRECTION ( 'NONE',  ( -0.000000000000000000, 0.000000000000000000, 1.000000000000000000 ) ) ;
#7691 = ORIENTED_EDGE ( 'NONE', *, *, #1703, .T. ) ;
#7692 = AXIS2_PLACEMENT_3D ( 'NONE', #1353, #6758, #2950 ) ;
#7693 = SURFACE_SIDE_STYLE ('',( #4423 ) ) ;
#7694 = EDGE_LOOP ( 'NONE', ( #8731, #3266, #3144, #9788 ) ) ;
#7695 = EDGE_CURVE ( 'NONE', #6298, #4715, #7853, .T. ) ;
#7696 = LINE ( 'NONE', #2058, #3734 ) ;
#7697 = STYLED_ITEM ( 'NONE', ( #4698 ), #885 ) ;
#7698 = VERTEX_POINT ( 'NONE', #1729 ) ;
#7699 = VECTOR ( 'NONE', #9709, 1000.000000000000000 ) ;
#7700 = ORIENTED_EDGE ( 'NONE', *, *, #6499, .F. ) ;
#7701 = CARTESIAN_POINT ( 'NONE',  ( -1.629999999999999671, 0.2000000000000000111, -2.500000000000000444 ) ) ;
#7702 = DIRECTION ( 'NONE',  ( 1.000000000000000000, 0.000000000000000000, -3.614007241618325499E-15 ) ) ;
#7703 = LINE ( 'NONE', #3464, #1558 ) ;
#7704 = VERTEX_POINT ( 'NONE', #9434 ) ;
#7705 = CARTESIAN_POINT ( 'NONE',  ( -0.6299999999999996714, 0.1999999999999999833, -2.500000000000000444 ) ) ;
#7706 = ORIENTED_EDGE ( 'NONE', *, *, #6790, .T. ) ;
#7707 = FACE_OUTER_BOUND ( 'NONE', #3447, .T. ) ;
#7708 = ORIENTED_EDGE ( 'NONE', *, *, #637, .T. ) ;
#7709 = VECTOR ( 'NONE', #6836, 1000.000000000000000 ) ;
#7710 = ORIENTED_EDGE ( 'NONE', *, *, #3966, .T. ) ;
#7711 = CARTESIAN_POINT ( 'NONE',  ( 0.000000000000000000, 0.05000000000000000278, -1.630000000000000338 ) ) ;
#7712 = AXIS2_PLACEMENT_3D ( 'NONE', #2596, #9432, #5654 ) ;
#7713 = EDGE_LOOP ( 'NONE', ( #4236, #1752, #9215, #9438 ) ) ;
#7714 = EDGE_CURVE ( 'NONE', #3704, #7434, #621, .T. ) ;
#7715 = FACE_OUTER_BOUND ( 'NONE', #2711, .T. ) ;
#7716 = VERTEX_POINT ( 'NONE', #5808 ) ;
#7717 = ADVANCED_FACE ( 'NONE', ( #1238 ), #8071, .T. ) ;
#7718 = DIRECTION ( 'NONE',  ( 0.000000000000000000, 0.000000000000000000, 1.000000000000000000 ) ) ;
#7719 = LINE ( 'NONE', #8320, #5681 ) ;
#7720 = EDGE_LOOP ( 'NONE', ( #7048, #1459, #1973, #1663 ) ) ;
#7721 = DIRECTION ( 'NONE',  ( 0.000000000000000000, -1.000000000000000000, 0.000000000000000000 ) ) ;
#7722 = DIRECTION ( 'NONE',  ( 0.000000000000000000, 1.000000000000000000, 0.000000000000000000 ) ) ;
#7723 = VERTEX_POINT ( 'NONE', #8599 ) ;
#7724 = DIRECTION ( 'NONE',  ( 0.000000000000000000, -1.000000000000000000, 0.000000000000000000 ) ) ;
#7725 = CARTESIAN_POINT ( 'NONE',  ( 2.500000000000002220, 0.6664761515876249653, -0.1300000000000003375 ) ) ;
#7726 = DIRECTION ( 'NONE',  ( 0.000000000000000000, -0.000000000000000000, 1.000000000000000000 ) ) ;
#7727 = VECTOR ( 'NONE', #6742, 1000.000000000000000 ) ;
#7728 = STYLED_ITEM ( 'NONE', ( #8179 ), #4380 ) ;
#7729 = ORIENTED_EDGE ( 'NONE', *, *, #1735, .T. ) ;
#7730 = FACE_OUTER_BOUND ( 'NONE', #6090, .T. ) ;
#7731 = VERTEX_POINT ( 'NONE', #3404 ) ;
#7732 = EDGE_CURVE ( 'NONE', #2853, #5023, #2702, .T. ) ;
#7733 = ADVANCED_FACE ( 'NONE', ( #8564 ), #8771, .F. ) ;
#7734 = DIRECTION ( 'NONE',  ( 2.710505431213760691E-15, -0.000000000000000000, 1.000000000000000000 ) ) ;
#7735 = FACE_OUTER_BOUND ( 'NONE', #1084, .T. ) ;
#7736 = ORIENTED_EDGE ( 'NONE', *, *, #7740, .F. ) ;
#7737 = PLANE ( 'NONE',  #8294 ) ;
#7738 = DIRECTION ( 'NONE',  ( -1.000000000000000000, 0.000000000000000000, 0.000000000000000000 ) ) ;
#7739 = VECTOR ( 'NONE', #8539, 1000.000000000000000 ) ;
#7740 = EDGE_CURVE ( 'NONE', #9069, #8083, #6549, .T. ) ;
#7741 = DIRECTION ( 'NONE',  ( 0.000000000000000000, -1.000000000000000000, 0.000000000000000000 ) ) ;
#7742 = ORIENTED_EDGE ( 'NONE', *, *, #7418, .F. ) ;
#7743 = CARTESIAN_POINT ( 'NONE',  ( -2.100000000000001865, 0.05000000000000002359, -1.870000000000001883 ) ) ;
#7744 = ORIENTED_EDGE ( 'NONE', *, *, #6891, .F. ) ;
#7745 = LINE ( 'NONE', #3523, #5119 ) ;
#7746 = AXIS2_PLACEMENT_3D ( 'NONE', #9226, #7722, #5317 ) ;
#7747 = CARTESIAN_POINT ( 'NONE',  ( -2.500000000000001332, 0.2000000000000005107, -1.130000000000000338 ) ) ;
#7748 =( LENGTH_UNIT ( ) NAMED_UNIT ( * ) SI_UNIT ( .MILLI., .METRE. ) );
#7749 = CARTESIAN_POINT ( 'NONE',  ( 2.100000000000001865, 0.1999999999999999833, 0.3699999999999996625 ) ) ;
#7750 = ORIENTED_EDGE ( 'NONE', *, *, #1088, .T. ) ;
#7751 = CARTESIAN_POINT ( 'NONE',  ( 0.6299999999999998934, 0.2000000000000000111, -2.100000000000000089 ) ) ;
#7752 = DIRECTION ( 'NONE',  ( 0.000000000000000000, 0.000000000000000000, -1.000000000000000000 ) ) ;
#7753 = EDGE_CURVE ( 'NONE', #3224, #7698, #2452, .T. ) ;
#7754 = CARTESIAN_POINT ( 'NONE',  ( -2.100000000000001865, 0.000000000000000000, -0.8700000000000018829 ) ) ;
#7755 = EDGE_CURVE ( 'NONE', #4465, #2242, #3051, .T. ) ;
#7756 = DIRECTION ( 'NONE',  ( 3.614007241618325499E-15, 0.000000000000000000, 1.000000000000000000 ) ) ;
#7757 = FACE_OUTER_BOUND ( 'NONE', #8775, .T. ) ;
#7758 = ORIENTED_EDGE ( 'NONE', *, *, #4919, .F. ) ;
#7759 = CLOSED_SHELL ( 'NONE', ( #7288, #6880, #8510, #5605, #7494, #9924 ) ) ;
#7760 = DIRECTION ( 'NONE',  ( -1.000000000000000000, 0.000000000000000000, 0.000000000000000000 ) ) ;
#7761 = AXIS2_PLACEMENT_3D ( 'NONE', #8452, #4652, #3149 ) ;
#7762 = ORIENTED_EDGE ( 'NONE', *, *, #3984, .T. ) ;
#7763 = ADVANCED_FACE ( 'NONE', ( #4504 ), #8108, .T. ) ;
#7764 = LINE ( 'NONE', #7045, #7873 ) ;
#7765 = ORIENTED_EDGE ( 'NONE', *, *, #7014, .F. ) ;
#7766 = EDGE_CURVE ( 'NONE', #7058, #5967, #8339, .T. ) ;
#7767 = LINE ( 'NONE', #645, #7417 ) ;
#7768 = DIRECTION ( 'NONE',  ( 1.000000000000000000, -0.000000000000000000, -3.614007241618342065E-15 ) ) ;
#7769 = MECHANICAL_DESIGN_GEOMETRIC_PRESENTATION_REPRESENTATION (  '', ( #4802 ), #8284 ) ;
#7770 = ORIENTED_EDGE ( 'NONE', *, *, #5328, .T. ) ;
#7771 = AXIS2_PLACEMENT_3D ( 'NONE', #5515, #6239, #9304 ) ;
#7772 = FACE_OUTER_BOUND ( 'NONE', #538, .T. ) ;
#7773 = ORIENTED_EDGE ( 'NONE', *, *, #9299, .F. ) ;
#7774 = DIRECTION ( 'NONE',  ( 0.000000000000000000, 0.000000000000000000, -1.000000000000000000 ) ) ;
#7775 = ADVANCED_FACE ( 'NONE', ( #130 ), #7283, .T. ) ;
#7776 = ORIENTED_EDGE ( 'NONE', *, *, #9266, .T. ) ;
#7777 = FACE_OUTER_BOUND ( 'NONE', #1661, .T. ) ;
#7778 = DIRECTION ( 'NONE',  ( 0.000000000000000000, -0.000000000000000000, -1.000000000000000000 ) ) ;
#7779 = LINE ( 'NONE', #8486, #172 ) ;
#7780 = CARTESIAN_POINT ( 'NONE',  ( 0.000000000000000000, 0.2000000000000000111, 0.000000000000000000 ) ) ;
#7781 = CARTESIAN_POINT ( 'NONE',  ( 2.100000000000001865, 0.1999999999999999833, 1.129999999999998117 ) ) ;
#7782 = VECTOR ( 'NONE', #3484, 1000.000000000000000 ) ;
#7783 = EDGE_LOOP ( 'NONE', ( #3499, #9759, #1819, #2100 ) ) ;
#7784 = EDGE_CURVE ( 'NONE', #7180, #9834, #3777, .T. ) ;
#7785 = DIRECTION ( 'NONE',  ( 0.000000000000000000, -0.000000000000000000, 1.000000000000000000 ) ) ;
#7786 = ORIENTED_EDGE ( 'NONE', *, *, #8762, .F. ) ;
#7787 = CARTESIAN_POINT ( 'NONE',  ( 2.100000000000001865, 0.6664761515876249653, -1.130000000000000338 ) ) ;
#7788 = FACE_OUTER_BOUND ( 'NONE', #2389, .T. ) ;
#7789 = DIRECTION ( 'NONE',  ( 0.000000000000000000, -0.000000000000000000, -1.000000000000000000 ) ) ;
#7790 = VECTOR ( 'NONE', #5922, 1000.000000000000000 ) ;
#7791 = ORIENTED_EDGE ( 'NONE', *, *, #8342, .F. ) ;
#7792 = EDGE_CURVE ( 'NONE', #4683, #8947, #7507, .T. ) ;
#7793 = VERTEX_POINT ( 'NONE', #5838 ) ;
#7794 = EDGE_CURVE ( 'NONE', #1279, #146, #9406, .T. ) ;
#7795 = LINE ( 'NONE', #8826, #4664 ) ;
#7796 = CARTESIAN_POINT ( 'NONE',  ( 1.870000000000000995, 0.2000000000000000111, 2.500000000000000444 ) ) ;
#7797 = ORIENTED_EDGE ( 'NONE', *, *, #6596, .T. ) ;
#7798 = PRESENTATION_STYLE_ASSIGNMENT (( #2476 ) ) ;
#7799 = ORIENTED_EDGE ( 'NONE', *, *, #8509, .F. ) ;
#7800 = CARTESIAN_POINT ( 'NONE',  ( -2.100000000000001865, 0.1999999999999999833, 0.8699999999999996625 ) ) ;
#7801 = AXIS2_PLACEMENT_3D ( 'NONE', #7456, #9919, #9131 ) ;
#7802 = LINE ( 'NONE', #5392, #6031 ) ;
#7803 = VECTOR ( 'NONE', #8393, 1000.000000000000000 ) ;
#7804 = ORIENTED_EDGE ( 'NONE', *, *, #1487, .T. ) ;
#7805 = FACE_OUTER_BOUND ( 'NONE', #6385, .T. ) ;
#7806 = EDGE_CURVE ( 'NONE', #9649, #3386, #3280, .T. ) ;
#7807 = ORIENTED_EDGE ( 'NONE', *, *, #2500, .F. ) ;
#7808 = DIRECTION ( 'NONE',  ( 0.000000000000000000, 1.000000000000000000, 0.000000000000000000 ) ) ;
#7809 = CARTESIAN_POINT ( 'NONE',  ( 1.800000000000000044, 0.000000000000000000, -1.799999999999999822 ) ) ;
#7810 = DIRECTION ( 'NONE',  ( 1.000000000000000000, -0.000000000000000000, -0.000000000000000000 ) ) ;
#7811 = DIRECTION ( 'NONE',  ( 1.000000000000000000, -0.000000000000000000, -3.614007241618342065E-15 ) ) ;
#7812 = VERTEX_POINT ( 'NONE', #8737 ) ;
#7813 = FACE_OUTER_BOUND ( 'NONE', #1727, .T. ) ;
#7814 = VECTOR ( 'NONE', #4141, 1000.000000000000000 ) ;
#7815 = ORIENTED_EDGE ( 'NONE', *, *, #6260, .F. ) ;
#7816 = VECTOR ( 'NONE', #7083, 1000.000000000000000 ) ;
#7817 = VERTEX_POINT ( 'NONE', #5767 ) ;
#7818 = EDGE_CURVE ( 'NONE', #6965, #8864, #6906, .T. ) ;
#7820 = ADVANCED_FACE ( 'NONE', ( #238 ), #7999, .F. ) ;
#7819 = STYLED_ITEM ( 'NONE', ( #4024 ), #6169 ) ;
#7821 = PLANE ( 'NONE',  #8907 ) ;
#7822 = CARTESIAN_POINT ( 'NONE',  ( 2.500000000000002220, 0.1999999999999999833, -1.130000000000000338 ) ) ;
#7823 = VECTOR ( 'NONE', #6606, 1000.000000000000000 ) ;
#7824 = ORIENTED_EDGE ( 'NONE', *, *, #8556, .T. ) ;
#7825 = LINE ( 'NONE', #3788, #3390 ) ;
#7826 = EDGE_LOOP ( 'NONE', ( #6819, #6023, #8444, #5267 ) ) ;
#7827 = LINE ( 'NONE', #2838, #219 ) ;
#7828 = CARTESIAN_POINT ( 'NONE',  ( -0.6299999999999982281, 0.6664761515876257425, 2.100000000000000089 ) ) ;
#7829 = ORIENTED_EDGE ( 'NONE', *, *, #7940, .T. ) ;
#7830 = DIRECTION ( 'NONE',  ( 0.000000000000000000, 0.000000000000000000, -1.000000000000000000 ) ) ;
#7831 = CARTESIAN_POINT ( 'NONE',  ( -1.629999999999998561, 0.2000000000000000111, -2.100000000000000089 ) ) ;
#7832 = CARTESIAN_POINT ( 'NONE',  ( -2.100000000000001865, 0.000000000000000000, 1.369999999999999662 ) ) ;
#7833 = LINE ( 'NONE', #9481, #3516 ) ;
#7834 = DIRECTION ( 'NONE',  ( -1.000000000000000000, 0.000000000000000000, 0.000000000000000000 ) ) ;
#7835 = ORIENTED_EDGE ( 'NONE', *, *, #1668, .F. ) ;
#7836 = DIRECTION ( 'NONE',  ( -5.421010862427520198E-16, 0.000000000000000000, -1.000000000000000000 ) ) ;
#7837 = VECTOR ( 'NONE', #8023, 1000.000000000000000 ) ;
#7838 = CARTESIAN_POINT ( 'NONE',  ( -0.1299999999999996991, 0.000000000000000000, -2.500000000000000444 ) ) ;
#7839 = AXIS2_PLACEMENT_3D ( 'NONE', #6903, #7656, #1617 ) ;
#7840 = EDGE_CURVE ( 'NONE', #3517, #1911, #4834, .T. ) ;
#7841 = VECTOR ( 'NONE', #448, 1000.000000000000000 ) ;
#7842 = PLANE ( 'NONE',  #3536 ) ;
#7843 = ORIENTED_EDGE ( 'NONE', *, *, #112, .T. ) ;
#7844 = CARTESIAN_POINT ( 'NONE',  ( 1.800000000000000044, 0.1999999999999996503, -1.799999999999999822 ) ) ;
#7845 = CARTESIAN_POINT ( 'NONE',  ( 1.370000000000000995, 0.04999999999999969746, 2.500000000000000444 ) ) ;
#7846 =( LENGTH_UNIT ( ) NAMED_UNIT ( * ) SI_UNIT ( .MILLI., .METRE. ) );
#7847 = DIRECTION ( 'NONE',  ( 1.000000000000000000, 0.000000000000000000, 0.000000000000000000 ) ) ;
#7848 = ORIENTED_EDGE ( 'NONE', *, *, #7986, .T. ) ;
#7849 = CARTESIAN_POINT ( 'NONE',  ( 1.629999999999999893, 0.2000000000000000111, -2.100000000000000089 ) ) ;
#7850 = DIRECTION ( 'NONE',  ( 0.000000000000000000, -1.000000000000000000, 0.000000000000000000 ) ) ;
#7851 = CARTESIAN_POINT ( 'NONE',  ( -1.800000000000000044, 0.000000000000000000, 1.799999999999999822 ) ) ;
#7852 = DIRECTION ( 'NONE',  ( -1.000000000000000000, 0.000000000000000000, 0.000000000000000000 ) ) ;
#7853 = LINE ( 'NONE', #989, #4974 ) ;
#7854 = DIRECTION ( 'NONE',  ( 0.000000000000000000, -0.000000000000000000, 1.000000000000000000 ) ) ;
#7855 = AXIS2_PLACEMENT_3D ( 'NONE', #1228, #398, #7458 ) ;
#7856 = EDGE_LOOP ( 'NONE', ( #2837, #8341, #3987, #565 ) ) ;
#7857 = ORIENTED_EDGE ( 'NONE', *, *, #34, .F. ) ;
#7858 = EDGE_CURVE ( 'NONE', #5467, #5612, #8815, .T. ) ;
#7859 = DIRECTION ( 'NONE',  ( 1.000000000000000000, 0.000000000000000000, 0.000000000000000000 ) ) ;
#7860 = LINE ( 'NONE', #3758, #3899 ) ;
#7861 = VERTEX_POINT ( 'NONE', #4454 ) ;
#7862 = AXIS2_PLACEMENT_3D ( 'NONE', #9016, #2110, #3737 ) ;
#7863 = DIRECTION ( 'NONE',  ( -1.000000000000000000, 0.000000000000000000, 2.710505431213760691E-15 ) ) ;
#7864 = DIRECTION ( 'NONE',  ( 0.000000000000000000, 0.000000000000000000, -1.000000000000000000 ) ) ;
#7865 = ORIENTED_EDGE ( 'NONE', *, *, #1244, .T. ) ;
#7866 = CARTESIAN_POINT ( 'NONE',  ( -2.500000000000002220, 0.1999999999999999833, 0.1299999999999981726 ) ) ;
#7867 = ORIENTED_EDGE ( 'NONE', *, *, #1002, .F. ) ;
#7868 = EDGE_CURVE ( 'NONE', #4675, #3756, #851, .T. ) ;
#7870 = ADVANCED_FACE ( 'NONE', ( #8097 ), #6715, .T. ) ;
#7869 = VERTEX_POINT ( 'NONE', #1311 ) ;
#7871 = VERTEX_POINT ( 'NONE', #8139 ) ;
#7873 = VECTOR ( 'NONE', #4779, 1000.000000000000000 ) ;
#7872 = AXIS2_PLACEMENT_3D ( 'NONE', #750, #4517, #9878 ) ;
#7874 = CLOSED_SHELL ( 'NONE', ( #9104, #9799, #3048, #4376, #5401, #7915 ) ) ;
#7875 = CARTESIAN_POINT ( 'NONE',  ( -0.8700000000000001066, 0.2000000000000000111, -2.100000000000000089 ) ) ;
#7876 = VECTOR ( 'NONE', #4305, 1000.000000000000000 ) ;
#7877 = CARTESIAN_POINT ( 'NONE',  ( 0.1299999999999998934, 0.6664761515876257425, -2.100000000000000089 ) ) ;
#7878 = CARTESIAN_POINT ( 'NONE',  ( 0.000000000000000000, 0.05000000000000000278, -1.370000000000001883 ) ) ;
#7879 = EDGE_CURVE ( 'NONE', #6786, #8469, #3529, .T. ) ;
#7880 = CARTESIAN_POINT ( 'NONE',  ( -2.500000000000002220, 0.000000000000000000, 0.1299999999999981726 ) ) ;
#7881 = ORIENTED_EDGE ( 'NONE', *, *, #7192, .T. ) ;
#7882 = DIRECTION ( 'NONE',  ( 0.000000000000000000, 0.000000000000000000, -1.000000000000000000 ) ) ;
#7883 = AXIS2_PLACEMENT_3D ( 'NONE', #8894, #5737, #5776 ) ;
#7884 = VECTOR ( 'NONE', #7671, 1000.000000000000000 ) ;
#7885 = ORIENTED_EDGE ( 'NONE', *, *, #8776, .T. ) ;
#7886 = ORIENTED_EDGE ( 'NONE', *, *, #187, .T. ) ;
#7887 = PLANE ( 'NONE',  #2403 ) ;
#7888 = ORIENTED_EDGE ( 'NONE', *, *, #245, .T. ) ;
#7889 = FACE_OUTER_BOUND ( 'NONE', #7856, .T. ) ;
#7890 = LINE ( 'NONE', #4611, #1510 ) ;
#7891 = EDGE_LOOP ( 'NONE', ( #5772, #3304, #5496, #5223 ) ) ;
#7892 = AXIS2_PLACEMENT_3D ( 'NONE', #6046, #1410, #8271 ) ;
#7893 = ORIENTED_EDGE ( 'NONE', *, *, #3091, .T. ) ;
#7894 = EDGE_CURVE ( 'NONE', #5178, #9284, #6411, .T. ) ;
#7895 = PLANE ( 'NONE',  #1833 ) ;
#7896 = LINE ( 'NONE', #3893, #8493 ) ;
#7897 = VECTOR ( 'NONE', #7564, 1000.000000000000000 ) ;
#7898 = VECTOR ( 'NONE', #7882, 1000.000000000000000 ) ;
#7899 = ORIENTED_EDGE ( 'NONE', *, *, #6578, .T. ) ;
#7900 = VERTEX_POINT ( 'NONE', #3651 ) ;
#7901 = DIRECTION ( 'NONE',  ( 0.000000000000000000, 0.000000000000000000, 1.000000000000000000 ) ) ;
#7902 = DIRECTION ( 'NONE',  ( 0.000000000000000000, -0.000000000000000000, 1.000000000000000000 ) ) ;
#7903 = CARTESIAN_POINT ( 'NONE',  ( -1.129999999999998117, 0.2000000000000000111, 2.100000000000000089 ) ) ;
#7904 = LINE ( 'NONE', #550, #8744 ) ;
#7905 = DIRECTION ( 'NONE',  ( 0.000000000000000000, -1.000000000000000000, 0.000000000000000000 ) ) ;
#7906 = CARTESIAN_POINT ( 'NONE',  ( 2.500000000000002220, 0.6664761515876249653, 1.869999999999999662 ) ) ;
#7907 = EDGE_CURVE ( 'NONE', #5105, #1156, #6672, .T. ) ;
#7908 = DIRECTION ( 'NONE',  ( -2.710505431213760296E-15, 0.000000000000000000, -1.000000000000000000 ) ) ;
#7909 = DIRECTION ( 'NONE',  ( 0.000000000000000000, 0.000000000000000000, -1.000000000000000000 ) ) ;
#7910 = FACE_OUTER_BOUND ( 'NONE', #142, .T. ) ;
#7911 = ORIENTED_EDGE ( 'NONE', *, *, #9214, .F. ) ;
#7912 = VERTEX_POINT ( 'NONE', #2820 ) ;
#7913 = CARTESIAN_POINT ( 'NONE',  ( 2.100000000000001865, 0.6664761515876249653, 1.369999999999999662 ) ) ;
#7914 = VECTOR ( 'NONE', #7738, 1000.000000000000000 ) ;
#7915 = ADVANCED_FACE ( 'NONE', ( #6077 ), #5162, .F. ) ;
#7916 = EDGE_CURVE ( 'NONE', #5139, #9284, #3996, .T. ) ;
#7917 = CARTESIAN_POINT ( 'NONE',  ( -2.500000000000000888, 0.05000000000000000278, 2.499999999999999556 ) ) ;
#7918 = LINE ( 'NONE', #2233, #4199 ) ;
#7919 = EDGE_LOOP ( 'NONE', ( #474, #2671, #2022, #3204 ) ) ;
#7920 = LINE ( 'NONE', #2968, #3115 ) ;
#7921 = ORIENTED_EDGE ( 'NONE', *, *, #6447, .T. ) ;
#7922 = EDGE_CURVE ( 'NONE', #3386, #2673, #1947, .T. ) ;
#7923 = DIRECTION ( 'NONE',  ( 1.000000000000000000, -0.000000000000000000, -0.000000000000000000 ) ) ;
#7924 = ORIENTED_EDGE ( 'NONE', *, *, #5358, .F. ) ;
#7925 = DIRECTION ( 'NONE',  ( -0.000000000000000000, 0.000000000000000000, 1.000000000000000000 ) ) ;
#7926 = PLANE ( 'NONE',  #7331 ) ;
#7927 = MANIFOLD_SOLID_BREP ( 'LPattern3[6]', #8421 ) ;
#7928 = FACE_OUTER_BOUND ( 'NONE', #6145, .T. ) ;
#7929 = DIRECTION ( 'NONE',  ( 0.000000000000000000, -0.000000000000000000, 1.000000000000000000 ) ) ;
#7930 = DIRECTION ( 'NONE',  ( 0.000000000000000000, 0.000000000000000000, -1.000000000000000000 ) ) ;
#7931 = CARTESIAN_POINT ( 'NONE',  ( 2.500000000000002220, 0.6664761515876249653, -1.870000000000001883 ) ) ;
#7932 = VECTOR ( 'NONE', #5617, 1000.000000000000000 ) ;
#7933 = VERTEX_POINT ( 'NONE', #5975 ) ;
#7934 = FACE_OUTER_BOUND ( 'NONE', #5510, .T. ) ;
#7935 = VERTEX_POINT ( 'NONE', #6750 ) ;
#7936 = AXIS2_PLACEMENT_3D ( 'NONE', #4014, #9390, #1881 ) ;
#7937 = EDGE_CURVE ( 'NONE', #2315, #4200, #5101, .T. ) ;
#7938 = CARTESIAN_POINT ( 'NONE',  ( 2.100000000000001865, 0.6664761515876249653, -1.130000000000000338 ) ) ;
#7939 = ORIENTED_EDGE ( 'NONE', *, *, #8627, .F. ) ;
#7940 = EDGE_CURVE ( 'NONE', #3697, #8353, #492, .T. ) ;
#7941 = ORIENTED_EDGE ( 'NONE', *, *, #5050, .T. ) ;
#7942 = VECTOR ( 'NONE', #9960, 1000.000000000000000 ) ;
#7943 = DIRECTION ( 'NONE',  ( -1.000000000000000000, 0.000000000000000000, 0.000000000000000000 ) ) ;
#7944 = DIRECTION ( 'NONE',  ( 1.000000000000000000, -0.000000000000000000, 0.000000000000000000 ) ) ;
#7945 = CARTESIAN_POINT ( 'NONE',  ( -1.629999999999999005, 0.1999999999999999833, 2.500000000000000444 ) ) ;
#7946 = ORIENTED_EDGE ( 'NONE', *, *, #6154, .F. ) ;
#7947 = DIRECTION ( 'NONE',  ( 1.000000000000000000, 0.000000000000000000, 0.000000000000000000 ) ) ;
#7948 = SURFACE_SIDE_STYLE ('',( #7664 ) ) ;
#7949 = DIRECTION ( 'NONE',  ( -0.000000000000000000, -1.000000000000000000, -0.000000000000000000 ) ) ;
#7950 = VECTOR ( 'NONE', #4151, 1000.000000000000000 ) ;
#7951 =( GEOMETRIC_REPRESENTATION_CONTEXT ( 3 ) GLOBAL_UNCERTAINTY_ASSIGNED_CONTEXT ( ( #9900 ) ) GLOBAL_UNIT_ASSIGNED_CONTEXT ( ( #598, #6760, #9004 ) ) REPRESENTATION_CONTEXT ( 'NONE', 'WORKASPACE' ) );
#7952 = CARTESIAN_POINT ( 'NONE',  ( -1.870000000000000107, 0.000000000000000000, -2.100000000000000089 ) ) ;
#7953 = ORIENTED_EDGE ( 'NONE', *, *, #7937, .F. ) ;
#7954 = EDGE_CURVE ( 'NONE', #6938, #7441, #2205, .T. ) ;
#7955 = ORIENTED_EDGE ( 'NONE', *, *, #479, .T. ) ;
#7956 = LINE ( 'NONE', #9638, #8434 ) ;
#7957 = EDGE_LOOP ( 'NONE', ( #5913, #1301, #71, #8654 ) ) ;
#7958 = MECHANICAL_DESIGN_GEOMETRIC_PRESENTATION_REPRESENTATION (  '', ( #7459 ), #1447 ) ;
#7959 = CARTESIAN_POINT ( 'NONE',  ( -2.100000000000001865, 0.05000000000000000278, 0.000000000000000000 ) ) ;
#7960 = VECTOR ( 'NONE', #1591, 1000.000000000000000 ) ;
#7961 = EDGE_LOOP ( 'NONE', ( #6870, #8432, #5255, #1712 ) ) ;
#7962 = VECTOR ( 'NONE', #9573, 1000.000000000000000 ) ;
#7963 = VERTEX_POINT ( 'NONE', #518 ) ;
#7964 = CARTESIAN_POINT ( 'NONE',  ( -2.100000000000001865, 0.6664761515876249653, -1.630000000000000338 ) ) ;
#7965 = DIRECTION ( 'NONE',  ( 0.000000000000000000, -0.000000000000000000, 1.000000000000000000 ) ) ;
#7966 = CARTESIAN_POINT ( 'NONE',  ( -2.100000000000001865, 0.6664761515876249653, -0.6300000000000003375 ) ) ;
#7967 = LINE ( 'NONE', #90, #7269 ) ;
#7968 = STYLED_ITEM ( 'NONE', ( #5810 ), #3761 ) ;
#7969 = EDGE_LOOP ( 'NONE', ( #2663, #7077, #1396, #4241 ) ) ;
#7970 = ADVANCED_FACE ( 'NONE', ( #8946 ), #7446, .T. ) ;
#7971 = EDGE_CURVE ( 'NONE', #8769, #7355, #4604, .T. ) ;
#7972 =( LENGTH_UNIT ( ) NAMED_UNIT ( * ) SI_UNIT ( .MILLI., .METRE. ) );
#7973 = VECTOR ( 'NONE', #4032, 1000.000000000000000 ) ;
#7974 = DIRECTION ( 'NONE',  ( -0.000000000000000000, -1.000000000000000000, -0.000000000000000000 ) ) ;
#7975 = DIRECTION ( 'NONE',  ( 0.000000000000000000, -0.000000000000000000, 1.000000000000000000 ) ) ;
#7976 = CARTESIAN_POINT ( 'NONE',  ( -1.369999999999999662, 0.2000000000000000111, 2.100000000000000977 ) ) ;
#7977 = EDGE_LOOP ( 'NONE', ( #9015, #5993, #6883, #9816 ) ) ;
#7978 = DIRECTION ( 'NONE',  ( 0.000000000000000000, -1.000000000000000000, 0.000000000000000000 ) ) ;
#7979 = PLANE ( 'NONE',  #1393 ) ;
#7980 = EDGE_LOOP ( 'NONE', ( #3786, #9444, #9516, #493 ) ) ;
#7981 = CARTESIAN_POINT ( 'NONE',  ( 0.6299999999999998934, 0.2000000000000000111, -2.100000000000000089 ) ) ;
#7982 = DIRECTION ( 'NONE',  ( 0.000000000000000000, -0.000000000000000000, 1.000000000000000000 ) ) ;
#7983 = CARTESIAN_POINT ( 'NONE',  ( 2.100000000000001865, 0.6664761515876249653, -1.870000000000001883 ) ) ;
#7984 = CARTESIAN_POINT ( 'NONE',  ( 0.1300000000000003375, 0.000000000000000000, 2.100000000000000977 ) ) ;
#7985 = DIRECTION ( 'NONE',  ( 0.000000000000000000, 0.000000000000000000, 1.000000000000000000 ) ) ;
#7986 = EDGE_CURVE ( 'NONE', #3376, #4200, #8443, .T. ) ;
#7987 = VERTEX_POINT ( 'NONE', #656 ) ;
#7988 = VECTOR ( 'NONE', #6710, 1000.000000000000000 ) ;
#7989 = ORIENTED_EDGE ( 'NONE', *, *, #8495, .F. ) ;
#7990 = PLANE ( 'NONE',  #8111 ) ;
#7991 = VECTOR ( 'NONE', #7850, 1000.000000000000000 ) ;
#7992 = AXIS2_PLACEMENT_3D ( 'NONE', #1597, #6259, #7000 ) ;
#7993 = CARTESIAN_POINT ( 'NONE',  ( 0.3700000000000018274, 0.2000000000000000111, 2.100000000000000089 ) ) ;
#7994 = CARTESIAN_POINT ( 'NONE',  ( -2.500000000000002220, 0.6664761515876249653, 1.369999999999999662 ) ) ;
#7995 = EDGE_LOOP ( 'NONE', ( #12, #4002, #1266, #9467 ) ) ;
#7996 = DIRECTION ( 'NONE',  ( -5.421010862427520198E-16, 0.000000000000000000, -1.000000000000000000 ) ) ;
#7997 = DIRECTION ( 'NONE',  ( -1.000000000000000000, 0.000000000000000000, -0.000000000000000000 ) ) ;
#7998 = EDGE_CURVE ( 'NONE', #9499, #4178, #9651, .T. ) ;
#7999 = PLANE ( 'NONE',  #5322 ) ;
#8000 = PRESENTATION_STYLE_ASSIGNMENT (( #2690 ) ) ;
#8001 = ORIENTED_EDGE ( 'NONE', *, *, #8258, .T. ) ;
#8002 = FACE_OUTER_BOUND ( 'NONE', #4572, .T. ) ;
#8003 = EDGE_LOOP ( 'NONE', ( #5566, #4171, #6552, #9846 ) ) ;
#8004 = ORIENTED_EDGE ( 'NONE', *, *, #6026, .F. ) ;
#8005 = AXIS2_PLACEMENT_3D ( 'NONE', #9775, #8262, #4442 ) ;
#8006 = CARTESIAN_POINT ( 'NONE',  ( 2.500000000000002220, 0.6664761515876249653, -1.130000000000000338 ) ) ;
#8007 = CARTESIAN_POINT ( 'NONE',  ( -0.1299999999999996991, 0.000000000000000000, -2.500000000000000444 ) ) ;
#8008 = CARTESIAN_POINT ( 'NONE',  ( 0.000000000000000000, 0.2000000000000000111, 0.000000000000000000 ) ) ;
#8009 = ORIENTED_EDGE ( 'NONE', *, *, #1748, .F. ) ;
#8010 = EDGE_CURVE ( 'NONE', #3226, #2742, #2557, .T. ) ;
#8011 = DIRECTION ( 'NONE',  ( 3.614007241618325499E-15, 0.000000000000000000, 1.000000000000000000 ) ) ;
#8012 = DIRECTION ( 'NONE',  ( 0.000000000000000000, 0.000000000000000000, 1.000000000000000000 ) ) ;
#8013 = DIRECTION ( 'NONE',  ( 1.000000000000000000, 0.000000000000000000, 0.000000000000000000 ) ) ;
#8014 = ORIENTED_EDGE ( 'NONE', *, *, #9854, .F. ) ;
#8015 = CARTESIAN_POINT ( 'NONE',  ( -2.100000000000001865, 0.000000000000000000, -1.630000000000000338 ) ) ;
#8016 = FACE_OUTER_BOUND ( 'NONE', #326, .T. ) ;
#8017 = LINE ( 'NONE', #6612, #1025 ) ;
#8018 = ADVANCED_FACE ( 'NONE', ( #4122 ), #2154, .T. ) ;
#8019 = LINE ( 'NONE', #3385, #3457 ) ;
#8020 = ORIENTED_EDGE ( 'NONE', *, *, #8060, .F. ) ;
#8021 = VERTEX_POINT ( 'NONE', #4610 ) ;
#8022 = CARTESIAN_POINT ( 'NONE',  ( -2.100000000000001865, 0.6664761515876249653, -0.1300000000000003375 ) ) ;
#8023 = DIRECTION ( 'NONE',  ( -1.000000000000000000, 0.000000000000000000, -0.000000000000000000 ) ) ;
#8024 = LINE ( 'NONE', #5098, #5757 ) ;
#8025 = CARTESIAN_POINT ( 'NONE',  ( -2.500000000000002220, 0.6664761515876249653, 0.1299999999999981726 ) ) ;
#8026 = AXIS2_PLACEMENT_3D ( 'NONE', #3087, #8455, #3027 ) ;
#8027 = LINE ( 'NONE', #4403, #1884 ) ;
#8028 = ORIENTED_EDGE ( 'NONE', *, *, #5947, .F. ) ;
#8029 = DIRECTION ( 'NONE',  ( 1.000000000000000000, -0.000000000000000000, -3.614007241618342065E-15 ) ) ;
#8030 = EDGE_CURVE ( 'NONE', #6633, #5080, #2699, .T. ) ;
#8031 = ORIENTED_EDGE ( 'NONE', *, *, #8859, .F. ) ;
#8032 = DIRECTION ( 'NONE',  ( 0.000000000000000000, -0.000000000000000000, 1.000000000000000000 ) ) ;
#8033 = CARTESIAN_POINT ( 'NONE',  ( -2.100000000000001865, 0.1999999999999999833, -1.370000000000001883 ) ) ;
#8034 = DIRECTION ( 'NONE',  ( 0.000000000000000000, 0.000000000000000000, 1.000000000000000000 ) ) ;
#8035 = LINE ( 'NONE', #5992, #5771 ) ;
#8036 = ORIENTED_EDGE ( 'NONE', *, *, #5981, .T. ) ;
#8037 = CARTESIAN_POINT ( 'NONE',  ( -2.100000000000001865, 0.000000000000000000, -0.6300000000000003375 ) ) ;
#8038 = ORIENTED_EDGE ( 'NONE', *, *, #5766, .F. ) ;
#8039 = AXIS2_PLACEMENT_3D ( 'NONE', #2259, #7863, #2522 ) ;
#8040 = DIRECTION ( 'NONE',  ( 0.000000000000000000, -0.000000000000000000, -1.000000000000000000 ) ) ;
#8041 = DIRECTION ( 'NONE',  ( 0.000000000000000000, 0.000000000000000000, -1.000000000000000000 ) ) ;
#8042 = DIRECTION ( 'NONE',  ( -0.000000000000000000, -0.000000000000000000, -1.000000000000000000 ) ) ;
#8043 = DIRECTION ( 'NONE',  ( -5.421010862427520198E-16, 0.000000000000000000, -1.000000000000000000 ) ) ;
#8044 = EDGE_CURVE ( 'NONE', #5023, #4902, #7389, .T. ) ;
#8045 = CARTESIAN_POINT ( 'NONE',  ( 2.500000000000002220, 0.6664761515876249653, -1.630000000000000338 ) ) ;
#8046 = DIRECTION ( 'NONE',  ( -1.000000000000000000, 0.000000000000000000, 0.000000000000000000 ) ) ;
#8047 = CARTESIAN_POINT ( 'NONE',  ( -1.800000000000000044, 5.291168824543142968, -1.800000000000000266 ) ) ;
#8048 = FACE_OUTER_BOUND ( 'NONE', #1796, .T. ) ;
#8049 = FACE_OUTER_BOUND ( 'NONE', #4951, .T. ) ;
#8050 = ORIENTED_EDGE ( 'NONE', *, *, #6720, .F. ) ;
#8051 = VECTOR ( 'NONE', #3888, 1000.000000000000000 ) ;
#8052 = ORIENTED_EDGE ( 'NONE', *, *, #9493, .F. ) ;
#8053 = VERTEX_POINT ( 'NONE', #719 ) ;
#8054 = CARTESIAN_POINT ( 'NONE',  ( 0.8700000000000014388, 0.2000000000000000111, -2.100000000000000089 ) ) ;
#8055 = VECTOR ( 'NONE', #8064, 1000.000000000000000 ) ;
#8056 = FILL_AREA_STYLE ('',( #5117 ) ) ;
#8057 = VECTOR ( 'NONE', #7830, 1000.000000000000000 ) ;
#8058 = ORIENTED_EDGE ( 'NONE', *, *, #1373, .F. ) ;
#8059 = LINE ( 'NONE', #1774, #2528 ) ;
#8060 = EDGE_CURVE ( 'NONE', #1671, #3807, #4720, .T. ) ;
#8061 = DIRECTION ( 'NONE',  ( 1.000000000000000000, -0.000000000000000000, -3.614007241618342065E-15 ) ) ;
#8062 = ORIENTED_EDGE ( 'NONE', *, *, #5378, .T. ) ;
#8063 = PLANE ( 'NONE',  #8677 ) ;
#8064 = DIRECTION ( 'NONE',  ( 2.710505431213760691E-15, -0.000000000000000000, 1.000000000000000000 ) ) ;
#8065 = ORIENTED_EDGE ( 'NONE', *, *, #5947, .T. ) ;
#8066 = FILL_AREA_STYLE_COLOUR ( '', #9886 ) ;
#8067 = VECTOR ( 'NONE', #2166, 1000.000000000000000 ) ;
#8068 = CARTESIAN_POINT ( 'NONE',  ( -1.629999999999998561, 0.2000000000000000111, -2.100000000000000089 ) ) ;
#8069 = DIRECTION ( 'NONE',  ( 0.000000000000000000, 0.000000000000000000, 1.000000000000000000 ) ) ;
#8070 = ORIENTED_EDGE ( 'NONE', *, *, #9330, .T. ) ;
#8071 = PLANE ( 'NONE',  #7437 ) ;
#8072 = DIRECTION ( 'NONE',  ( 1.000000000000000000, -0.000000000000000000, -0.000000000000000000 ) ) ;
#8073 = FACE_OUTER_BOUND ( 'NONE', #7980, .T. ) ;
#8074 = ORIENTED_EDGE ( 'NONE', *, *, #3751, .T. ) ;
#8075 = FACE_OUTER_BOUND ( 'NONE', #2025, .T. ) ;
#8076 = ADVANCED_FACE ( 'NONE', ( #2078 ), #6080, .T. ) ;
#8077 = VERTEX_POINT ( 'NONE', #4576 ) ;
#8078 = EDGE_CURVE ( 'NONE', #8204, #4618, #8935, .T. ) ;
#8079 = PLANE ( 'NONE',  #2834 ) ;
#8080 = AXIS2_PLACEMENT_3D ( 'NONE', #9538, #4273, #1903 ) ;
#8081 = LINE ( 'NONE', #7844, #2684 ) ;
#8082 = DIRECTION ( 'NONE',  ( -5.421010862427520198E-16, 0.000000000000000000, -1.000000000000000000 ) ) ;
#8083 = VERTEX_POINT ( 'NONE', #3032 ) ;
#8084 = DIRECTION ( 'NONE',  ( 0.000000000000000000, 0.000000000000000000, -1.000000000000000000 ) ) ;
#8085 = DIRECTION ( 'NONE',  ( 0.000000000000000000, -1.000000000000000000, 0.000000000000000000 ) ) ;
#8086 = CARTESIAN_POINT ( 'NONE',  ( 2.499999999999998668, 0.05000000000000000278, 2.499999999999999556 ) ) ;
#8087 = DIRECTION ( 'NONE',  ( 0.000000000000000000, -0.000000000000000000, 1.000000000000000000 ) ) ;
#8088 = VECTOR ( 'NONE', #6139, 1000.000000000000000 ) ;
#8089 = CARTESIAN_POINT ( 'NONE',  ( 0.000000000000000000, 0.05000000000000000278, -0.6300000000000003375 ) ) ;
#8090 = CARTESIAN_POINT ( 'NONE',  ( -1.629999999999998561, 0.6664761515876257425, -2.100000000000000089 ) ) ;
#8091 = CARTESIAN_POINT ( 'NONE',  ( 0.8700000000000003286, 0.000000000000000000, -2.500000000000000444 ) ) ;
#8092 = ORIENTED_EDGE ( 'NONE', *, *, #4845, .F. ) ;
#8093 = CARTESIAN_POINT ( 'NONE',  ( 1.629999999999999893, 0.6664761515876257425, -2.100000000000000089 ) ) ;
#8094 = PRODUCT_RELATED_PRODUCT_CATEGORY ( 'part', '', ( #5059 ) ) ;
#8095 = EDGE_CURVE ( 'NONE', #5917, #9312, #6151, .T. ) ;
#8096 = ORIENTED_EDGE ( 'NONE', *, *, #8639, .T. ) ;
#8097 = FACE_OUTER_BOUND ( 'NONE', #6155, .T. ) ;
#8098 = VERTEX_POINT ( 'NONE', #8398 ) ;
#8099 = CARTESIAN_POINT ( 'NONE',  ( -2.100000000000001865, 0.05000000000000002359, -0.8700000000000018829 ) ) ;
#8100 = DIRECTION ( 'NONE',  ( 0.000000000000000000, 0.000000000000000000, 1.000000000000000000 ) ) ;
#8101 = DIRECTION ( 'NONE',  ( -0.000000000000000000, -1.000000000000000000, -0.000000000000000000 ) ) ;
#8102 = VECTOR ( 'NONE', #9311, 1000.000000000000000 ) ;
#8103 = ORIENTED_EDGE ( 'NONE', *, *, #9553, .F. ) ;
#8104 = DIRECTION ( 'NONE',  ( 1.000000000000000000, 0.000000000000000000, -0.000000000000000000 ) ) ;
#8105 = DIRECTION ( 'NONE',  ( 1.000000000000000000, 0.000000000000000000, -3.614007241618325499E-15 ) ) ;
#8106 = DIRECTION ( 'NONE',  ( 0.000000000000000000, -0.000000000000000000, 1.000000000000000000 ) ) ;
#8107 = SURFACE_SIDE_STYLE ('',( #180 ) ) ;
#8108 = PLANE ( 'NONE',  #5246 ) ;
#8109 = DIRECTION ( 'NONE',  ( 0.000000000000000000, -1.000000000000000000, 0.000000000000000000 ) ) ;
#8110 = LINE ( 'NONE', #3904, #2207 ) ;
#8111 = AXIS2_PLACEMENT_3D ( 'NONE', #9603, #375, #5798 ) ;
#8112 = VERTEX_POINT ( 'NONE', #9088 ) ;
#8113 = ORIENTED_EDGE ( 'NONE', *, *, #1336, .T. ) ;
#8114 = EDGE_CURVE ( 'NONE', #1813, #4190, #2052, .T. ) ;
#8115 = VERTEX_POINT ( 'NONE', #9210 ) ;
#8116 = DIRECTION ( 'NONE',  ( -0.000000000000000000, 0.000000000000000000, 1.000000000000000000 ) ) ;
#8117 = FACE_OUTER_BOUND ( 'NONE', #6331, .T. ) ;
#8118 = DIRECTION ( 'NONE',  ( -0.000000000000000000, -0.000000000000000000, 1.000000000000000000 ) ) ;
#8119 = CARTESIAN_POINT ( 'NONE',  ( 2.499999999999998668, 0.05000000000000000278, -2.500000000000000444 ) ) ;
#8120 = DIRECTION ( 'NONE',  ( 0.000000000000000000, -1.000000000000000000, 0.000000000000000000 ) ) ;
#8121 = CARTESIAN_POINT ( 'NONE',  ( 2.500000000000002220, 0.1999999999999999833, 0.8699999999999996625 ) ) ;
#8122 = ORIENTED_EDGE ( 'NONE', *, *, #3455, .F. ) ;
#8123 = EDGE_CURVE ( 'NONE', #6509, #1926, #2021, .T. ) ;
#8124 = LINE ( 'NONE', #5778, #4862 ) ;
#8125 = EDGE_LOOP ( 'NONE', ( #6264, #6914, #5433, #4690 ) ) ;
#8126 = EDGE_CURVE ( 'NONE', #6611, #463, #5030, .T. ) ;
#8127 = VECTOR ( 'NONE', #9175, 1000.000000000000000 ) ;
#8128 = ADVANCED_FACE ( 'NONE', ( #3203 ), #2288, .T. ) ;
#8129 = EDGE_LOOP ( 'NONE', ( #2001, #5041, #6204, #2057 ) ) ;
#8130 = CARTESIAN_POINT ( 'NONE',  ( -1.629999999999998117, 0.2000000000000000111, 2.100000000000000089 ) ) ;
#8131 = CARTESIAN_POINT ( 'NONE',  ( 2.100000000000001865, 0.1999999999999999833, 0.6299999999999982281 ) ) ;
#8132 = VECTOR ( 'NONE', #9587, 1000.000000000000000 ) ;
#8133 = ORIENTED_EDGE ( 'NONE', *, *, #4135, .F. ) ;
#8134 = ORIENTED_EDGE ( 'NONE', *, *, #394, .F. ) ;
#8135 = CARTESIAN_POINT ( 'NONE',  ( 2.100000000000001865, 0.000000000000000000, -0.6300000000000003375 ) ) ;
#8136 = CARTESIAN_POINT ( 'NONE',  ( 7.589415207398483706E-15, 0.05000000000000000278, 2.100000000000000089 ) ) ;
#8137 = ORIENTED_EDGE ( 'NONE', *, *, #6403, .F. ) ;
#8138 = EDGE_CURVE ( 'NONE', #8405, #4790, #9926, .T. ) ;
#8139 = CARTESIAN_POINT ( 'NONE',  ( 2.100000000000001865, 0.1999999999999999833, -1.870000000000001883 ) ) ;
#8140 = VECTOR ( 'NONE', #3338, 1000.000000000000000 ) ;
#8141 = LINE ( 'NONE', #5410, #3935 ) ;
#8142 = LINE ( 'NONE', #8089, #2251 ) ;
#8143 = VERTEX_POINT ( 'NONE', #7605 ) ;
#8144 = VERTEX_POINT ( 'NONE', #5294 ) ;
#8145 = AXIS2_PLACEMENT_3D ( 'NONE', #1194, #1334, #1236 ) ;
#8146 = CARTESIAN_POINT ( 'NONE',  ( 0.3700000000000003286, 0.2000000000000000111, -2.500000000000000444 ) ) ;
#8147 = DIRECTION ( 'NONE',  ( -0.000000000000000000, 0.000000000000000000, -1.000000000000000000 ) ) ;
#8148 = LINE ( 'NONE', #6156, #7436 ) ;
#8149 = CARTESIAN_POINT ( 'NONE',  ( 2.100000000000001865, 0.000000000000000000, -0.1300000000000003375 ) ) ;
#8150 = EDGE_CURVE ( 'NONE', #5938, #3017, #5365, .T. ) ;
#8151 = DIRECTION ( 'NONE',  ( 0.000000000000000000, 0.000000000000000000, -1.000000000000000000 ) ) ;
#8152 = PLANE ( 'NONE',  #4003 ) ;
#8153 = CARTESIAN_POINT ( 'NONE',  ( -2.100000000000001865, 0.000000000000000000, 1.369999999999999662 ) ) ;
#8154 = LINE ( 'NONE', #938, #4056 ) ;
#8155 = EDGE_LOOP ( 'NONE', ( #2892, #1840, #2014, #3558 ) ) ;
#8156 = PLANE ( 'NONE',  #8181 ) ;
#8157 = FACE_OUTER_BOUND ( 'NONE', #5457, .T. ) ;
#8158 = ORIENTED_EDGE ( 'NONE', *, *, #7256, .F. ) ;
#8159 = LINE ( 'NONE', #1866, #9012 ) ;
#8160 =( NAMED_UNIT ( * ) PLANE_ANGLE_UNIT ( ) SI_UNIT ( $, .RADIAN. ) );
#8161 = LINE ( 'NONE', #3452, #2267 ) ;
#8162 = ORIENTED_EDGE ( 'NONE', *, *, #9493, .T. ) ;
#8163 = LINE ( 'NONE', #2316, #4560 ) ;
#8164 = ORIENTED_EDGE ( 'NONE', *, *, #4772, .T. ) ;
#8165 = AXIS2_PLACEMENT_3D ( 'NONE', #5275, #2269, #1518 ) ;
#8166 = VECTOR ( 'NONE', #6558, 1000.000000000000000 ) ;
#8167 = CARTESIAN_POINT ( 'NONE',  ( -1.869999999999999662, 0.1999999999999999833, 2.100000000000000977 ) ) ;
#8168 = CARTESIAN_POINT ( 'NONE',  ( 0.1299999999999998934, 0.1999999999999999833, -2.100000000000000089 ) ) ;
#8169 = DIRECTION ( 'NONE',  ( 0.000000000000000000, 0.000000000000000000, -1.000000000000000000 ) ) ;
#8170 = EDGE_CURVE ( 'NONE', #2252, #1946, #1854, .T. ) ;
#8171 = CARTESIAN_POINT ( 'NONE',  ( 0.000000000000000000, 0.000000000000000000, 3.500000000000000000 ) ) ;
#8172 = VECTOR ( 'NONE', #633, 1000.000000000000000 ) ;
#8173 = ORIENTED_EDGE ( 'NONE', *, *, #8315, .T. ) ;
#8174 = VECTOR ( 'NONE', #7370, 1000.000000000000000 ) ;
#8175 = ORIENTED_EDGE ( 'NONE', *, *, #9616, .T. ) ;
#8176 = ADVANCED_FACE ( 'NONE', ( #7043 ), #9296, .T. ) ;
#8177 = EDGE_LOOP ( 'NONE', ( #7215, #2049, #7378, #342 ) ) ;
#8178 = FACE_OUTER_BOUND ( 'NONE', #4641, .T. ) ;
#8179 = PRESENTATION_STYLE_ASSIGNMENT (( #7472 ) ) ;
#8180 = VERTEX_POINT ( 'NONE', #8459 ) ;
#8181 = AXIS2_PLACEMENT_3D ( 'NONE', #2754, #8901, #1260 ) ;
#8182 = SURFACE_SIDE_STYLE ('',( #5431 ) ) ;
#8183 = PLANE ( 'NONE',  #6106 ) ;
#8184 = ORIENTED_EDGE ( 'NONE', *, *, #412, .T. ) ;
#8185 = EDGE_CURVE ( 'NONE', #8664, #8785, #2089, .T. ) ;
#8186 = PLANE ( 'NONE',  #2512 ) ;
#8187 = CARTESIAN_POINT ( 'NONE',  ( 2.100000000000001865, 0.6664761515876249653, 1.869999999999999662 ) ) ;
#8188 = CARTESIAN_POINT ( 'NONE',  ( 1.870000000000000329, 0.2000000000000000111, -2.500000000000000444 ) ) ;
#8189 = CARTESIAN_POINT ( 'NONE',  ( 0.6299999999999998934, 0.000000000000000000, -2.100000000000000089 ) ) ;
#8190 = LINE ( 'NONE', #8841, #6160 ) ;
#8191 = ORIENTED_EDGE ( 'NONE', *, *, #7553, .T. ) ;
#8192 = EDGE_LOOP ( 'NONE', ( #3028, #1769, #2558, #4620 ) ) ;
#8193 = LINE ( 'NONE', #7622, #7709 ) ;
#8194 = ORIENTED_EDGE ( 'NONE', *, *, #3540, .F. ) ;
#8195 = CARTESIAN_POINT ( 'NONE',  ( 1.500000000000000000, 0.000000000000000000, 0.000000000000000000 ) ) ;
#8196 = DIRECTION ( 'NONE',  ( -1.000000000000000000, 0.000000000000000000, 0.000000000000000000 ) ) ;
#8197 = ORIENTED_EDGE ( 'NONE', *, *, #445, .F. ) ;
#8198 = DIRECTION ( 'NONE',  ( 2.710505431213760691E-15, 0.000000000000000000, 1.000000000000000000 ) ) ;
#8199 = LINE ( 'NONE', #6409, #7950 ) ;
#8200 = CARTESIAN_POINT ( 'NONE',  ( 1.370000000000000329, 0.04999999999999969746, -2.500000000000000444 ) ) ;
#8201 = ORIENTED_EDGE ( 'NONE', *, *, #2545, .F. ) ;
#8202 = EDGE_CURVE ( 'NONE', #7543, #3580, #6800, .T. ) ;
#8203 = VECTOR ( 'NONE', #6150, 1000.000000000000000 ) ;
#8204 = VERTEX_POINT ( 'NONE', #5476 ) ;
#8205 = FACE_OUTER_BOUND ( 'NONE', #6747, .T. ) ;
#8206 = DIRECTION ( 'NONE',  ( 3.614007241618325499E-15, 0.000000000000000000, 1.000000000000000000 ) ) ;
#8207 = ORIENTED_EDGE ( 'NONE', *, *, #5483, .F. ) ;
#8208 = CARTESIAN_POINT ( 'NONE',  ( 0.000000000000000000, 0.2000000000000000111, 0.000000000000000000 ) ) ;
#8209 = DIRECTION ( 'NONE',  ( 0.000000000000000000, -1.000000000000000000, 0.000000000000000000 ) ) ;
#8210 = SURFACE_STYLE_FILL_AREA ( #798 ) ;
#8211 = ORIENTED_EDGE ( 'NONE', *, *, #9902, .F. ) ;
#8212 = VECTOR ( 'NONE', #8922, 1000.000000000000000 ) ;
#8213 = EDGE_CURVE ( 'NONE', #9832, #2913, #9995, .T. ) ;
#8214 = ORIENTED_EDGE ( 'NONE', *, *, #48, .T. ) ;
#8215 = ORIENTED_EDGE ( 'NONE', *, *, #8845, .F. ) ;
#8216 = PLANE ( 'NONE',  #5077 ) ;
#8217 = PLANE ( 'NONE',  #5786 ) ;
#8218 = CARTESIAN_POINT ( 'NONE',  ( 2.499999999999998668, 0.05000000000000000278, 2.499999999999999556 ) ) ;
#8219 = FACE_OUTER_BOUND ( 'NONE', #7402, .T. ) ;
#8220 =( NAMED_UNIT ( * ) SI_UNIT ( $, .STERADIAN. ) SOLID_ANGLE_UNIT ( ) );
#8221 = VERTEX_POINT ( 'NONE', #5509 ) ;
#8222 = CARTESIAN_POINT ( 'NONE',  ( -1.629999999999999005, 0.000000000000000000, 2.500000000000000444 ) ) ;
#8223 = CARTESIAN_POINT ( 'NONE',  ( -2.500000000000002220, 0.1999999999999999833, -0.8700000000000018829 ) ) ;
#8224 = DIRECTION ( 'NONE',  ( -0.000000000000000000, 0.000000000000000000, 1.000000000000000000 ) ) ;
#8225 = VECTOR ( 'NONE', #5238, 1000.000000000000000 ) ;
#8227 = ADVANCED_FACE ( 'NONE', ( #2392 ), #7060, .T. ) ;
#8226 = VERTEX_POINT ( 'NONE', #5450 ) ;
#8228 = PRESENTATION_LAYER_ASSIGNMENT (  '', '', ( #2370 ) ) ;
#8229 = VERTEX_POINT ( 'NONE', #7822 ) ;
#8230 = DIRECTION ( 'NONE',  ( -3.614007241618342065E-15, 0.000000000000000000, -1.000000000000000000 ) ) ;
#8231 = EDGE_CURVE ( 'NONE', #7869, #4569, #2367, .T. ) ;
#8232 = DIRECTION ( 'NONE',  ( 0.000000000000000000, -1.000000000000000000, 0.000000000000000000 ) ) ;
#8233 = VECTOR ( 'NONE', #8046, 1000.000000000000000 ) ;
#8234 = VERTEX_POINT ( 'NONE', #7034 ) ;
#8235 = CARTESIAN_POINT ( 'NONE',  ( 1.870000000000000329, 0.6664761515876257425, -2.500000000000000444 ) ) ;
#8236 = DIRECTION ( 'NONE',  ( -1.000000000000000000, 0.000000000000000000, 2.710505431213760691E-15 ) ) ;
#8237 = DIRECTION ( 'NONE',  ( 0.000000000000000000, -1.000000000000000000, 0.000000000000000000 ) ) ;
#8238 = ADVANCED_FACE ( 'NONE', ( #801 ), #6202, .F. ) ;
#8239 = DIRECTION ( 'NONE',  ( -1.000000000000000000, 0.000000000000000000, -0.000000000000000000 ) ) ;
#8240 = LINE ( 'NONE', #1073, #6207 ) ;
#8241 = VERTEX_POINT ( 'NONE', #3961 ) ;
#8242 = LINE ( 'NONE', #3205, #7296 ) ;
#8243 = EDGE_CURVE ( 'NONE', #3248, #10005, #151, .T. ) ;
#8244 = EDGE_LOOP ( 'NONE', ( #27, #6885, #2857, #5374 ) ) ;
#8245 = DIRECTION ( 'NONE',  ( -0.000000000000000000, -0.000000000000000000, 1.000000000000000000 ) ) ;
#8246 = PLANE ( 'NONE',  #9582 ) ;
#8247 = CARTESIAN_POINT ( 'NONE',  ( 0.000000000000000000, 0.2000000000000000111, 0.000000000000000000 ) ) ;
#8248 = CARTESIAN_POINT ( 'NONE',  ( -1.629999999999998561, 0.6664761515876257425, -2.100000000000000089 ) ) ;
#8249 = COLOUR_RGB ( '',0.7921568627450980005, 0.8196078431372548767, 0.9333333333333333481 ) ;
#8250 = ORIENTED_EDGE ( 'NONE', *, *, #5843, .T. ) ;
#8251 = DIRECTION ( 'NONE',  ( 0.000000000000000000, -1.000000000000000000, 0.000000000000000000 ) ) ;
#8252 = CARTESIAN_POINT ( 'NONE',  ( -2.100000000000001865, 0.6664761515876249653, 0.8699999999999996625 ) ) ;
#8253 = DIRECTION ( 'NONE',  ( 1.000000000000000000, -0.000000000000000000, 0.000000000000000000 ) ) ;
#8254 = LINE ( 'NONE', #3959, #2861 ) ;
#8255 = ORIENTED_EDGE ( 'NONE', *, *, #4829, .F. ) ;
#8256 = PLANE ( 'NONE',  #8363 ) ;
#8257 = ORIENTED_EDGE ( 'NONE', *, *, #2783, .T. ) ;
#8258 = EDGE_CURVE ( 'NONE', #6656, #4675, #7634, .T. ) ;
#8259 = VECTOR ( 'NONE', #3572, 1000.000000000000000 ) ;
#8260 = VERTEX_POINT ( 'NONE', #6232 ) ;
#8261 = ORIENTED_EDGE ( 'NONE', *, *, #7840, .T. ) ;
#8262 = DIRECTION ( 'NONE',  ( 0.000000000000000000, -1.000000000000000000, 0.000000000000000000 ) ) ;
#8263 = LINE ( 'NONE', #8547, #6233 ) ;
#8264 = PRESENTATION_STYLE_ASSIGNMENT (( #2774 ) ) ;
#8265 = PLANE ( 'NONE',  #461 ) ;
#8266 = ORIENTED_EDGE ( 'NONE', *, *, #6306, .T. ) ;
#8267 = EDGE_CURVE ( 'NONE', #9231, #9469, #9656, .T. ) ;
#8268 = CARTESIAN_POINT ( 'NONE',  ( -2.500000000000000888, 0.2000000000000005107, 1.869999999999999662 ) ) ;
#8269 = ORIENTED_EDGE ( 'NONE', *, *, #3102, .F. ) ;
#8270 = EDGE_CURVE ( 'NONE', #5385, #5390, #5632, .T. ) ;
#8271 = DIRECTION ( 'NONE',  ( 2.710505431213760691E-15, 0.000000000000000000, 1.000000000000000000 ) ) ;
#8272 = VECTOR ( 'NONE', #3652, 1000.000000000000000 ) ;
#8273 = ADVANCED_FACE ( 'NONE', ( #657 ), #8558, .T. ) ;
#8274 = LINE ( 'NONE', #6021, #8739 ) ;
#8275 = ORIENTED_EDGE ( 'NONE', *, *, #4474, .T. ) ;
#8276 = DIRECTION ( 'NONE',  ( -1.000000000000000000, -0.000000000000000000, -0.000000000000000000 ) ) ;
#8277 = ORIENTED_EDGE ( 'NONE', *, *, #3992, .F. ) ;
#8278 = STYLED_ITEM ( 'NONE', ( #7561 ), #3694 ) ;
#8279 = PLANE ( 'NONE',  #2157 ) ;
#8280 = EDGE_CURVE ( 'NONE', #2604, #1526, #6289, .T. ) ;
#8281 = CARTESIAN_POINT ( 'NONE',  ( -2.500000000000002220, 0.6664761515876249653, 0.8699999999999996625 ) ) ;
#8282 = CARTESIAN_POINT ( 'NONE',  ( -2.100000000000001865, 0.000000000000000000, 0.3699999999999996625 ) ) ;
#8283 = DIRECTION ( 'NONE',  ( 0.000000000000000000, -1.000000000000000000, 0.000000000000000000 ) ) ;
#8284 =( GEOMETRIC_REPRESENTATION_CONTEXT ( 3 ) GLOBAL_UNCERTAINTY_ASSIGNED_CONTEXT ( ( #3981 ) ) GLOBAL_UNIT_ASSIGNED_CONTEXT ( ( #6440, #1923, #9555 ) ) REPRESENTATION_CONTEXT ( 'NONE', 'WORKASPACE' ) );
#8285 = ORIENTED_EDGE ( 'NONE', *, *, #7580, .T. ) ;
#8286 = VECTOR ( 'NONE', #2935, 1000.000000000000000 ) ;
#8287 = ORIENTED_EDGE ( 'NONE', *, *, #6970, .T. ) ;
#8288 = CARTESIAN_POINT ( 'NONE',  ( 0.3700000000000071010, 0.05000000000000000278, -1.002887009549110731E-15 ) ) ;
#8289 = CARTESIAN_POINT ( 'NONE',  ( -2.100000000000001865, 0.6664761515876249653, 0.1299999999999981726 ) ) ;
#8290 = SURFACE_STYLE_FILL_AREA ( #4449 ) ;
#8291 = ORIENTED_EDGE ( 'NONE', *, *, #1930, .F. ) ;
#8292 = LINE ( 'NONE', #7711, #9975 ) ;
#8293 = ORIENTED_EDGE ( 'NONE', *, *, #4515, .T. ) ;
#8294 = AXIS2_PLACEMENT_3D ( 'NONE', #5391, #5, #9276 ) ;
#8295 = CARTESIAN_POINT ( 'NONE',  ( 2.100000000000001865, 0.6664761515876249653, -1.870000000000001883 ) ) ;
#8296 = ORIENTED_EDGE ( 'NONE', *, *, #9680, .T. ) ;
#8297 = CARTESIAN_POINT ( 'NONE',  ( 0.3700000000000003286, 0.1999999999999999833, -2.500000000000000444 ) ) ;
#8298 = EDGE_CURVE ( 'NONE', #8916, #7678, #8110, .T. ) ;
#8299 = LINE ( 'NONE', #2415, #3969 ) ;
#8300 = DIRECTION ( 'NONE',  ( 0.000000000000000000, 0.000000000000000000, 1.000000000000000000 ) ) ;
#8301 = CARTESIAN_POINT ( 'NONE',  ( 1.870000000000001883, 0.2000000000000000111, 2.100000000000000089 ) ) ;
#8302 = ORIENTED_EDGE ( 'NONE', *, *, #3023, .T. ) ;
#8303 = LINE ( 'NONE', #7781, #944 ) ;
#8304 = ORIENTED_EDGE ( 'NONE', *, *, #7176, .T. ) ;
#8305 = ORIENTED_EDGE ( 'NONE', *, *, #8379, .F. ) ;
#8306 = DIRECTION ( 'NONE',  ( -0.000000000000000000, -0.000000000000000000, 1.000000000000000000 ) ) ;
#8307 = EDGE_CURVE ( 'NONE', #5933, #1201, #3299, .T. ) ;
#8308 = LINE ( 'NONE', #5944, #2186 ) ;
#8309 = VERTEX_POINT ( 'NONE', #168 ) ;
#8310 = CARTESIAN_POINT ( 'NONE',  ( -2.500000000000002220, 0.6664761515876249653, -1.130000000000000338 ) ) ;
#8311 = SURFACE_STYLE_USAGE ( .BOTH. , #1355 ) ;
#8312 = VECTOR ( 'NONE', #2306, 1000.000000000000000 ) ;
#8313 = ORIENTED_EDGE ( 'NONE', *, *, #8624, .T. ) ;
#8314 = LINE ( 'NONE', #6898, #1929 ) ;
#8315 = EDGE_CURVE ( 'NONE', #9918, #9809, #9511, .T. ) ;
#8316 = DIRECTION ( 'NONE',  ( 2.710505431213760691E-15, 0.000000000000000000, 1.000000000000000000 ) ) ;
#8317 = DIRECTION ( 'NONE',  ( 0.000000000000000000, -0.000000000000000000, 1.000000000000000000 ) ) ;
#8318 = ORIENTED_EDGE ( 'NONE', *, *, #85, .T. ) ;
#8319 = FILL_AREA_STYLE ('',( #669 ) ) ;
#8320 = CARTESIAN_POINT ( 'NONE',  ( -2.100000000000001865, 0.6664761515876249653, -1.630000000000000338 ) ) ;
#8321 = LINE ( 'NONE', #390, #7606 ) ;
#8322 = ORIENTED_EDGE ( 'NONE', *, *, #9572, .F. ) ;
#8323 = ADVANCED_FACE ( 'NONE', ( #8546 ), #300, .T. ) ;
#8324 = AXIS2_PLACEMENT_3D ( 'NONE', #2171, #2955, #8317 ) ;
#8325 = LINE ( 'NONE', #6708, #5089 ) ;
#8326 = ORIENTED_EDGE ( 'NONE', *, *, #5328, .F. ) ;
#8327 = DIRECTION ( 'NONE',  ( -1.000000000000000000, 0.000000000000000000, 0.000000000000000000 ) ) ;
#8328 = ORIENTED_EDGE ( 'NONE', *, *, #1478, .F. ) ;
#8329 = DIRECTION ( 'NONE',  ( 0.000000000000000000, -0.000000000000000000, 1.000000000000000000 ) ) ;
#8330 = EDGE_CURVE ( 'NONE', #3628, #7408, #2811, .T. ) ;
#8331 = VECTOR ( 'NONE', #9253, 1000.000000000000000 ) ;
#8332 = ORIENTED_EDGE ( 'NONE', *, *, #7095, .F. ) ;
#8333 = DIRECTION ( 'NONE',  ( -0.000000000000000000, -0.000000000000000000, 1.000000000000000000 ) ) ;
#8334 = VECTOR ( 'NONE', #4420, 1000.000000000000000 ) ;
#8335 = VERTEX_POINT ( 'NONE', #8757 ) ;
#8336 = ADVANCED_FACE ( 'NONE', ( #6526 ), #7887, .F. ) ;
#8337 = CARTESIAN_POINT ( 'NONE',  ( -2.500000000000002220, 0.6664761515876249653, 1.629999999999998117 ) ) ;
#8338 = CARTESIAN_POINT ( 'NONE',  ( 0.8700000000000003286, 0.04999999999999969746, -2.500000000000000444 ) ) ;
#8339 = LINE ( 'NONE', #8810, #6301 ) ;
#8340 = PRESENTATION_LAYER_ASSIGNMENT (  '', '', ( #8652 ) ) ;
#8341 = ORIENTED_EDGE ( 'NONE', *, *, #7344, .T. ) ;
#8342 = EDGE_CURVE ( 'NONE', #3424, #2177, #4113, .T. ) ;
#8343 = ORIENTED_EDGE ( 'NONE', *, *, #3161, .F. ) ;
#8344 = AXIS2_PLACEMENT_3D ( 'NONE', #8235, #4347, #8104 ) ;
#8345 = LINE ( 'NONE', #7581, #9410 ) ;
#8346 = ORIENTED_EDGE ( 'NONE', *, *, #1131, .F. ) ;
#8347 = PLANE ( 'NONE',  #6511 ) ;
#8348 = ORIENTED_EDGE ( 'NONE', *, *, #7971, .F. ) ;
#8349 = DIRECTION ( 'NONE',  ( 0.000000000000000000, -1.000000000000000000, 0.000000000000000000 ) ) ;
#8350 = ORIENTED_EDGE ( 'NONE', *, *, #7404, .F. ) ;
#8351 = LINE ( 'NONE', #4822, #3179 ) ;
#8352 = CARTESIAN_POINT ( 'NONE',  ( -1.129999999999999005, 0.1999999999999999833, 2.500000000000000444 ) ) ;
#8353 = VERTEX_POINT ( 'NONE', #1693 ) ;
#8354 = PLANE ( 'NONE',  #8586 ) ;
#8355 = EDGE_CURVE ( 'NONE', #8021, #4050, #1572, .T. ) ;
#8356 = CARTESIAN_POINT ( 'NONE',  ( 2.100000000000001865, 0.6664761515876249653, -0.6300000000000003375 ) ) ;
#8357 = CARTESIAN_POINT ( 'NONE',  ( 0.8700000000000014388, 0.2000000000000000111, -2.100000000000000089 ) ) ;
#8358 = FACE_OUTER_BOUND ( 'NONE', #111, .T. ) ;
#8359 = ORIENTED_EDGE ( 'NONE', *, *, #7614, .F. ) ;
#8360 = LINE ( 'NONE', #5318, #7168 ) ;
#8361 = MANIFOLD_SOLID_BREP ( 'LPattern3[3]', #186 ) ;
#8362 = ORIENTED_EDGE ( 'NONE', *, *, #1653, .T. ) ;
#8363 = AXIS2_PLACEMENT_3D ( 'NONE', #2139, #2987, #46 ) ;
#8364 = ADVANCED_FACE ( 'NONE', ( #5090 ), #198, .T. ) ;
#8365 = LINE ( 'NONE', #2064, #6107 ) ;
#8366 = ORIENTED_EDGE ( 'NONE', *, *, #4833, .T. ) ;
#8367 = EDGE_CURVE ( 'NONE', #257, #4790, #4952, .T. ) ;
#8368 = EDGE_LOOP ( 'NONE', ( #6777, #4574, #2501, #8134 ) ) ;
#8369 = DIRECTION ( 'NONE',  ( -2.168404344971008079E-15, 0.000000000000000000, 1.000000000000000000 ) ) ;
#8370 = CARTESIAN_POINT ( 'NONE',  ( 1.370000000000001439, 0.2000000000000000111, -2.100000000000000089 ) ) ;
#8371 = ORIENTED_EDGE ( 'NONE', *, *, #3880, .T. ) ;
#8372 = FACE_OUTER_BOUND ( 'NONE', #7568, .T. ) ;
#8373 = VECTOR ( 'NONE', #9297, 1000.000000000000000 ) ;
#8374 = DIRECTION ( 'NONE',  ( -1.000000000000000000, 0.000000000000000000, 0.000000000000000000 ) ) ;
#8375 = ORIENTED_EDGE ( 'NONE', *, *, #5804, .T. ) ;
#8376 = DIRECTION ( 'NONE',  ( -0.000000000000000000, -1.000000000000000000, -0.000000000000000000 ) ) ;
#8377 = ADVANCED_FACE ( 'NONE', ( #8936 ), #4133, .F. ) ;
#8378 = VERTEX_POINT ( 'NONE', #5607 ) ;
#8379 = EDGE_CURVE ( 'NONE', #5335, #2206, #4370, .T. ) ;
#8380 = LINE ( 'NONE', #832, #2008 ) ;
#8381 = DIRECTION ( 'NONE',  ( -1.000000000000000000, 0.000000000000000000, 0.000000000000000000 ) ) ;
#8382 = DIRECTION ( 'NONE',  ( 0.000000000000000000, -1.000000000000000000, 0.000000000000000000 ) ) ;
#8383 = CARTESIAN_POINT ( 'NONE',  ( -1.629999999999998117, 0.04999999999999999584, 2.100000000000000089 ) ) ;
#8384 = DIRECTION ( 'NONE',  ( -2.168404344971008079E-15, 0.000000000000000000, 1.000000000000000000 ) ) ;
#8385 = PRESENTATION_STYLE_ASSIGNMENT (( #6762 ) ) ;
#8386 = EDGE_LOOP ( 'NONE', ( #6357, #8679, #4215, #2732 ) ) ;
#8387 = DIRECTION ( 'NONE',  ( 0.000000000000000000, 0.000000000000000000, -1.000000000000000000 ) ) ;
#8388 = EDGE_LOOP ( 'NONE', ( #104, #8371, #6525, #6709 ) ) ;
#8389 = DIRECTION ( 'NONE',  ( 0.000000000000000000, -0.000000000000000000, 1.000000000000000000 ) ) ;
#8390 = AXIS2_PLACEMENT_3D ( 'NONE', #4894, #4830, #235 ) ;
#8391 = FACE_OUTER_BOUND ( 'NONE', #4928, .T. ) ;
#8392 = DIRECTION ( 'NONE',  ( -0.000000000000000000, -1.000000000000000000, -0.000000000000000000 ) ) ;
#8393 = DIRECTION ( 'NONE',  ( 0.000000000000000000, 0.000000000000000000, 1.000000000000000000 ) ) ;
#8394 = EDGE_CURVE ( 'NONE', #1911, #7900, #1087, .T. ) ;
#8395 = LINE ( 'NONE', #8093, #6481 ) ;
#8396 = ORIENTED_EDGE ( 'NONE', *, *, #3116, .F. ) ;
#8397 = VECTOR ( 'NONE', #287, 1000.000000000000000 ) ;
#8398 = CARTESIAN_POINT ( 'NONE',  ( -1.869999999999999440, 0.000000000000000000, 2.500000000000001332 ) ) ;
#8399 = ORIENTED_EDGE ( 'NONE', *, *, #5207, .T. ) ;
#8400 = VECTOR ( 'NONE', #4854, 1000.000000000000000 ) ;
#8401 = DIRECTION ( 'NONE',  ( 0.000000000000000000, 0.000000000000000000, -1.000000000000000000 ) ) ;
#8402 = LINE ( 'NONE', #5756, #6746 ) ;
#8403 = EDGE_LOOP ( 'NONE', ( #4842, #281, #8480, #8050 ) ) ;
#8404 = VECTOR ( 'NONE', #9051, 1000.000000000000000 ) ;
#8405 = VERTEX_POINT ( 'NONE', #4164 ) ;
#8406 = PLANE ( 'NONE',  #5758 ) ;
#8407 = EDGE_LOOP ( 'NONE', ( #835, #9824, #8643, #4893 ) ) ;
#8408 = AXIS2_PLACEMENT_3D ( 'NONE', #9076, #4467, #528 ) ;
#8409 = FACE_OUTER_BOUND ( 'NONE', #3182, .T. ) ;
#8410 = CARTESIAN_POINT ( 'NONE',  ( 0.3700000000000013833, 0.6664761515876257425, -2.100000000000000089 ) ) ;
#8411 = EDGE_CURVE ( 'NONE', #483, #1270, #6896, .T. ) ;
#8412 = FACE_OUTER_BOUND ( 'NONE', #10009, .T. ) ;
#8413 = ORIENTED_EDGE ( 'NONE', *, *, #503, .T. ) ;
#8414 = ADVANCED_FACE ( 'NONE', ( #6662 ), #1754, .F. ) ;
#8415 = ORIENTED_EDGE ( 'NONE', *, *, #8258, .F. ) ;
#8416 = DIRECTION ( 'NONE',  ( 0.000000000000000000, -1.000000000000000000, 0.000000000000000000 ) ) ;
#8417 = CARTESIAN_POINT ( 'NONE',  ( 0.000000000000000000, 0.2000000000000000111, 0.000000000000000000 ) ) ;
#8418 = DIRECTION ( 'NONE',  ( -1.000000000000000000, 0.000000000000000000, -0.000000000000000000 ) ) ;
#8419 = LINE ( 'NONE', #6537, #8055 ) ;
#8420 = ORIENTED_EDGE ( 'NONE', *, *, #8213, .F. ) ;
#8421 = CLOSED_SHELL ( 'NONE', ( #8678, #7430, #9237, #2639, #5164, #5994 ) ) ;
#8422 = FACE_OUTER_BOUND ( 'NONE', #3008, .T. ) ;
#8423 = ORIENTED_EDGE ( 'NONE', *, *, #1858, .T. ) ;
#8424 = FACE_OUTER_BOUND ( 'NONE', #5161, .T. ) ;
#8425 = AXIS2_PLACEMENT_3D ( 'NONE', #5122, #3539, #8105 ) ;
#8426 = VERTEX_POINT ( 'NONE', #917 ) ;
#8427 = EDGE_CURVE ( 'NONE', #3049, #3114, #3392, .T. ) ;
#8428 = ADVANCED_FACE ( 'NONE', ( #2067 ), #2803, .T. ) ;
#8429 = ORIENTED_EDGE ( 'NONE', *, *, #4037, .T. ) ;
#8430 = DIRECTION ( 'NONE',  ( -0.000000000000000000, -1.000000000000000000, -0.000000000000000000 ) ) ;
#8431 = LINE ( 'NONE', #1252, #6396 ) ;
#8432 = ORIENTED_EDGE ( 'NONE', *, *, #8704, .T. ) ;
#8433 = EDGE_LOOP ( 'NONE', ( #1191, #3451, #4518, #3927 ) ) ;
#8434 = VECTOR ( 'NONE', #373, 1000.000000000000000 ) ;
#8435 = ORIENTED_EDGE ( 'NONE', *, *, #1991, .F. ) ;
#8436 = CARTESIAN_POINT ( 'NONE',  ( 2.100000000000001865, 0.000000000000000000, 1.369999999999999662 ) ) ;
#8437 = DIRECTION ( 'NONE',  ( -0.000000000000000000, 0.000000000000000000, 1.000000000000000000 ) ) ;
#8438 = EDGE_CURVE ( 'NONE', #6899, #9213, #726, .T. ) ;
#8439 = CARTESIAN_POINT ( 'NONE',  ( 2.100000000000001865, 0.6664761515876249653, 1.869999999999999662 ) ) ;
#8440 = VECTOR ( 'NONE', #4680, 1000.000000000000000 ) ;
#8441 = ORIENTED_EDGE ( 'NONE', *, *, #4055, .T. ) ;
#8442 = EDGE_CURVE ( 'NONE', #2242, #4751, #7253, .T. ) ;
#8443 = LINE ( 'NONE', #1281, #6185 ) ;
#8444 = ORIENTED_EDGE ( 'NONE', *, *, #6432, .F. ) ;
#8445 = PLANE ( 'NONE',  #8165 ) ;
#8446 = LINE ( 'NONE', #3606, #4712 ) ;
#8447 = DIRECTION ( 'NONE',  ( -0.000000000000000000, -1.000000000000000000, -0.000000000000000000 ) ) ;
#8448 = PRESENTATION_LAYER_ASSIGNMENT (  '', '', ( #2672 ) ) ;
#8449 = ORIENTED_EDGE ( 'NONE', *, *, #7445, .T. ) ;
#8450 = CARTESIAN_POINT ( 'NONE',  ( 7.589415207398508950E-15, 0.05000000000000000278, 2.100000000000007194 ) ) ;
#8451 = DIRECTION ( 'NONE',  ( 0.000000000000000000, 0.000000000000000000, -1.000000000000000000 ) ) ;
#8452 = CARTESIAN_POINT ( 'NONE',  ( 0.000000000000000000, 0.2000000000000000111, 0.000000000000000000 ) ) ;
#8453 = EDGE_CURVE ( 'NONE', #1722, #1826, #5334, .T. ) ;
#8454 = CARTESIAN_POINT ( 'NONE',  ( -1.370000000000000107, 0.05000000000000000278, 0.000000000000000000 ) ) ;
#8455 = DIRECTION ( 'NONE',  ( 1.000000000000000000, 0.000000000000000000, -5.421010862427520198E-16 ) ) ;
#8456 = VECTOR ( 'NONE', #4525, 1000.000000000000000 ) ;
#8457 = ORIENTED_EDGE ( 'NONE', *, *, #1065, .T. ) ;
#8458 = ORIENTED_EDGE ( 'NONE', *, *, #3519, .T. ) ;
#8459 = CARTESIAN_POINT ( 'NONE',  ( -2.500000000000002220, 0.04999999999999969746, -0.1300000000000003375 ) ) ;
#8460 = MECHANICAL_DESIGN_GEOMETRIC_PRESENTATION_REPRESENTATION (  '', ( #8278 ), #7951 ) ;
#8461 = LINE ( 'NONE', #1959, #6429 ) ;
#8462 = ADVANCED_FACE ( 'NONE', ( #1223 ), #2700, .T. ) ;
#8463 = EDGE_CURVE ( 'NONE', #1578, #1746, #4597, .T. ) ;
#8464 = ORIENTED_EDGE ( 'NONE', *, *, #6142, .T. ) ;
#8465 = CARTESIAN_POINT ( 'NONE',  ( -2.100000000000001865, 0.6664761515876249653, 1.869999999999999662 ) ) ;
#8466 = CARTESIAN_POINT ( 'NONE',  ( 2.100000000000001865, 0.05000000000000002359, -1.630000000000000338 ) ) ;
#8467 = PLANE ( 'NONE',  #489 ) ;
#8468 = VECTOR ( 'NONE', #9325, 1000.000000000000000 ) ;
#8469 = VERTEX_POINT ( 'NONE', #3565 ) ;
#8470 = CARTESIAN_POINT ( 'NONE',  ( -0.1299999999999986167, 0.6664761515876257425, -2.100000000000000089 ) ) ;
#8472 = ADVANCED_FACE ( 'NONE', ( #8205 ), #2664, .F. ) ;
#8471 = ORIENTED_EDGE ( 'NONE', *, *, #5512, .F. ) ;
#8473 = CARTESIAN_POINT ( 'NONE',  ( 1.370000000000000995, 0.6664761515876257425, 2.500000000000000444 ) ) ;
#8474 = VECTOR ( 'NONE', #1880, 1000.000000000000000 ) ;
#8475 = ORIENTED_EDGE ( 'NONE', *, *, #5999, .F. ) ;
#8476 = DIRECTION ( 'NONE',  ( 0.000000000000000000, 0.000000000000000000, -1.000000000000000000 ) ) ;
#8477 = AXIS2_PLACEMENT_3D ( 'NONE', #1506, #6237, #8369 ) ;
#8478 = CARTESIAN_POINT ( 'NONE',  ( -0.8699999999999994404, 0.04999999999999969746, 2.500000000000001332 ) ) ;
#8479 = CARTESIAN_POINT ( 'NONE',  ( -2.100000000000001865, 0.6664761515876249653, 0.3699999999999996625 ) ) ;
#8480 = ORIENTED_EDGE ( 'NONE', *, *, #5593, .T. ) ;
#8481 = CARTESIAN_POINT ( 'NONE',  ( 2.500000000000002220, 0.000000000000000000, -0.8700000000000018829 ) ) ;
#8482 = EDGE_CURVE ( 'NONE', #8804, #4520, #2311, .T. ) ;
#8483 = DIRECTION ( 'NONE',  ( 0.000000000000000000, 0.000000000000000000, 1.000000000000000000 ) ) ;
#8484 = EDGE_LOOP ( 'NONE', ( #869, #8350, #521, #8681 ) ) ;
#8485 = DIRECTION ( 'NONE',  ( 2.168404344971008079E-15, -0.000000000000000000, -1.000000000000000000 ) ) ;
#8486 = CARTESIAN_POINT ( 'NONE',  ( 2.500000000000002220, 0.1999999999999999833, 0.8699999999999996625 ) ) ;
#8487 = FACE_OUTER_BOUND ( 'NONE', #9300, .T. ) ;
#8488 = ORIENTED_EDGE ( 'NONE', *, *, #6516, .T. ) ;
#8489 = ORIENTED_EDGE ( 'NONE', *, *, #245, .F. ) ;
#8490 = DIRECTION ( 'NONE',  ( 1.000000000000000000, 0.000000000000000000, 0.000000000000000000 ) ) ;
#8491 = PRESENTATION_LAYER_ASSIGNMENT (  '', '', ( #1652 ) ) ;
#8492 = DIRECTION ( 'NONE',  ( 1.000000000000000000, 0.000000000000000000, 0.000000000000000000 ) ) ;
#8493 = VECTOR ( 'NONE', #91, 1000.000000000000000 ) ;
#8494 = VECTOR ( 'NONE', #2284, 1000.000000000000000 ) ;
#8495 = EDGE_CURVE ( 'NONE', #5453, #1722, #7956, .T. ) ;
#8496 = LINE ( 'NONE', #4185, #6845 ) ;
#8497 = VERTEX_POINT ( 'NONE', #1966 ) ;
#8498 = DIRECTION ( 'NONE',  ( 0.000000000000000000, -1.000000000000000000, 0.000000000000000000 ) ) ;
#8499 = CARTESIAN_POINT ( 'NONE',  ( -2.100000000000001865, 0.1999999999999999833, -1.630000000000000338 ) ) ;
#8500 = ORIENTED_EDGE ( 'NONE', *, *, #3568, .T. ) ;
#8501 = CARTESIAN_POINT ( 'NONE',  ( 2.500000000000002220, 0.000000000000000000, 1.369999999999999662 ) ) ;
#8502 = DIRECTION ( 'NONE',  ( 0.000000000000000000, 1.000000000000000000, 0.000000000000000000 ) ) ;
#8503 = VECTOR ( 'NONE', #6061, 1000.000000000000000 ) ;
#8504 = AXIS2_PLACEMENT_3D ( 'NONE', #1237, #4973, #5086 ) ;
#8505 = CARTESIAN_POINT ( 'NONE',  ( -2.100000000000001865, 0.1999999999999999833, 1.869999999999999662 ) ) ;
#8506 = FACE_OUTER_BOUND ( 'NONE', #2120, .T. ) ;
#8507 = CLOSED_SHELL ( 'NONE', ( #3493, #9577, #2991, #8238, #4095, #2272 ) ) ;
#8508 = ORIENTED_EDGE ( 'NONE', *, *, #9741, .T. ) ;
#8509 = EDGE_CURVE ( 'NONE', #9109, #8144, #9172, .T. ) ;
#8510 = ADVANCED_FACE ( 'NONE', ( #5942 ), #5038, .F. ) ;
#8511 = CARTESIAN_POINT ( 'NONE',  ( -0.1299999999999986167, 0.1999999999999999833, -2.100000000000000089 ) ) ;
#8512 = CARTESIAN_POINT ( 'NONE',  ( -1.369999999999999662, 0.2000000000000000111, 2.100000000000000977 ) ) ;
#8513 = CARTESIAN_POINT ( 'NONE',  ( -1.870000000000000107, 0.6664761515876257425, -2.500000000000000444 ) ) ;
#8514 = DIRECTION ( 'NONE',  ( 1.000000000000000000, -0.000000000000000000, 0.000000000000000000 ) ) ;
#8515 = DIRECTION ( 'NONE',  ( 1.000000000000000000, 0.000000000000000000, 0.000000000000000000 ) ) ;
#8516 = SURFACE_SIDE_STYLE ('',( #5979 ) ) ;
#8517 = VECTOR ( 'NONE', #1357, 1000.000000000000000 ) ;
#8518 = VERTEX_POINT ( 'NONE', #438 ) ;
#8519 = VECTOR ( 'NONE', #4381, 1000.000000000000000 ) ;
#8520 = VERTEX_POINT ( 'NONE', #3421 ) ;
#8521 = AXIS2_PLACEMENT_3D ( 'NONE', #9288, #834, #6250 ) ;
#8522 = DIRECTION ( 'NONE',  ( 0.000000000000000000, -0.000000000000000000, 1.000000000000000000 ) ) ;
#8523 = EDGE_CURVE ( 'NONE', #734, #6491, #4702, .T. ) ;
#8525 = ADVANCED_FACE ( 'NONE', ( #9274 ), #8800, .T. ) ;
#8524 = MECHANICAL_DESIGN_GEOMETRIC_PRESENTATION_REPRESENTATION (  '', ( #7819 ), #1579 ) ;
#8526 =( GEOMETRIC_REPRESENTATION_CONTEXT ( 3 ) GLOBAL_UNCERTAINTY_ASSIGNED_CONTEXT ( ( #643 ) ) GLOBAL_UNIT_ASSIGNED_CONTEXT ( ( #922, #1701, #4836 ) ) REPRESENTATION_CONTEXT ( 'NONE', 'WORKASPACE' ) );
#8527 = DIRECTION ( 'NONE',  ( 1.000000000000000000, 0.000000000000000000, 0.000000000000000000 ) ) ;
#8528 = LINE ( 'NONE', #3388, #9608 ) ;
#8529 = EDGE_LOOP ( 'NONE', ( #4581, #8441, #3617, #4288 ) ) ;
#8530 = LINE ( 'NONE', #2839, #6502 ) ;
#8531 = DIRECTION ( 'NONE',  ( 0.000000000000000000, -1.000000000000000000, 0.000000000000000000 ) ) ;
#8532 = VERTEX_POINT ( 'NONE', #8099 ) ;
#8533 = ORIENTED_EDGE ( 'NONE', *, *, #911, .F. ) ;
#8534 = CARTESIAN_POINT ( 'NONE',  ( -0.8700000000000001066, 0.1999999999999999833, -2.100000000000000089 ) ) ;
#8535 = DIRECTION ( 'NONE',  ( -1.000000000000000000, 0.000000000000000000, 0.000000000000000000 ) ) ;
#8536 = CARTESIAN_POINT ( 'NONE',  ( -1.370000000000000107, 0.6664761515876257425, -2.100000000000000089 ) ) ;
#8537 = ORIENTED_EDGE ( 'NONE', *, *, #9529, .T. ) ;
#8538 = VECTOR ( 'NONE', #3444, 1000.000000000000000 ) ;
#8539 = DIRECTION ( 'NONE',  ( -0.000000000000000000, 0.000000000000000000, 1.000000000000000000 ) ) ;
#8540 = ORIENTED_EDGE ( 'NONE', *, *, #2148, .F. ) ;
#8541 = EDGE_LOOP ( 'NONE', ( #3334, #634, #3108, #8175 ) ) ;
#8542 = EDGE_CURVE ( 'NONE', #4410, #980, #831, .T. ) ;
#8543 = VECTOR ( 'NONE', #5694, 1000.000000000000000 ) ;
#8544 = CLOSED_SHELL ( 'NONE', ( #4793, #7631, #5892, #7182, #9515, #4891, #2585, #4739, #2852, #9411, #3437, #6421, #5314, #1855, #1550, #3749, #1910, #9702, #4248, #9424, #7016, #5001, #1976, #9882, #1737, #216, #654, #2077, #504, #2178, #792, #1964, #4647, #9530, #9939, #1153, #2140, #1708, #9365, #8323, #6043, #2946, #3229, #9222, #2756, #2439, #4545, #8176, #5452, #8462, #4556, #3393, #5824, #3762, #72, #1794, #436, #9323, #5261, #28, #891, #2329, #4778, #1047, #7775, #2817, #8018, #5273, #3666, #265, #7574, #3288, #8996, #4693, #7480, #5505, #3698, #8273, #9186, #1360, #7676, #5227, #845, #6831, #4607, #3805, #7443, #8525, #1424, #3377, #7536, #2484, #9063, #1750, #5932, #6939, #5114, #7717, #3183, #7970, #1460, #8227, #5644, #2627, #4315, #1315, #4470, #3092, #5769, #4145, #3171, #2423, #4844, #6187, #8902, #3036, #8620, #9153, #2385, #533, #2895, #5980, #8377, #8569, #8364, #8128, #6527, #5216, #5177, #6175, #3891, #700, #6634, #8076, #7116, #6263, #5361, #548, #9475 ) ) ;
#8545 = ORIENTED_EDGE ( 'NONE', *, *, #2352, .F. ) ;
#8546 = FACE_OUTER_BOUND ( 'NONE', #3590, .T. ) ;
#8547 = CARTESIAN_POINT ( 'NONE',  ( 2.499999999999998668, 0.05000000000000000278, 2.499999999999999556 ) ) ;
#8548 = DIRECTION ( 'NONE',  ( 0.000000000000000000, -1.000000000000000000, 0.000000000000000000 ) ) ;
#8549 = ORIENTED_EDGE ( 'NONE', *, *, #5999, .T. ) ;
#8550 = CARTESIAN_POINT ( 'NONE',  ( 0.8700000000000018829, 0.04999999999999999584, 2.100000000000000089 ) ) ;
#8551 =( NAMED_UNIT ( * ) PLANE_ANGLE_UNIT ( ) SI_UNIT ( $, .RADIAN. ) );
#8552 = DIRECTION ( 'NONE',  ( -5.421010862427520198E-16, 0.000000000000000000, -1.000000000000000000 ) ) ;
#8553 = VECTOR ( 'NONE', #5881, 1000.000000000000000 ) ;
#8554 = ORIENTED_EDGE ( 'NONE', *, *, #9221, .F. ) ;
#8555 = LINE ( 'NONE', #5689, #1583 ) ;
#8556 = EDGE_CURVE ( 'NONE', #8932, #413, #2682, .T. ) ;
#8557 = ORIENTED_EDGE ( 'NONE', *, *, #8185, .T. ) ;
#8558 = PLANE ( 'NONE',  #6215 ) ;
#8559 = VECTOR ( 'NONE', #3432, 1000.000000000000000 ) ;
#8560 = VERTEX_POINT ( 'NONE', #1299 ) ;
#8561 = VECTOR ( 'NONE', #3839, 1000.000000000000000 ) ;
#8562 = DIRECTION ( 'NONE',  ( -0.000000000000000000, 0.000000000000000000, 1.000000000000000000 ) ) ;
#8563 = CARTESIAN_POINT ( 'NONE',  ( 1.870000000000000329, 0.6664761515876257425, -2.500000000000000444 ) ) ;
#8564 = FACE_OUTER_BOUND ( 'NONE', #7977, .T. ) ;
#8565 = EDGE_CURVE ( 'NONE', #1177, #1691, #7827, .T. ) ;
#8566 = DIRECTION ( 'NONE',  ( -8.673617379884034239E-17, 0.000000000000000000, -1.000000000000000000 ) ) ;
#8567 = ORIENTED_EDGE ( 'NONE', *, *, #275, .F. ) ;
#8568 = ORIENTED_EDGE ( 'NONE', *, *, #3, .T. ) ;
#8569 = ADVANCED_FACE ( 'NONE', ( #7601 ), #7525, .T. ) ;
#8570 = VECTOR ( 'NONE', #9361, 1000.000000000000000 ) ;
#8571 = DIRECTION ( 'NONE',  ( -1.000000000000000000, 0.000000000000000000, 0.000000000000000000 ) ) ;
#8572 = CARTESIAN_POINT ( 'NONE',  ( -1.629999999999998561, 0.1999999999999999833, -2.100000000000000089 ) ) ;
#8573 = DIRECTION ( 'NONE',  ( 0.000000000000000000, 0.000000000000000000, 1.000000000000000000 ) ) ;
#8574 = DIRECTION ( 'NONE',  ( 0.000000000000000000, 0.000000000000000000, -1.000000000000000000 ) ) ;
#8575 = ORIENTED_EDGE ( 'NONE', *, *, #2331, .T. ) ;
#8576 = DIRECTION ( 'NONE',  ( -1.000000000000000000, 0.000000000000000000, 0.000000000000000000 ) ) ;
#8577 = EDGE_CURVE ( 'NONE', #3130, #6509, #3258, .T. ) ;
#8578 = ORIENTED_EDGE ( 'NONE', *, *, #112, .F. ) ;
#8579 = CARTESIAN_POINT ( 'NONE',  ( -2.100000000000001865, 0.6664761515876249653, -1.870000000000001883 ) ) ;
#8580 = CARTESIAN_POINT ( 'NONE',  ( 0.000000000000000000, 0.05000000000000000278, -0.1300000000000003375 ) ) ;
#8581 = VERTEX_POINT ( 'NONE', #6030 ) ;
#8582 = FACE_OUTER_BOUND ( 'NONE', #5579, .T. ) ;
#8583 = ORIENTED_EDGE ( 'NONE', *, *, #8577, .F. ) ;
#8584 = PLANE ( 'NONE',  #7992 ) ;
#8585 = DIRECTION ( 'NONE',  ( -0.000000000000000000, 0.000000000000000000, -1.000000000000000000 ) ) ;
#8586 = AXIS2_PLACEMENT_3D ( 'NONE', #8417, #9962, #3865 ) ;
#8587 = LINE ( 'NONE', #5500, #1495 ) ;
#8588 = ORIENTED_EDGE ( 'NONE', *, *, #9056, .T. ) ;
#8589 = EDGE_CURVE ( 'NONE', #9351, #7040, #4232, .T. ) ;
#8590 = DIRECTION ( 'NONE',  ( -1.000000000000000000, 0.000000000000000000, -2.168404344971008079E-15 ) ) ;
#8591 = UNCERTAINTY_MEASURE_WITH_UNIT (LENGTH_MEASURE( 1.000000000000000082E-05 ), #1955, 'distance_accuracy_value', 'NONE');
#8592 = FACE_OUTER_BOUND ( 'NONE', #4057, .T. ) ;
#8593 = CARTESIAN_POINT ( 'NONE',  ( 0.1299999999999998934, 0.2000000000000000111, -2.100000000000000089 ) ) ;
#8594 = CARTESIAN_POINT ( 'NONE',  ( -2.100000000000001865, 0.6664761515876249653, -1.630000000000000338 ) ) ;
#8595 = VERTEX_POINT ( 'NONE', #3703 ) ;
#8596 = PLANE ( 'NONE',  #8801 ) ;
#8597 = CARTESIAN_POINT ( 'NONE',  ( 2.100000000000001865, 0.05000000000000002359, -0.6300000000000003375 ) ) ;
#8598 = AXIS2_PLACEMENT_3D ( 'NONE', #2650, #8787, #5071 ) ;
#8599 = CARTESIAN_POINT ( 'NONE',  ( -0.1299999999999996991, 0.2000000000000000111, -2.500000000000000444 ) ) ;
#8600 = DIRECTION ( 'NONE',  ( -1.000000000000000000, 0.000000000000000000, 0.000000000000000000 ) ) ;
#8601 = ORIENTED_EDGE ( 'NONE', *, *, #1159, .T. ) ;
#8602 = VERTEX_POINT ( 'NONE', #5150 ) ;
#8603 = VERTEX_POINT ( 'NONE', #5247 ) ;
#8604 = VECTOR ( 'NONE', #3945, 1000.000000000000000 ) ;
#8605 = ADVANCED_FACE ( 'NONE', ( #5931 ), #7498, .F. ) ;
#8606 = CARTESIAN_POINT ( 'NONE',  ( 2.000000000000000000, 0.2000000000000000111, 0.000000000000000000 ) ) ;
#8607 = DIRECTION ( 'NONE',  ( 0.000000000000000000, 0.000000000000000000, 1.000000000000000000 ) ) ;
#8608 = CARTESIAN_POINT ( 'NONE',  ( 0.1300000000000005596, 0.000000000000000000, 2.500000000000001332 ) ) ;
#8609 = CARTESIAN_POINT ( 'NONE',  ( -0.1299999999999986167, 0.2000000000000000111, -2.100000000000000089 ) ) ;
#8610 = DIRECTION ( 'NONE',  ( -1.000000000000000000, 0.000000000000000000, 0.000000000000000000 ) ) ;
#8611 = LINE ( 'NONE', #6206, #6338 ) ;
#8612 = CARTESIAN_POINT ( 'NONE',  ( 2.499999999999998668, 0.2000000000000005107, -0.8700000000000018829 ) ) ;
#8613 = ORIENTED_EDGE ( 'NONE', *, *, #9972, .F. ) ;
#8614 = EDGE_CURVE ( 'NONE', #4648, #5304, #3513, .T. ) ;
#8615 = FILL_AREA_STYLE_COLOUR ( '', #269 ) ;
#8616 = EDGE_LOOP ( 'NONE', ( #9804, #9099, #2519, #5853 ) ) ;
#8617 = DIRECTION ( 'NONE',  ( 5.421010862427520198E-16, 0.000000000000000000, 1.000000000000000000 ) ) ;
#8618 = LINE ( 'NONE', #6095, #4889 ) ;
#8619 = LINE ( 'NONE', #2188, #7897 ) ;
#8620 = ADVANCED_FACE ( 'NONE', ( #6654 ), #2080, .T. ) ;
#8621 = CARTESIAN_POINT ( 'NONE',  ( 0.1300000000000003375, 0.2000000000000000111, 2.100000000000000977 ) ) ;
#8622 = LINE ( 'NONE', #8281, #1165 ) ;
#8623 = VERTEX_POINT ( 'NONE', #6807 ) ;
#8624 = EDGE_CURVE ( 'NONE', #8740, #2108, #954, .T. ) ;
#8625 = CARTESIAN_POINT ( 'NONE',  ( 2.499999999999998668, 0.8999999999999998002, 2.499999999999999556 ) ) ;
#8626 = ORIENTED_EDGE ( 'NONE', *, *, #5688, .T. ) ;
#8627 = EDGE_CURVE ( 'NONE', #7145, #644, #1452, .T. ) ;
#8628 = VECTOR ( 'NONE', #4187, 1000.000000000000000 ) ;
#8629 = CARTESIAN_POINT ( 'NONE',  ( 2.500000000000002220, 0.1999999999999999833, -1.630000000000000338 ) ) ;
#8630 = FILL_AREA_STYLE ('',( #4030 ) ) ;
#8631 = LINE ( 'NONE', #8015, #2632 ) ;
#8632 = ORIENTED_EDGE ( 'NONE', *, *, #7755, .T. ) ;
#8633 = VECTOR ( 'NONE', #1713, 1000.000000000000000 ) ;
#8634 = ORIENTED_EDGE ( 'NONE', *, *, #4445, .F. ) ;
#8635 = CARTESIAN_POINT ( 'NONE',  ( -2.500000000000002220, 0.000000000000000000, 0.3699999999999996625 ) ) ;
#8636 = PLANE ( 'NONE',  #2598 ) ;
#8637 = AXIS2_PLACEMENT_3D ( 'NONE', #1114, #6517, #7982 ) ;
#8638 = LINE ( 'NONE', #4126, #6360 ) ;
#8639 = EDGE_CURVE ( 'NONE', #5997, #7543, #3633, .T. ) ;
#8640 = ORIENTED_EDGE ( 'NONE', *, *, #7242, .T. ) ;
#8641 = FACE_OUTER_BOUND ( 'NONE', #9127, .T. ) ;
#8642 = EDGE_CURVE ( 'NONE', #4447, #3436, #9164, .T. ) ;
#8643 = ORIENTED_EDGE ( 'NONE', *, *, #1912, .F. ) ;
#8644 = PLANE ( 'NONE',  #3595 ) ;
#8645 = PLANE ( 'NONE',  #4089 ) ;
#8646 = DIRECTION ( 'NONE',  ( 0.000000000000000000, -0.000000000000000000, 1.000000000000000000 ) ) ;
#8647 = DIRECTION ( 'NONE',  ( 0.000000000000000000, -1.000000000000000000, 0.000000000000000000 ) ) ;
#8648 = VERTEX_POINT ( 'NONE', #5968 ) ;
#8649 = DIRECTION ( 'NONE',  ( -1.000000000000000000, 0.000000000000000000, -0.000000000000000000 ) ) ;
#8650 = VECTOR ( 'NONE', #1137, 1000.000000000000000 ) ;
#8651 = DIRECTION ( 'NONE',  ( -0.000000000000000000, -0.000000000000000000, 1.000000000000000000 ) ) ;
#8652 = STYLED_ITEM ( 'NONE', ( #6756 ), #9404 ) ;
#8653 = LINE ( 'NONE', #6462, #6047 ) ;
#8654 = ORIENTED_EDGE ( 'NONE', *, *, #1131, .T. ) ;
#8655 = CARTESIAN_POINT ( 'NONE',  ( 2.100000000000001865, 0.1999999999999999833, -0.6300000000000003375 ) ) ;
#8656 = VECTOR ( 'NONE', #1643, 1000.000000000000000 ) ;
#8657 = ORIENTED_EDGE ( 'NONE', *, *, #2086, .F. ) ;
#8658 = EDGE_CURVE ( 'NONE', #267, #476, #3872, .T. ) ;
#8659 = DIRECTION ( 'NONE',  ( -0.000000000000000000, -0.000000000000000000, 1.000000000000000000 ) ) ;
#8660 = AXIS2_PLACEMENT_3D ( 'NONE', #8877, #4270, #6037 ) ;
#8661 = VECTOR ( 'NONE', #6569, 1000.000000000000000 ) ;
#8662 = PRODUCT_DEFINITION_SHAPE ( 'NONE', 'NONE',  #7062 ) ;
#8663 = ORIENTED_EDGE ( 'NONE', *, *, #9513, .T. ) ;
#8664 = VERTEX_POINT ( 'NONE', #9050 ) ;
#8665 = LINE ( 'NONE', #8609, #2301 ) ;
#8666 = ORIENTED_EDGE ( 'NONE', *, *, #6874, .T. ) ;
#8667 = CARTESIAN_POINT ( 'NONE',  ( 0.000000000000000000, 0.05000000000000000278, 1.369999999999999662 ) ) ;
#8668 = PLANE ( 'NONE',  #70 ) ;
#8669 = CARTESIAN_POINT ( 'NONE',  ( 2.100000000000001865, 0.1999999999999999833, 1.129999999999998117 ) ) ;
#8670 = ORIENTED_EDGE ( 'NONE', *, *, #9201, .F. ) ;
#8671 = LINE ( 'NONE', #4327, #2549 ) ;
#8672 = CARTESIAN_POINT ( 'NONE',  ( -0.1299999999999986167, 0.2000000000000000111, -2.100000000000000089 ) ) ;
#8673 = ORIENTED_EDGE ( 'NONE', *, *, #7161, .T. ) ;
#8674 = DIRECTION ( 'NONE',  ( 0.000000000000000000, 0.000000000000000000, -1.000000000000000000 ) ) ;
#8675 = VECTOR ( 'NONE', #7645, 1000.000000000000000 ) ;
#8676 = ORIENTED_EDGE ( 'NONE', *, *, #9106, .F. ) ;
#8677 = AXIS2_PLACEMENT_3D ( 'NONE', #3427, #4239, #377 ) ;
#8678 = ADVANCED_FACE ( 'NONE', ( #2190 ), #2037, .T. ) ;
#8679 = ORIENTED_EDGE ( 'NONE', *, *, #820, .F. ) ;
#8680 = EDGE_CURVE ( 'NONE', #9469, #5908, #8926, .T. ) ;
#8681 = ORIENTED_EDGE ( 'NONE', *, *, #2230, .F. ) ;
#8682 = DIRECTION ( 'NONE',  ( 0.000000000000000000, -1.000000000000000000, 0.000000000000000000 ) ) ;
#8683 = CARTESIAN_POINT ( 'NONE',  ( 1.370000000000000995, 0.1999999999999999833, 2.500000000000000444 ) ) ;
#8684 = DIRECTION ( 'NONE',  ( -1.000000000000000000, 0.000000000000000000, 0.000000000000000000 ) ) ;
#8685 = EDGE_LOOP ( 'NONE', ( #1027, #6755, #5144, #9615 ) ) ;
#8686 = CARTESIAN_POINT ( 'NONE',  ( 1.870000000000001439, 0.1999999999999999833, -2.100000000000000089 ) ) ;
#8687 = CARTESIAN_POINT ( 'NONE',  ( 7.589415207398471085E-15, 0.05000000000000000278, 2.099999999999996536 ) ) ;
#8688 = ORIENTED_EDGE ( 'NONE', *, *, #2941, .F. ) ;
#8689 = DIRECTION ( 'NONE',  ( -1.000000000000000000, 0.000000000000000000, 3.614007241618342065E-15 ) ) ;
#8690 = DIRECTION ( 'NONE',  ( 0.000000000000000000, -1.000000000000000000, 0.000000000000000000 ) ) ;
#8691 = AXIS2_PLACEMENT_3D ( 'NONE', #4154, #5709, #4258 ) ;
#8692 = VECTOR ( 'NONE', #8029, 1000.000000000000000 ) ;
#8693 = VERTEX_POINT ( 'NONE', #3864 ) ;
#8694 = EDGE_CURVE ( 'NONE', #6298, #536, #6059, .T. ) ;
#8695 = DIRECTION ( 'NONE',  ( -0.000000000000000000, 0.000000000000000000, -1.000000000000000000 ) ) ;
#8696 = VERTEX_POINT ( 'NONE', #6096 ) ;
#8697 = AXIS2_PLACEMENT_3D ( 'NONE', #8289, #2081, #3706 ) ;
#8698 = CARTESIAN_POINT ( 'NONE',  ( 2.500000000000002220, 0.000000000000000000, 0.3699999999999996625 ) ) ;
#8699 = CARTESIAN_POINT ( 'NONE',  ( -2.100000000000001865, 0.1999999999999999833, 0.3699999999999996625 ) ) ;
#8700 = VERTEX_POINT ( 'NONE', #569 ) ;
#8701 = CARTESIAN_POINT ( 'NONE',  ( 2.499999999999998668, 0.05000000000000000278, 2.499999999999999556 ) ) ;
#8702 = EDGE_CURVE ( 'NONE', #8648, #1134, #4101, .T. ) ;
#8703 = DIRECTION ( 'NONE',  ( 0.000000000000000000, 0.000000000000000000, -1.000000000000000000 ) ) ;
#8704 = EDGE_CURVE ( 'NONE', #3148, #2894, #9635, .T. ) ;
#8705 = VECTOR ( 'NONE', #6477, 1000.000000000000000 ) ;
#8706 = ORIENTED_EDGE ( 'NONE', *, *, #5910, .F. ) ;
#8707 = DIRECTION ( 'NONE',  ( -1.000000000000000000, 0.000000000000000000, -0.000000000000000000 ) ) ;
#8708 = ADVANCED_FACE ( 'NONE', ( #8424 ), #2345, .T. ) ;
#8709 = LINE ( 'NONE', #5448, #3921 ) ;
#8710 = ORIENTED_EDGE ( 'NONE', *, *, #6419, .T. ) ;
#8711 = DIRECTION ( 'NONE',  ( -1.000000000000000000, 0.000000000000000000, -0.000000000000000000 ) ) ;
#8712 = CARTESIAN_POINT ( 'NONE',  ( -0.1299999999999990330, 0.6664761515876257425, 2.500000000000000444 ) ) ;
#8713 = CARTESIAN_POINT ( 'NONE',  ( 2.100000000000001865, 0.1999999999999999833, 0.8699999999999996625 ) ) ;
#8714 = LINE ( 'NONE', #22, #2592 ) ;
#8715 = PLANE ( 'NONE',  #9630 ) ;
#8716 = DIRECTION ( 'NONE',  ( -1.000000000000000000, 0.000000000000000000, 0.000000000000000000 ) ) ;
#8717 = EDGE_CURVE ( 'NONE', #6631, #6786, #6388, .T. ) ;
#8718 = DIRECTION ( 'NONE',  ( -0.000000000000000000, -1.000000000000000000, -0.000000000000000000 ) ) ;
#8719 = DIRECTION ( 'NONE',  ( 1.000000000000000000, 0.000000000000000000, 0.000000000000000000 ) ) ;
#8720 = ORIENTED_EDGE ( 'NONE', *, *, #8680, .T. ) ;
#8721 = AXIS2_PLACEMENT_3D ( 'NONE', #9034, #5919, #8968 ) ;
#8722 = LINE ( 'NONE', #4918, #8985 ) ;
#8723 = EDGE_LOOP ( 'NONE', ( #4479, #4542, #5384, #9262, #3061, #9217, #7093, #5343, #7012, #7824, #9981, #7061, #7167, #3375, #9688, #670, #5755, #2419, #7243, #5424, #741, #668, #532, #7522, #5826, #5430, #8396, #2677, #5120, #2509, #4279, #1050, #120, #9025, #254, #1631 ) ) ;
#8724 = VECTOR ( 'NONE', #4759, 1000.000000000000000 ) ;
#8725 = ADVANCED_FACE ( 'NONE', ( #5325 ), #2276, .F. ) ;
#8726 = ORIENTED_EDGE ( 'NONE', *, *, #2829, .T. ) ;
#8727 = SURFACE_SIDE_STYLE ('',( #6401 ) ) ;
#8728 = ORIENTED_EDGE ( 'NONE', *, *, #8030, .F. ) ;
#8729 = CARTESIAN_POINT ( 'NONE',  ( 0.000000000000000000, 0.2000000000000000111, 0.000000000000000000 ) ) ;
#8730 = VECTOR ( 'NONE', #76, 1000.000000000000000 ) ;
#8731 = ORIENTED_EDGE ( 'NONE', *, *, #8044, .T. ) ;
#8732 = CARTESIAN_POINT ( 'NONE',  ( -2.500000000000002220, 0.1999999999999999833, 0.3699999999999996625 ) ) ;
#8733 = EDGE_LOOP ( 'NONE', ( #2554, #7352, #8753, #943 ) ) ;
#8734 = CARTESIAN_POINT ( 'NONE',  ( 0.000000000000000000, 0.05000000000000000278, 0.8699999999999996625 ) ) ;
#8735 = EDGE_CURVE ( 'NONE', #9163, #3117, #8193, .T. ) ;
#8736 = CARTESIAN_POINT ( 'NONE',  ( 7.589415207398496328E-15, 0.05000000000000000278, 2.100000000000003197 ) ) ;
#8737 = CARTESIAN_POINT ( 'NONE',  ( 2.100000000000001865, 0.000000000000000000, -0.8700000000000018829 ) ) ;
#8738 = VECTOR ( 'NONE', #3021, 1000.000000000000000 ) ;
#8739 = VECTOR ( 'NONE', #2478, 1000.000000000000000 ) ;
#8740 = VERTEX_POINT ( 'NONE', #7593 ) ;
#8741 = EDGE_LOOP ( 'NONE', ( #372, #1428, #6978, #6420 ) ) ;
#8742 = DIRECTION ( 'NONE',  ( 1.000000000000000000, 0.000000000000000000, 0.000000000000000000 ) ) ;
#8743 = DIRECTION ( 'NONE',  ( -2.168404344971008079E-15, 0.000000000000000000, 1.000000000000000000 ) ) ;
#8744 = VECTOR ( 'NONE', #5976, 1000.000000000000000 ) ;
#8745 = CARTESIAN_POINT ( 'NONE',  ( -2.500000000000001332, 0.2000000000000005107, -1.630000000000000338 ) ) ;
#8746 = PLANE ( 'NONE',  #66 ) ;
#8747 = EDGE_CURVE ( 'NONE', #2635, #8906, #5425, .T. ) ;
#8748 = DIRECTION ( 'NONE',  ( 1.000000000000000000, 0.000000000000000000, 0.000000000000000000 ) ) ;
#8749 = CARTESIAN_POINT ( 'NONE',  ( 0.6299999999999998934, 0.1999999999999999833, -2.100000000000000089 ) ) ;
#8750 = SURFACE_STYLE_USAGE ( .BOTH. , #6478 ) ;
#8751 = CARTESIAN_POINT ( 'NONE',  ( -1.629999999999999671, 0.2000000000000000111, -2.500000000000000444 ) ) ;
#8752 = VECTOR ( 'NONE', #9433, 1000.000000000000000 ) ;
#8753 = ORIENTED_EDGE ( 'NONE', *, *, #1875, .F. ) ;
#8754 = CARTESIAN_POINT ( 'NONE',  ( 2.100000000000001865, 0.6664761515876249653, 1.129999999999998117 ) ) ;
#8755 = EDGE_LOOP ( 'NONE', ( #4999, #7097, #2043, #3216 ) ) ;
#8756 = DIRECTION ( 'NONE',  ( 1.000000000000000000, 0.000000000000000000, 0.000000000000000000 ) ) ;
#8757 = CARTESIAN_POINT ( 'NONE',  ( -2.500000000000002220, 0.04999999999999969746, 1.869999999999999662 ) ) ;
#8758 = VECTOR ( 'NONE', #5458, 1000.000000000000000 ) ;
#8759 = ORIENTED_EDGE ( 'NONE', *, *, #5748, .F. ) ;
#8760 = LINE ( 'NONE', #4719, #3838 ) ;
#8761 = ORIENTED_EDGE ( 'NONE', *, *, #7302, .T. ) ;
#8762 = EDGE_CURVE ( 'NONE', #6786, #3226, #6886, .T. ) ;
#8763 = LINE ( 'NONE', #5024, #4923 ) ;
#8764 = CARTESIAN_POINT ( 'NONE',  ( 0.6299999999999998934, 0.6664761515876257425, -2.100000000000000089 ) ) ;
#8765 = CARTESIAN_POINT ( 'NONE',  ( 2.100000000000001865, 0.6664761515876249653, 1.369999999999999662 ) ) ;
#8766 =( LENGTH_UNIT ( ) NAMED_UNIT ( * ) SI_UNIT ( .MILLI., .METRE. ) );
#8767 = CARTESIAN_POINT ( 'NONE',  ( 0.8700000000000018829, 0.000000000000000000, 2.100000000000000089 ) ) ;
#8768 = VECTOR ( 'NONE', #8690, 1000.000000000000000 ) ;
#8769 = VERTEX_POINT ( 'NONE', #6928 ) ;
#8770 = LINE ( 'NONE', #5956, #9032 ) ;
#8771 = PLANE ( 'NONE',  #7111 ) ;
#8772 = DIRECTION ( 'NONE',  ( 0.000000000000000000, 0.000000000000000000, -1.000000000000000000 ) ) ;
#8773 = VERTEX_POINT ( 'NONE', #7650 ) ;
#8774 = ADVANCED_FACE ( 'NONE', ( #9384 ), #6127, .F. ) ;
#8775 = EDGE_LOOP ( 'NONE', ( #6833, #9449, #6039, #9743 ) ) ;
#8776 = EDGE_CURVE ( 'NONE', #5092, #3501, #8314, .T. ) ;
#8777 = FACE_OUTER_BOUND ( 'NONE', #6152, .T. ) ;
#8778 = ORIENTED_EDGE ( 'NONE', *, *, #98, .F. ) ;
#8779 = AXIS2_PLACEMENT_3D ( 'NONE', #5436, #4743, #6986 ) ;
#8780 = LINE ( 'NONE', #9947, #6884 ) ;
#8781 = ORIENTED_EDGE ( 'NONE', *, *, #6533, .T. ) ;
#8782 = SURFACE_STYLE_FILL_AREA ( #7152 ) ;
#8783 = DIRECTION ( 'NONE',  ( 0.000000000000000000, -1.000000000000000000, 0.000000000000000000 ) ) ;
#8784 = DIRECTION ( 'NONE',  ( -2.168404344971008079E-15, 0.000000000000000000, 1.000000000000000000 ) ) ;
#8785 = VERTEX_POINT ( 'NONE', #8383 ) ;
#8786 = DIRECTION ( 'NONE',  ( 0.000000000000000000, -0.000000000000000000, 1.000000000000000000 ) ) ;
#8787 = DIRECTION ( 'NONE',  ( 0.000000000000000000, -1.000000000000000000, 0.000000000000000000 ) ) ;
#8788 = CARTESIAN_POINT ( 'NONE',  ( -2.100000000000001865, 0.000000000000000000, 0.3699999999999996625 ) ) ;
#8789 = PLANE ( 'NONE',  #9339 ) ;
#8790 = FILL_AREA_STYLE ('',( #8899 ) ) ;
#8791 = DIRECTION ( 'NONE',  ( -1.000000000000000000, 0.000000000000000000, 0.000000000000000000 ) ) ;
#8792 = ORIENTED_EDGE ( 'NONE', *, *, #5497, .T. ) ;
#8793 = DIRECTION ( 'NONE',  ( 0.000000000000000000, -1.000000000000000000, 0.000000000000000000 ) ) ;
#8794 =( NAMED_UNIT ( * ) SI_UNIT ( $, .STERADIAN. ) SOLID_ANGLE_UNIT ( ) );
#8795 = ORIENTED_EDGE ( 'NONE', *, *, #8965, .F. ) ;
#8796 = EDGE_CURVE ( 'NONE', #6485, #3924, #6166, .T. ) ;
#8797 = ORIENTED_EDGE ( 'NONE', *, *, #8280, .T. ) ;
#8798 = COLOUR_RGB ( '',0.7921568627450980005, 0.8196078431372548767, 0.9333333333333333481 ) ;
#8799 = ORIENTED_EDGE ( 'NONE', *, *, #4859, .F. ) ;
#8800 = PLANE ( 'NONE',  #4780 ) ;
#8801 = AXIS2_PLACEMENT_3D ( 'NONE', #3941, #2391, #4667 ) ;
#8802 = PLANE ( 'NONE',  #5825 ) ;
#8803 = LINE ( 'NONE', #8450, #6785 ) ;
#8804 = VERTEX_POINT ( 'NONE', #7682 ) ;
#8805 = CARTESIAN_POINT ( 'NONE',  ( 1.370000000000001883, 0.2000000000000000111, 2.100000000000000089 ) ) ;
#8806 = EDGE_LOOP ( 'NONE', ( #7644, #97, #844, #6976 ) ) ;
#8807 = DIRECTION ( 'NONE',  ( 0.000000000000000000, 0.000000000000000000, -1.000000000000000000 ) ) ;
#8808 = FILL_AREA_STYLE ('',( #8066 ) ) ;
#8809 = DIRECTION ( 'NONE',  ( -1.000000000000000000, 0.000000000000000000, 0.000000000000000000 ) ) ;
#8810 = CARTESIAN_POINT ( 'NONE',  ( -1.369999999999999662, 0.6664761515876257425, 2.100000000000000977 ) ) ;
#8811 = DIRECTION ( 'NONE',  ( -5.421010862427520198E-16, 0.000000000000000000, -1.000000000000000000 ) ) ;
#8812 = VECTOR ( 'NONE', #3506, 1000.000000000000000 ) ;
#8813 = AXIS2_PLACEMENT_3D ( 'NONE', #8410, #2175, #1427 ) ;
#8814 = VERTEX_POINT ( 'NONE', #707 ) ;
#8815 = LINE ( 'NONE', #9685, #125 ) ;
#8816 = EDGE_CURVE ( 'NONE', #9103, #8740, #350, .T. ) ;
#8817 = SURFACE_STYLE_FILL_AREA ( #9337 ) ;
#8818 = DIRECTION ( 'NONE',  ( 0.000000000000000000, -1.000000000000000000, 0.000000000000000000 ) ) ;
#8819 = DIRECTION ( 'NONE',  ( 0.000000000000000000, 0.000000000000000000, -1.000000000000000000 ) ) ;
#8820 = DIRECTION ( 'NONE',  ( -1.000000000000000000, 0.000000000000000000, 0.000000000000000000 ) ) ;
#8821 = CARTESIAN_POINT ( 'NONE',  ( -2.100000000000001865, 0.000000000000000000, 1.129999999999998117 ) ) ;
#8822 = ORIENTED_EDGE ( 'NONE', *, *, #5364, .F. ) ;
#8823 = CARTESIAN_POINT ( 'NONE',  ( -2.500000000000002220, 0.6664761515876249653, 1.369999999999999662 ) ) ;
#8824 = ORIENTED_EDGE ( 'NONE', *, *, #3650, .T. ) ;
#8825 = DIRECTION ( 'NONE',  ( 0.000000000000000000, 0.000000000000000000, -1.000000000000000000 ) ) ;
#8826 = CARTESIAN_POINT ( 'NONE',  ( -2.500000000000002220, 0.1999999999999999833, 0.3699999999999996625 ) ) ;
#8827 = PLANE ( 'NONE',  #5528 ) ;
#8828 = DIRECTION ( 'NONE',  ( -0.000000000000000000, -1.000000000000000000, -0.000000000000000000 ) ) ;
#8829 = EDGE_CURVE ( 'NONE', #2440, #5531, #105, .T. ) ;
#8830 = FACE_OUTER_BOUND ( 'NONE', #1539, .T. ) ;
#8831 = EDGE_CURVE ( 'NONE', #649, #4210, #1209, .T. ) ;
#8833 = ADVANCED_FACE ( 'NONE', ( #8075 ), #743, .F. ) ;
#8832 = ORIENTED_EDGE ( 'NONE', *, *, #4906, .T. ) ;
#8834 = EDGE_LOOP ( 'NONE', ( #3965, #7156, #9058, #6221 ) ) ;
#8835 = DIRECTION ( 'NONE',  ( 0.000000000000000000, -0.000000000000000000, 1.000000000000000000 ) ) ;
#8836 = CARTESIAN_POINT ( 'NONE',  ( -2.100000000000001865, 0.1999999999999999833, 0.8699999999999996625 ) ) ;
#8837 = EDGE_LOOP ( 'NONE', ( #7373, #3691, #6271, #2105 ) ) ;
#8838 = FILL_AREA_STYLE ('',( #6492 ) ) ;
#8839 = LINE ( 'NONE', #4884, #6820 ) ;
#8840 = DIRECTION ( 'NONE',  ( -1.000000000000000000, 0.000000000000000000, 0.000000000000000000 ) ) ;
#8841 = CARTESIAN_POINT ( 'NONE',  ( 1.630000000000000338, 0.000000000000000000, 2.100000000000000977 ) ) ;
#8842 = VERTEX_POINT ( 'NONE', #9256 ) ;
#8843 = DIRECTION ( 'NONE',  ( 1.000000000000000000, -0.000000000000000000, 0.000000000000000000 ) ) ;
#8844 = CARTESIAN_POINT ( 'NONE',  ( 1.370000000000001883, 0.000000000000000000, 2.100000000000000089 ) ) ;
#8845 = EDGE_CURVE ( 'NONE', #7067, #3812, #4482, .T. ) ;
#8846 = DIRECTION ( 'NONE',  ( -0.000000000000000000, 0.000000000000000000, 1.000000000000000000 ) ) ;
#8847 = DIRECTION ( 'NONE',  ( 0.000000000000000000, -1.000000000000000000, 0.000000000000000000 ) ) ;
#8848 = VECTOR ( 'NONE', #8945, 1000.000000000000000 ) ;
#8849 = VERTEX_POINT ( 'NONE', #4747 ) ;
#8850 = VECTOR ( 'NONE', #2185, 1000.000000000000000 ) ;
#8851 = ORIENTED_EDGE ( 'NONE', *, *, #849, .F. ) ;
#8852 = CARTESIAN_POINT ( 'NONE',  ( 2.500000000000002220, 0.1999999999999999833, -1.370000000000001883 ) ) ;
#8853 =( GEOMETRIC_REPRESENTATION_CONTEXT ( 3 ) GLOBAL_UNCERTAINTY_ASSIGNED_CONTEXT ( ( #3503 ) ) GLOBAL_UNIT_ASSIGNED_CONTEXT ( ( #5184, #8160, #439 ) ) REPRESENTATION_CONTEXT ( 'NONE', 'WORKASPACE' ) );
#8854 = DIRECTION ( 'NONE',  ( 0.000000000000000000, -1.000000000000000000, 0.000000000000000000 ) ) ;
#8855 = DIRECTION ( 'NONE',  ( 0.000000000000000000, 0.000000000000000000, -1.000000000000000000 ) ) ;
#8856 = DIRECTION ( 'NONE',  ( 2.710505431213760691E-15, -0.000000000000000000, 1.000000000000000000 ) ) ;
#8857 = CARTESIAN_POINT ( 'NONE',  ( 0.000000000000000000, 0.2000000000000000111, 0.000000000000000000 ) ) ;
#8858 = ORIENTED_EDGE ( 'NONE', *, *, #6874, .F. ) ;
#8859 = EDGE_CURVE ( 'NONE', #7196, #5659, #2799, .T. ) ;
#8860 = PLANE ( 'NONE',  #3159 ) ;
#8861 = UNCERTAINTY_MEASURE_WITH_UNIT (LENGTH_MEASURE( 1.000000000000000082E-05 ), #7504, 'distance_accuracy_value', 'NONE');
#8862 = PLANE ( 'NONE',  #1514 ) ;
#8863 = MECHANICAL_DESIGN_GEOMETRIC_PRESENTATION_REPRESENTATION (  '', ( #1115 ), #590 ) ;
#8864 = VERTEX_POINT ( 'NONE', #1711 ) ;
#8866 = PLANE ( 'NONE',  #4052 ) ;
#8865 = CARTESIAN_POINT ( 'NONE',  ( 2.500000000000002220, 0.6664761515876249653, -0.1300000000000003375 ) ) ;
#8867 = AXIS2_PLACEMENT_3D ( 'NONE', #8594, #9368, #4768 ) ;
#8868 = ORIENTED_EDGE ( 'NONE', *, *, #559, .T. ) ;
#8869 = LINE ( 'NONE', #220, #9328 ) ;
#8870 = PRESENTATION_STYLE_ASSIGNMENT (( #2382 ) ) ;
#8871 = VECTOR ( 'NONE', #7087, 1000.000000000000000 ) ;
#8872 = VERTEX_POINT ( 'NONE', #7845 ) ;
#8873 = DIRECTION ( 'NONE',  ( -1.000000000000000000, 0.000000000000000000, 0.000000000000000000 ) ) ;
#8874 = VERTEX_POINT ( 'NONE', #9415 ) ;
#8875 = PLANE ( 'NONE',  #7368 ) ;
#8876 = PLANE ( 'NONE',  #2842 ) ;
#8877 = CARTESIAN_POINT ( 'NONE',  ( 0.000000000000000000, 0.2000000000000000111, 0.000000000000000000 ) ) ;
#8879 = FACE_OUTER_BOUND ( 'NONE', #2325, .T. ) ;
#8878 = PRESENTATION_LAYER_ASSIGNMENT (  '', '', ( #5279 ) ) ;
#8880 =( NAMED_UNIT ( * ) SI_UNIT ( $, .STERADIAN. ) SOLID_ANGLE_UNIT ( ) );
#8881 = VECTOR ( 'NONE', #9767, 1000.000000000000000 ) ;
#8882 = ORIENTED_EDGE ( 'NONE', *, *, #6079, .F. ) ;
#8883 = DIRECTION ( 'NONE',  ( 1.000000000000000000, 0.000000000000000000, -3.614007241618325499E-15 ) ) ;
#8884 = EDGE_CURVE ( 'NONE', #5335, #6848, #7366, .T. ) ;
#8885 = ORIENTED_EDGE ( 'NONE', *, *, #7404, .T. ) ;
#8886 =( LENGTH_UNIT ( ) NAMED_UNIT ( * ) SI_UNIT ( .MILLI., .METRE. ) );
#8887 = CARTESIAN_POINT ( 'NONE',  ( 1.870000000000001883, 0.2000000000000000111, 2.100000000000000089 ) ) ;
#8888 = CARTESIAN_POINT ( 'NONE',  ( -2.500000000000002220, 0.1999999999999999833, -0.6300000000000003375 ) ) ;
#8889 = ADVANCED_FACE ( 'NONE', ( #9500 ), #9315, .T. ) ;
#8890 = LINE ( 'NONE', #2840, #7449 ) ;
#8891 = ORIENTED_EDGE ( 'NONE', *, *, #3951, .F. ) ;
#8892 = LINE ( 'NONE', #9289, #6024 ) ;
#8893 = EDGE_LOOP ( 'NONE', ( #4795, #5311, #7444, #2923 ) ) ;
#8894 = CARTESIAN_POINT ( 'NONE',  ( -1.629999999999998117, 0.6664761515876257425, 2.100000000000000089 ) ) ;
#8895 = DIRECTION ( 'NONE',  ( -0.000000000000000000, -0.000000000000000000, 1.000000000000000000 ) ) ;
#8896 = DIRECTION ( 'NONE',  ( 2.168404344971008079E-15, -0.000000000000000000, -1.000000000000000000 ) ) ;
#8897 = EDGE_CURVE ( 'NONE', #8226, #6592, #8665, .T. ) ;
#8898 = DIRECTION ( 'NONE',  ( 0.000000000000000000, -1.000000000000000000, 0.000000000000000000 ) ) ;
#8899 = FILL_AREA_STYLE_COLOUR ( '', #189 ) ;
#8900 = LINE ( 'NONE', #2364, #7457 ) ;
#8901 = DIRECTION ( 'NONE',  ( -1.000000000000000000, 0.000000000000000000, -2.168404344971008079E-15 ) ) ;
#8902 = ADVANCED_FACE ( 'NONE', ( #4938 ), #5529, .F. ) ;
#8903 = FACE_OUTER_BOUND ( 'NONE', #411, .T. ) ;
#8904 = ORIENTED_EDGE ( 'NONE', *, *, #2469, .F. ) ;
#8905 = FACE_OUTER_BOUND ( 'NONE', #7007, .T. ) ;
#8906 = VERTEX_POINT ( 'NONE', #7749 ) ;
#8907 = AXIS2_PLACEMENT_3D ( 'NONE', #4694, #3251, #7789 ) ;
#8908 = ORIENTED_EDGE ( 'NONE', *, *, #4332, .F. ) ;
#8909 = DIRECTION ( 'NONE',  ( 2.710505431213760691E-15, 0.000000000000000000, 1.000000000000000000 ) ) ;
#8910 = FILL_AREA_STYLE ('',( #2804 ) ) ;
#8911 = DIRECTION ( 'NONE',  ( -1.000000000000000000, 0.000000000000000000, 0.000000000000000000 ) ) ;
#8912 = LINE ( 'NONE', #1760, #701 ) ;
#8913 = ORIENTED_EDGE ( 'NONE', *, *, #4846, .F. ) ;
#8914 = COLOUR_RGB ( '',0.7921568627450980005, 0.8196078431372548767, 0.9333333333333333481 ) ;
#8915 = EDGE_CURVE ( 'NONE', #4075, #4701, #3757, .T. ) ;
#8916 = VERTEX_POINT ( 'NONE', #1678 ) ;
#8917 = CARTESIAN_POINT ( 'NONE',  ( -1.870000000000000107, 0.1999999999999999833, -2.100000000000000089 ) ) ;
#8918 =( NAMED_UNIT ( * ) PLANE_ANGLE_UNIT ( ) SI_UNIT ( $, .RADIAN. ) );
#8919 = CARTESIAN_POINT ( 'NONE',  ( 2.100000000000001865, 0.6664761515876249653, 0.6299999999999982281 ) ) ;
#8920 = LINE ( 'NONE', #4463, #1202 ) ;
#8921 = EDGE_LOOP ( 'NONE', ( #8211, #5541, #8197, #6292 ) ) ;
#8922 = DIRECTION ( 'NONE',  ( 1.000000000000000000, -0.000000000000000000, 0.000000000000000000 ) ) ;
#8923 = DIRECTION ( 'NONE',  ( -1.000000000000000000, 0.000000000000000000, 0.000000000000000000 ) ) ;
#8924 = AXIS2_PLACEMENT_3D ( 'NONE', #3252, #8695, #2515 ) ;
#8925 = EDGE_LOOP ( 'NONE', ( #4704, #8137, #6067, #2642 ) ) ;
#8926 = LINE ( 'NONE', #4379, #1563 ) ;
#8927 = ORIENTED_EDGE ( 'NONE', *, *, #9152, .F. ) ;
#8928 = EDGE_CURVE ( 'NONE', #2440, #8648, #6770, .T. ) ;
#8929 = ORIENTED_EDGE ( 'NONE', *, *, #7510, .F. ) ;
#8930 = SURFACE_STYLE_USAGE ( .BOTH. , #7290 ) ;
#8931 = VECTOR ( 'NONE', #5626, 1000.000000000000000 ) ;
#8932 = VERTEX_POINT ( 'NONE', #155 ) ;
#8933 = DIRECTION ( 'NONE',  ( 0.000000000000000000, -0.000000000000000000, 1.000000000000000000 ) ) ;
#8934 = DIRECTION ( 'NONE',  ( -2.168404344971008079E-15, 0.000000000000000000, 1.000000000000000000 ) ) ;
#8935 = LINE ( 'NONE', #1474, #8088 ) ;
#8936 = FACE_OUTER_BOUND ( 'NONE', #1562, .T. ) ;
#8937 = DIRECTION ( 'NONE',  ( -1.000000000000000000, 0.000000000000000000, 0.000000000000000000 ) ) ;
#8938 = DIRECTION ( 'NONE',  ( 0.000000000000000000, 0.000000000000000000, -1.000000000000000000 ) ) ;
#8939 = DIRECTION ( 'NONE',  ( -0.000000000000000000, -1.000000000000000000, -0.000000000000000000 ) ) ;
#8940 = ORIENTED_EDGE ( 'NONE', *, *, #9883, .F. ) ;
#8941 = CARTESIAN_POINT ( 'NONE',  ( 0.000000000000000000, 0.000000000000000000, 3.000000000000000000 ) ) ;
#8942 = DIRECTION ( 'NONE',  ( -1.000000000000000000, 0.000000000000000000, 0.000000000000000000 ) ) ;
#8943 = ORIENTED_EDGE ( 'NONE', *, *, #9299, .T. ) ;
#8944 = ADVANCED_FACE ( 'NONE', ( #2914 ), #3237, .F. ) ;
#8945 = DIRECTION ( 'NONE',  ( 0.000000000000000000, -1.000000000000000000, 0.000000000000000000 ) ) ;
#8946 = FACE_OUTER_BOUND ( 'NONE', #9028, .T. ) ;
#8947 = VERTEX_POINT ( 'NONE', #936 ) ;
#8948 = AXIS2_PLACEMENT_3D ( 'NONE', #8047, #7229, #1849 ) ;
#8949 = DIRECTION ( 'NONE',  ( 2.710505431213760691E-15, 0.000000000000000000, 1.000000000000000000 ) ) ;
#8950 = ORIENTED_EDGE ( 'NONE', *, *, #8975, .F. ) ;
#8951 = EDGE_CURVE ( 'NONE', #7441, #5478, #5540, .T. ) ;
#8952 = CARTESIAN_POINT ( 'NONE',  ( 2.500000000000002220, 0.6664761515876249653, -1.130000000000000338 ) ) ;
#8953 = ORIENTED_EDGE ( 'NONE', *, *, #7635, .T. ) ;
#8954 = ORIENTED_EDGE ( 'NONE', *, *, #158, .T. ) ;
#8955 = DIRECTION ( 'NONE',  ( -2.168404344971008079E-15, 0.000000000000000000, 1.000000000000000000 ) ) ;
#8956 = FILL_AREA_STYLE_COLOUR ( '', #3498 ) ;
#8957 = PLANE ( 'NONE',  #5501 ) ;
#8958 = ADVANCED_FACE ( 'NONE', ( #338 ), #54, .T. ) ;
#8959 = PLANE ( 'NONE',  #9080 ) ;
#8960 = CARTESIAN_POINT ( 'NONE',  ( -2.500000000000002220, 0.1999999999999999833, -1.130000000000000338 ) ) ;
#8961 = VECTOR ( 'NONE', #4616, 1000.000000000000000 ) ;
#8962 = MECHANICAL_DESIGN_GEOMETRIC_PRESENTATION_REPRESENTATION (  '', ( #7728 ), #1347 ) ;
#8963 = ORIENTED_EDGE ( 'NONE', *, *, #5959, .T. ) ;
#8964 = ORIENTED_EDGE ( 'NONE', *, *, #8482, .F. ) ;
#8965 = EDGE_CURVE ( 'NONE', #8603, #2428, #8303, .T. ) ;
#8966 = CARTESIAN_POINT ( 'NONE',  ( -2.500000000000002220, 0.6664761515876249653, -1.630000000000000338 ) ) ;
#8967 = AXIS2_PLACEMENT_3D ( 'NONE', #387, #7184, #5734 ) ;
#8968 = DIRECTION ( 'NONE',  ( 0.000000000000000000, -0.000000000000000000, -1.000000000000000000 ) ) ;
#8969 = VECTOR ( 'NONE', #8012, 1000.000000000000000 ) ;
#8970 = DIRECTION ( 'NONE',  ( 0.000000000000000000, -1.000000000000000000, 0.000000000000000000 ) ) ;
#8971 = DIRECTION ( 'NONE',  ( 0.000000000000000000, -0.000000000000000000, -1.000000000000000000 ) ) ;
#8972 = CARTESIAN_POINT ( 'NONE',  ( -0.1299999999999981726, 0.000000000000000000, 2.100000000000000089 ) ) ;
#8973 = ORIENTED_EDGE ( 'NONE', *, *, #3198, .F. ) ;
#8974 = PLANE ( 'NONE',  #7169 ) ;
#8975 = EDGE_CURVE ( 'NONE', #7617, #5393, #2669, .T. ) ;
#8976 = VERTEX_POINT ( 'NONE', #4717 ) ;
#8977 = EDGE_CURVE ( 'NONE', #7338, #8849, #6879, .T. ) ;
#8978 = VECTOR ( 'NONE', #7307, 1000.000000000000000 ) ;
#8979 = DIRECTION ( 'NONE',  ( 0.000000000000000000, -1.000000000000000000, 0.000000000000000000 ) ) ;
#8980 = ORIENTED_EDGE ( 'NONE', *, *, #2410, .T. ) ;
#8981 = PLANE ( 'NONE',  #8145 ) ;
#8982 = CARTESIAN_POINT ( 'NONE',  ( 2.100000000000001865, 0.6664761515876249653, 1.369999999999999662 ) ) ;
#8983 = DIRECTION ( 'NONE',  ( -1.000000000000000000, 0.000000000000000000, 0.000000000000000000 ) ) ;
#8985 = VECTOR ( 'NONE', #9552, 1000.000000000000000 ) ;
#8984 = AXIS2_PLACEMENT_3D ( 'NONE', #8887, #2597, #5056 ) ;
#8986 = ORIENTED_EDGE ( 'NONE', *, *, #5829, .T. ) ;
#8987 = VECTOR ( 'NONE', #5770, 1000.000000000000000 ) ;
#8988 = DIRECTION ( 'NONE',  ( 0.000000000000000000, 0.000000000000000000, -1.000000000000000000 ) ) ;
#8989 = ORIENTED_EDGE ( 'NONE', *, *, #1195, .T. ) ;
#8990 = EDGE_CURVE ( 'NONE', #711, #3628, #586, .T. ) ;
#8991 = DIRECTION ( 'NONE',  ( -0.000000000000000000, -1.000000000000000000, -0.000000000000000000 ) ) ;
#8992 = ORIENTED_EDGE ( 'NONE', *, *, #8717, .F. ) ;
#8993 = AXIS2_PLACEMENT_3D ( 'NONE', #5526, #1673, #4713 ) ;
#8994 = CARTESIAN_POINT ( 'NONE',  ( 2.100000000000001865, 0.000000000000000000, 0.3699999999999996625 ) ) ;
#8995 = DIRECTION ( 'NONE',  ( 0.000000000000000000, -0.000000000000000000, 1.000000000000000000 ) ) ;
#8996 = ADVANCED_FACE ( 'NONE', ( #3249 ), #3340, .T. ) ;
#8997 = FACE_OUTER_BOUND ( 'NONE', #6653, .T. ) ;
#8998 = ORIENTED_EDGE ( 'NONE', *, *, #4621, .F. ) ;
#8999 = ORIENTED_EDGE ( 'NONE', *, *, #9728, .T. ) ;
#9000 = CARTESIAN_POINT ( 'NONE',  ( -1.870000000000000107, 0.2000000000000000111, -2.100000000000000089 ) ) ;
#9001 = AXIS2_PLACEMENT_3D ( 'NONE', #5884, #2063, #2131 ) ;
#9002 = CARTESIAN_POINT ( 'NONE',  ( 0.8700000000000018829, 0.2000000000000000111, 2.100000000000000089 ) ) ;
#9003 = FACE_OUTER_BOUND ( 'NONE', #3458, .T. ) ;
#9004 =( NAMED_UNIT ( * ) SI_UNIT ( $, .STERADIAN. ) SOLID_ANGLE_UNIT ( ) );
#9005 = EDGE_CURVE ( 'NONE', #9544, #796, #7356, .T. ) ;
#9006 = LINE ( 'NONE', #3058, #5156 ) ;
#9007 = CARTESIAN_POINT ( 'NONE',  ( -0.6299999999999982281, 0.000000000000000000, 2.100000000000000089 ) ) ;
#9008 = DIRECTION ( 'NONE',  ( -1.000000000000000000, 0.000000000000000000, 0.000000000000000000 ) ) ;
#9009 = LINE ( 'NONE', #7849, #782 ) ;
#9010 = VERTEX_POINT ( 'NONE', #899 ) ;
#9011 = ORIENTED_EDGE ( 'NONE', *, *, #5563, .F. ) ;
#9012 = VECTOR ( 'NONE', #8034, 1000.000000000000000 ) ;
#9013 = CARTESIAN_POINT ( 'NONE',  ( 2.499999999999998668, 0.2000000000000005107, -1.370000000000001883 ) ) ;
#9014 = VECTOR ( 'NONE', #7949, 1000.000000000000000 ) ;
#9015 = ORIENTED_EDGE ( 'NONE', *, *, #929, .F. ) ;
#9016 = CARTESIAN_POINT ( 'NONE',  ( -1.629999999999998561, 0.6664761515876257425, -2.100000000000000089 ) ) ;
#9017 = FILL_AREA_STYLE_COLOUR ( '', #1287 ) ;
#9018 = ORIENTED_EDGE ( 'NONE', *, *, #10003, .T. ) ;
#9019 = DIRECTION ( 'NONE',  ( 1.000000000000000000, -0.000000000000000000, -0.000000000000000000 ) ) ;
#9020 = FACE_OUTER_BOUND ( 'NONE', #2830, .T. ) ;
#9021 = DIRECTION ( 'NONE',  ( -1.000000000000000000, 0.000000000000000000, 3.614007241618325499E-15 ) ) ;
#9022 = CARTESIAN_POINT ( 'NONE',  ( 0.6300000000000005596, 0.000000000000000000, 2.500000000000001332 ) ) ;
#9023 = EDGE_CURVE ( 'NONE', #9677, #2218, #9374, .T. ) ;
#9024 = LINE ( 'NONE', #7675, #8758 ) ;
#9025 = ORIENTED_EDGE ( 'NONE', *, *, #8589, .T. ) ;
#9026 = DIRECTION ( 'NONE',  ( 0.000000000000000000, -0.000000000000000000, -1.000000000000000000 ) ) ;
#9027 = DIRECTION ( 'NONE',  ( -5.421010862427520198E-16, 0.000000000000000000, -1.000000000000000000 ) ) ;
#9028 = EDGE_LOOP ( 'NONE', ( #631, #4025, #2916, #4131 ) ) ;
#9029 = SURFACE_STYLE_FILL_AREA ( #3441 ) ;
#9030 = LINE ( 'NONE', #1345, #9488 ) ;
#9031 = ORIENTED_EDGE ( 'NONE', *, *, #9814, .T. ) ;
#9032 = VECTOR ( 'NONE', #6723, 1000.000000000000000 ) ;
#9033 = AXIS2_PLACEMENT_3D ( 'NONE', #2097, #7490, #2887 ) ;
#9034 = CARTESIAN_POINT ( 'NONE',  ( 1.500000000000000000, 0.2000000000000000111, 0.000000000000000000 ) ) ;
#9035 = CARTESIAN_POINT ( 'NONE',  ( 1.130000000000000338, 0.1999999999999999833, 2.100000000000000977 ) ) ;
#9036 = ORIENTED_EDGE ( 'NONE', *, *, #3487, .T. ) ;
#9037 = EDGE_CURVE ( 'NONE', #4813, #8602, #8059, .T. ) ;
#9038 = DIRECTION ( 'NONE',  ( 2.168404344971008079E-15, -0.000000000000000000, -1.000000000000000000 ) ) ;
#9039 = DIRECTION ( 'NONE',  ( -0.000000000000000000, -1.000000000000000000, -0.000000000000000000 ) ) ;
#9040 = CARTESIAN_POINT ( 'NONE',  ( -2.100000000000001865, 0.6664761515876249653, 0.3699999999999996625 ) ) ;
#9041 = CARTESIAN_POINT ( 'NONE',  ( -1.369999999999999662, 0.2000000000000000111, 2.100000000000000977 ) ) ;
#9042 = VERTEX_POINT ( 'NONE', #1846 ) ;
#9043 = VECTOR ( 'NONE', #8401, 1000.000000000000000 ) ;
#9044 = ORIENTED_EDGE ( 'NONE', *, *, #2953, .T. ) ;
#9045 = LINE ( 'NONE', #4152, #6510 ) ;
#9046 = ADVANCED_FACE ( 'NONE', ( #1331 ), #998, .F. ) ;
#9047 = ORIENTED_EDGE ( 'NONE', *, *, #664, .F. ) ;
#9048 = STYLED_ITEM ( 'NONE', ( #4637 ), #6600 ) ;
#9049 = CARTESIAN_POINT ( 'NONE',  ( -2.100000000000001865, 0.6664761515876249653, -1.870000000000001883 ) ) ;
#9050 = CARTESIAN_POINT ( 'NONE',  ( -1.629999999999998117, 0.2000000000000000111, 2.100000000000000089 ) ) ;
#9051 = DIRECTION ( 'NONE',  ( -1.000000000000000000, 0.000000000000000000, 0.000000000000000000 ) ) ;
#9052 = ORIENTED_EDGE ( 'NONE', *, *, #7784, .F. ) ;
#9053 = CARTESIAN_POINT ( 'NONE',  ( 0.6299999999999998934, 0.2000000000000000111, -2.100000000000000089 ) ) ;
#9054 = VECTOR ( 'NONE', #1509, 1000.000000000000000 ) ;
#9055 = ORIENTED_EDGE ( 'NONE', *, *, #1172, .F. ) ;
#9056 = EDGE_CURVE ( 'NONE', #1691, #2090, #3134, .T. ) ;
#9057 = LINE ( 'NONE', #2236, #7006 ) ;
#9058 = ORIENTED_EDGE ( 'NONE', *, *, #712, .T. ) ;
#9059 = VECTOR ( 'NONE', #333, 1000.000000000000000 ) ;
#9060 = EDGE_LOOP ( 'NONE', ( #2285, #1906, #9890, #5251 ) ) ;
#9061 = DIRECTION ( 'NONE',  ( 5.421010862427520198E-16, 0.000000000000000000, 1.000000000000000000 ) ) ;
#9062 = DIRECTION ( 'NONE',  ( -1.000000000000000000, 0.000000000000000000, 0.000000000000000000 ) ) ;
#9063 = ADVANCED_FACE ( 'NONE', ( #5067 ), #5738, .T. ) ;
#9064 =( LENGTH_UNIT ( ) NAMED_UNIT ( * ) SI_UNIT ( .MILLI., .METRE. ) );
#9065 = ORIENTED_EDGE ( 'NONE', *, *, #9728, .F. ) ;
#9066 = VECTOR ( 'NONE', #8061, 1000.000000000000000 ) ;
#9067 = EDGE_CURVE ( 'NONE', #5539, #10005, #4691, .T. ) ;
#9068 =( GEOMETRIC_REPRESENTATION_CONTEXT ( 3 ) GLOBAL_UNCERTAINTY_ASSIGNED_CONTEXT ( ( #3374 ) ) GLOBAL_UNIT_ASSIGNED_CONTEXT ( ( #1702, #242, #7210 ) ) REPRESENTATION_CONTEXT ( 'NONE', 'WORKASPACE' ) );
#9069 = VERTEX_POINT ( 'NONE', #6473 ) ;
#9070 = CARTESIAN_POINT ( 'NONE',  ( 2.100000000000001865, 0.05000000000000002359, -0.1300000000000003375 ) ) ;
#9071 = CARTESIAN_POINT ( 'NONE',  ( 1.870000000000001439, 0.2000000000000000111, -2.100000000000000089 ) ) ;
#9072 = VECTOR ( 'NONE', #5946, 1000.000000000000000 ) ;
#9073 = PRODUCT_CONTEXT ( 'NONE', #5137, 'mechanical' ) ;
#9074 = ORIENTED_EDGE ( 'NONE', *, *, #2881, .F. ) ;
#9075 = CARTESIAN_POINT ( 'NONE',  ( 2.100000000000001865, 0.000000000000000000, 1.629999999999998117 ) ) ;
#9076 = CARTESIAN_POINT ( 'NONE',  ( 1.129999999999999893, 0.2000000000000000111, -2.100000000000000089 ) ) ;
#9077 = SURFACE_STYLE_USAGE ( .BOTH. , #3696 ) ;
#9078 = VECTOR ( 'NONE', #5557, 1000.000000000000000 ) ;
#9079 = ORIENTED_EDGE ( 'NONE', *, *, #5578, .F. ) ;
#9080 = AXIS2_PLACEMENT_3D ( 'NONE', #2676, #6571, #8032 ) ;
#9081 = VERTEX_POINT ( 'NONE', #7260 ) ;
#9082 = DIRECTION ( 'NONE',  ( -0.000000000000000000, 0.000000000000000000, 1.000000000000000000 ) ) ;
#9083 = EDGE_CURVE ( 'NONE', #1330, #6482, #1070, .T. ) ;
#9084 = EDGE_LOOP ( 'NONE', ( #4853, #5920, #6719, #6238 ) ) ;
#9085 = CARTESIAN_POINT ( 'NONE',  ( -0.8700000000000001066, 0.2000000000000000111, -2.100000000000000089 ) ) ;
#9086 = CARTESIAN_POINT ( 'NONE',  ( 0.1300000000000003375, 0.000000000000000000, 2.100000000000000977 ) ) ;
#9087 = CARTESIAN_POINT ( 'NONE',  ( 2.500000000000002220, 0.04999999999999969746, -0.8700000000000018829 ) ) ;
#9088 = CARTESIAN_POINT ( 'NONE',  ( -2.500000000000002220, 0.000000000000000000, -0.3700000000000018274 ) ) ;
#9089 = PLANE ( 'NONE',  #3128 ) ;
#9090 = LINE ( 'NONE', #8836, #7181 ) ;
#9091 = VERTEX_POINT ( 'NONE', #8713 ) ;
#9092 = AXIS2_PLACEMENT_3D ( 'NONE', #979, #4888, #7854 ) ;
#9093 = ADVANCED_FACE ( 'NONE', ( #7589 ), #5598, .T. ) ;
#9094 = EDGE_CURVE ( 'NONE', #9863, #6609, #9045, .T. ) ;
#9095 = ORIENTED_EDGE ( 'NONE', *, *, #1924, .T. ) ;
#9096 = DIRECTION ( 'NONE',  ( 1.000000000000000000, 0.000000000000000000, 0.000000000000000000 ) ) ;
#9097 = CARTESIAN_POINT ( 'NONE',  ( 1.130000000000000338, 0.6664761515876257425, 2.100000000000000977 ) ) ;
#9098 = VECTOR ( 'NONE', #7125, 1000.000000000000000 ) ;
#9099 = ORIENTED_EDGE ( 'NONE', *, *, #4211, .F. ) ;
#9100 = DIRECTION ( 'NONE',  ( 0.000000000000000000, -0.000000000000000000, 1.000000000000000000 ) ) ;
#9101 = LINE ( 'NONE', #5970, #4026 ) ;
#9102 = CARTESIAN_POINT ( 'NONE',  ( -1.129999999999999005, 0.1999999999999999833, 2.500000000000000444 ) ) ;
#9104 = ADVANCED_FACE ( 'NONE', ( #5312 ), #1033, .F. ) ;
#9103 = VERTEX_POINT ( 'NONE', #4120 ) ;
#9105 = CARTESIAN_POINT ( 'NONE',  ( -1.129999999999998117, 0.000000000000000000, 2.100000000000000089 ) ) ;
#9106 = EDGE_CURVE ( 'NONE', #980, #1080, #6641, .T. ) ;
#9107 = PRESENTATION_STYLE_ASSIGNMENT (( #9264 ) ) ;
#9108 = ORIENTED_EDGE ( 'NONE', *, *, #3789, .F. ) ;
#9109 = VERTEX_POINT ( 'NONE', #2573 ) ;
#9110 = PLANE ( 'NONE',  #9754 ) ;
#9111 = DIRECTION ( 'NONE',  ( 0.000000000000000000, -0.000000000000000000, 1.000000000000000000 ) ) ;
#9112 = CARTESIAN_POINT ( 'NONE',  ( -1.629999999999998561, 0.1999999999999999833, -2.100000000000000089 ) ) ;
#9113 = ORIENTED_EDGE ( 'NONE', *, *, #962, .F. ) ;
#9114 = VECTOR ( 'NONE', #7017, 1000.000000000000000 ) ;
#9115 = AXIS2_PLACEMENT_3D ( 'NONE', #2002, #6529, #5754 ) ;
#9116 = VECTOR ( 'NONE', #8552, 1000.000000000000000 ) ;
#9117 = CARTESIAN_POINT ( 'NONE',  ( 1.800000000000000044, 0.1999999999999996503, 1.799999999999999822 ) ) ;
#9118 = LINE ( 'NONE', #8501, #7066 ) ;
#9119 = ORIENTED_EDGE ( 'NONE', *, *, #2743, .F. ) ;
#9120 = EDGE_CURVE ( 'NONE', #6730, #951, #7108, .T. ) ;
#9121 = MANIFOLD_SOLID_BREP ( 'Boss-Extrude3[1]', #6950 ) ;
#9122 = EDGE_LOOP ( 'NONE', ( #5203, #1963, #5412, #7139 ) ) ;
#9123 = AXIS2_PLACEMENT_3D ( 'NONE', #6646, #7411, #4242 ) ;
#9124 = VECTOR ( 'NONE', #8847, 1000.000000000000000 ) ;
#9125 = VECTOR ( 'NONE', #4150, 1000.000000000000000 ) ;
#9126 = VECTOR ( 'NONE', #8937, 1000.000000000000000 ) ;
#9127 = EDGE_LOOP ( 'NONE', ( #2191, #3100, #4231, #5587 ) ) ;
#9128 = CARTESIAN_POINT ( 'NONE',  ( 2.100000000000001865, 0.6664761515876249653, -0.6300000000000003375 ) ) ;
#9129 = VERTEX_POINT ( 'NONE', #6512 ) ;
#9130 = EDGE_CURVE ( 'NONE', #8083, #4984, #6049, .T. ) ;
#9131 = DIRECTION ( 'NONE',  ( 1.000000000000000000, 0.000000000000000000, -0.000000000000000000 ) ) ;
#9132 = LINE ( 'NONE', #8972, #5037 ) ;
#9133 = CARTESIAN_POINT ( 'NONE',  ( 2.100000000000001865, 0.000000000000000000, -1.870000000000001883 ) ) ;
#9134 = AXIS2_PLACEMENT_3D ( 'NONE', #7178, #8772, #4110 ) ;
#9135 = LINE ( 'NONE', #4686, #9238 ) ;
#9136 = ORIENTED_EDGE ( 'NONE', *, *, #1419, .F. ) ;
#9137 = VECTOR ( 'NONE', #4011, 1000.000000000000000 ) ;
#9138 = EDGE_CURVE ( 'NONE', #520, #850, #9862, .T. ) ;
#9139 = ORIENTED_EDGE ( 'NONE', *, *, #4757, .F. ) ;
#9140 = ADVANCED_FACE ( 'NONE', ( #9263 ), #6582, .F. ) ;
#9141 = CARTESIAN_POINT ( 'NONE',  ( 2.499999999999998668, 0.8999999999999998002, 2.499999999999999556 ) ) ;
#9142 = DIRECTION ( 'NONE',  ( 0.000000000000000000, 0.000000000000000000, -1.000000000000000000 ) ) ;
#9143 = DIRECTION ( 'NONE',  ( -1.000000000000000000, 0.000000000000000000, 0.000000000000000000 ) ) ;
#9144 = LINE ( 'NONE', #9421, #7096 ) ;
#9145 = EDGE_LOOP ( 'NONE', ( #47, #1378, #6149, #2234 ) ) ;
#9146 = FACE_OUTER_BOUND ( 'NONE', #3286, .T. ) ;
#9147 = CARTESIAN_POINT ( 'NONE',  ( 2.100000000000001865, 0.6664761515876249653, -0.1300000000000003375 ) ) ;
#9148 = EDGE_LOOP ( 'NONE', ( #215, #7791, #7347, #4966 ) ) ;
#9149 =( GEOMETRIC_REPRESENTATION_CONTEXT ( 3 ) GLOBAL_UNCERTAINTY_ASSIGNED_CONTEXT ( ( #8861 ) ) GLOBAL_UNIT_ASSIGNED_CONTEXT ( ( #7504, #577, #6004 ) ) REPRESENTATION_CONTEXT ( 'NONE', 'WORKASPACE' ) );
#9150 = DIRECTION ( 'NONE',  ( 0.000000000000000000, 0.000000000000000000, 1.000000000000000000 ) ) ;
#9151 = VERTEX_POINT ( 'NONE', #1986 ) ;
#9152 = EDGE_CURVE ( 'NONE', #9129, #2913, #3748, .T. ) ;
#9153 = ADVANCED_FACE ( 'NONE', ( #3972 ), #8183, .T. ) ;
#9154 = CARTESIAN_POINT ( 'NONE',  ( -2.100000000000001865, 0.000000000000000000, 1.629999999999998117 ) ) ;
#9155 = LINE ( 'NONE', #9537, #1915 ) ;
#9156 = EDGE_LOOP ( 'NONE', ( #3808, #3609, #1309, #9965, #4797, #3079, #3187, #5377, #5870, #5987, #1640, #4118, #9661, #6446, #7397, #3097, #6431, #8759, #6162, #5422, #5940, #7773, #4168, #2400, #9772, #7736, #3136, #9074, #8688, #5366, #1074, #8882, #5014, #1699, #5927, #6283, #6058, #2566, #5409, #7807, #7319, #802, #6366, #397, #5592, #9876, #4364, #5893, #7744, #4108, #5606, #1313, #3035, #6342, #2203, #3818, #2492, #1916, #6254, #3361, #2229, #1502, #3301, #6217, #9437, #2393, #6854, #514, #5642, #5549, #3197, #7358, #585, #4496, #1426, #2836, #4937, #7246, #1616, #5169, #5274, #7660, #6686, #5195, #8851, #9564, #7911, #2964, #7241, #9906, #4424, #4523, #6257, #8359, #1103, #1888, #8778, #1970, #3654, #5102, #2055, #5148, #7946, #9580, #4671, #5807, #2942, #228, #3729, #9974, #7627, #2126, #5573, #6456, #472, #842, #9166, #9505, #5031, #1499, #331, #7018, #4608, #1285, #2786, #2466, #7700, #2934, #9668, #3884, #6278, #6245 ) ) ;
#9157 = VECTOR ( 'NONE', #286, 1000.000000000000000 ) ;
#9158 = ORIENTED_EDGE ( 'NONE', *, *, #6109, .F. ) ;
#9159 = EDGE_CURVE ( 'NONE', #4984, #8872, #1444, .T. ) ;
#9160 = VECTOR ( 'NONE', #8988, 1000.000000000000000 ) ;
#9161 = ORIENTED_EDGE ( 'NONE', *, *, #6920, .T. ) ;
#9162 = LINE ( 'NONE', #957, #714 ) ;
#9163 = VERTEX_POINT ( 'NONE', #1919 ) ;
#9164 = LINE ( 'NONE', #4508, #475 ) ;
#9165 = EDGE_CURVE ( 'NONE', #7485, #7871, #1549, .T. ) ;
#9166 = ORIENTED_EDGE ( 'NONE', *, *, #8123, .F. ) ;
#9167 = CARTESIAN_POINT ( 'NONE',  ( 2.500000000000000000, 0.2000000000000000111, 0.000000000000000000 ) ) ;
#9168 = VECTOR ( 'NONE', #997, 1000.000000000000000 ) ;
#9169 = EDGE_LOOP ( 'NONE', ( #7036, #9394, #193, #1897 ) ) ;
#9170 =( GEOMETRIC_REPRESENTATION_CONTEXT ( 3 ) GLOBAL_UNCERTAINTY_ASSIGNED_CONTEXT ( ( #5466 ) ) GLOBAL_UNIT_ASSIGNED_CONTEXT ( ( #3192, #3267, #4109 ) ) REPRESENTATION_CONTEXT ( 'NONE', 'WORKASPACE' ) );
#9171 = VECTOR ( 'NONE', #1200, 1000.000000000000000 ) ;
#9172 = LINE ( 'NONE', #7335, #9059 ) ;
#9173 = EDGE_LOOP ( 'NONE', ( #567, #7470, #1368, #1651 ) ) ;
#9174 = DIRECTION ( 'NONE',  ( 0.000000000000000000, 0.000000000000000000, -1.000000000000000000 ) ) ;
#9175 = DIRECTION ( 'NONE',  ( 0.000000000000000000, -1.000000000000000000, 0.000000000000000000 ) ) ;
#9176 = EDGE_CURVE ( 'NONE', #10012, #6425, #6153, .T. ) ;
#9177 = VECTOR ( 'NONE', #8392, 1000.000000000000000 ) ;
#9178 = DIRECTION ( 'NONE',  ( -0.000000000000000000, 0.000000000000000000, 1.000000000000000000 ) ) ;
#9179 = VERTEX_POINT ( 'NONE', #6693 ) ;
#9180 = CARTESIAN_POINT ( 'NONE',  ( 1.000000000000000000, 0.000000000000000000, 0.000000000000000000 ) ) ;
#9181 = VECTOR ( 'NONE', #5911, 1000.000000000000000 ) ;
#9182 = EDGE_LOOP ( 'NONE', ( #5357, #7365, #2947, #3881 ) ) ;
#9183 = FACE_OUTER_BOUND ( 'NONE', #8541, .T. ) ;
#9184 = AXIS2_PLACEMENT_3D ( 'NONE', #3920, #6989, #6337 ) ;
#9186 = ADVANCED_FACE ( 'NONE', ( #9491 ), #4253, .T. ) ;
#9185 = EDGE_LOOP ( 'NONE', ( #3621, #8184, #7137, #3154 ) ) ;
#9187 = EDGE_CURVE ( 'NONE', #7278, #1926, #7235, .T. ) ;
#9188 = VERTEX_POINT ( 'NONE', #5777 ) ;
#9189 = LINE ( 'NONE', #9950, #5112 ) ;
#9190 = PLANE ( 'NONE',  #9676 ) ;
#9191 = ORIENTED_EDGE ( 'NONE', *, *, #3125, .T. ) ;
#9192 = VERTEX_POINT ( 'NONE', #4366 ) ;
#9193 = ADVANCED_FACE ( 'NONE', ( #9745 ), #1140, .T. ) ;
#9194 = VECTOR ( 'NONE', #2028, 1000.000000000000000 ) ;
#9195 = PLANE ( 'NONE',  #3181 ) ;
#9196 = CARTESIAN_POINT ( 'NONE',  ( 2.100000000000001865, 0.05000000000000002359, 1.129999999999998117 ) ) ;
#9197 = CARTESIAN_POINT ( 'NONE',  ( 0.000000000000000000, 0.05000000000000000278, -2.100000000000000089 ) ) ;
#9198 = ORIENTED_EDGE ( 'NONE', *, *, #3492, .T. ) ;
#9199 = PLANE ( 'NONE',  #1314 ) ;
#9200 = CARTESIAN_POINT ( 'NONE',  ( 2.100000000000001865, 0.000000000000000000, 1.369999999999999662 ) ) ;
#9201 = EDGE_CURVE ( 'NONE', #3861, #8226, #6035, .T. ) ;
#9202 = DIRECTION ( 'NONE',  ( 0.000000000000000000, -1.000000000000000000, 0.000000000000000000 ) ) ;
#9203 = DIRECTION ( 'NONE',  ( 0.000000000000000000, -1.000000000000000000, 0.000000000000000000 ) ) ;
#9204 = VECTOR ( 'NONE', #5435, 1000.000000000000000 ) ;
#9205 = ORIENTED_EDGE ( 'NONE', *, *, #9956, .T. ) ;
#9206 = FACE_OUTER_BOUND ( 'NONE', #68, .T. ) ;
#9207 = PLANE ( 'NONE',  #8477 ) ;
#9208 = ORIENTED_EDGE ( 'NONE', *, *, #1858, .F. ) ;
#9209 = CARTESIAN_POINT ( 'NONE',  ( -0.8700000000000001066, 0.2000000000000005107, -2.500000000000000444 ) ) ;
#9210 = CARTESIAN_POINT ( 'NONE',  ( -0.1299999999999981726, 0.04999999999999999584, 2.100000000000000089 ) ) ;
#9211 = CARTESIAN_POINT ( 'NONE',  ( 1.870000000000001439, 0.1999999999999999833, -2.100000000000000089 ) ) ;
#9212 = LINE ( 'NONE', #3413, #2599 ) ;
#9213 = VERTEX_POINT ( 'NONE', #7393 ) ;
#9214 = EDGE_CURVE ( 'NONE', #3571, #965, #7469, .T. ) ;
#9215 = ORIENTED_EDGE ( 'NONE', *, *, #1407, .F. ) ;
#9216 = CARTESIAN_POINT ( 'NONE',  ( -0.3699999999999996625, 0.04999999999999999584, 2.100000000000000977 ) ) ;
#9217 = ORIENTED_EDGE ( 'NONE', *, *, #98, .T. ) ;
#9218 = LINE ( 'NONE', #8669, #7190 ) ;
#9219 = ORIENTED_EDGE ( 'NONE', *, *, #3775, .T. ) ;
#9220 = ORIENTED_EDGE ( 'NONE', *, *, #9248, .T. ) ;
#9221 = EDGE_CURVE ( 'NONE', #6532, #5023, #2401, .T. ) ;
#9222 = ADVANCED_FACE ( 'NONE', ( #7934 ), #5069, .T. ) ;
#9223 = DIRECTION ( 'NONE',  ( -1.000000000000000000, 0.000000000000000000, 0.000000000000000000 ) ) ;
#9224 = VECTOR ( 'NONE', #5253, 1000.000000000000000 ) ;
#9225 = DIRECTION ( 'NONE',  ( -1.000000000000000000, 0.000000000000000000, -0.000000000000000000 ) ) ;
#9226 = CARTESIAN_POINT ( 'NONE',  ( 0.000000000000000000, 0.2000000000000000111, 0.000000000000000000 ) ) ;
#9227 = DIRECTION ( 'NONE',  ( 1.000000000000000000, -0.000000000000000000, -3.614007241618342065E-15 ) ) ;
#9228 = VECTOR ( 'NONE', #3094, 1000.000000000000000 ) ;
#9229 = ORIENTED_EDGE ( 'NONE', *, *, #1302, .T. ) ;
#9230 = CARTESIAN_POINT ( 'NONE',  ( -2.100000000000001865, 0.000000000000000000, 0.6299999999999982281 ) ) ;
#9231 = VERTEX_POINT ( 'NONE', #5848 ) ;
#9232 = DIRECTION ( 'NONE',  ( -1.000000000000000000, 0.000000000000000000, -0.000000000000000000 ) ) ;
#9233 = AXIS2_PLACEMENT_3D ( 'NONE', #509, #8230, #5039 ) ;
#9234 = VECTOR ( 'NONE', #4949, 1000.000000000000000 ) ;
#9235 = EDGE_CURVE ( 'NONE', #6034, #1714, #6262, .T. ) ;
#9236 = DIRECTION ( 'NONE',  ( 1.000000000000000000, -0.000000000000000000, 0.000000000000000000 ) ) ;
#9237 = ADVANCED_FACE ( 'NONE', ( #5918 ), #8279, .F. ) ;
#9238 = VECTOR ( 'NONE', #4226, 1000.000000000000000 ) ;
#9239 = ORIENTED_EDGE ( 'NONE', *, *, #5388, .F. ) ;
#9240 = VECTOR ( 'NONE', #7905, 1000.000000000000000 ) ;
#9241 = AXIS2_PLACEMENT_3D ( 'NONE', #7780, #8548, #17 ) ;
#9242 = ORIENTED_EDGE ( 'NONE', *, *, #4257, .T. ) ;
#9243 = LINE ( 'NONE', #6343, #3356 ) ;
#9244 = ORIENTED_EDGE ( 'NONE', *, *, #7986, .F. ) ;
#9245 = VECTOR ( 'NONE', #867, 1000.000000000000000 ) ;
#9246 = VERTEX_POINT ( 'NONE', #9035 ) ;
#9247 = CARTESIAN_POINT ( 'NONE',  ( 1.370000000000000329, 0.2000000000000000111, -2.500000000000000444 ) ) ;
#9248 = EDGE_CURVE ( 'NONE', #5584, #1771, #8292, .T. ) ;
#9249 = VECTOR ( 'NONE', #6134, 1000.000000000000000 ) ;
#9250 = VERTEX_POINT ( 'NONE', #3104 ) ;
#9251 = FACE_OUTER_BOUND ( 'NONE', #7995, .T. ) ;
#9252 = EDGE_LOOP ( 'NONE', ( #1232, #6766, #204, #4091 ) ) ;
#9253 = DIRECTION ( 'NONE',  ( -1.000000000000000000, 0.000000000000000000, 0.000000000000000000 ) ) ;
#9254 = DIRECTION ( 'NONE',  ( 1.000000000000000000, 0.000000000000000000, 0.000000000000000000 ) ) ;
#9255 = CARTESIAN_POINT ( 'NONE',  ( -2.100000000000001865, 0.6664761515876249653, 0.1299999999999981726 ) ) ;
#9256 = CARTESIAN_POINT ( 'NONE',  ( 1.870000000000000329, 0.1999999999999999833, -2.500000000000000444 ) ) ;
#9257 = DIRECTION ( 'NONE',  ( -1.000000000000000000, 0.000000000000000000, 0.000000000000000000 ) ) ;
#9258 = CARTESIAN_POINT ( 'NONE',  ( 7.589415207398463196E-15, 0.05000000000000000278, 2.099999999999994316 ) ) ;
#9259 = VECTOR ( 'NONE', #4205, 1000.000000000000000 ) ;
#9260 = ORIENTED_EDGE ( 'NONE', *, *, #7818, .T. ) ;
#9261 = CARTESIAN_POINT ( 'NONE',  ( -0.3699999999999996625, 0.2000000000000000111, 2.100000000000000977 ) ) ;
#9262 = ORIENTED_EDGE ( 'NONE', *, *, #2931, .T. ) ;
#9263 = FACE_OUTER_BOUND ( 'NONE', #591, .T. ) ;
#9264 = SURFACE_STYLE_USAGE ( .BOTH. , #7693 ) ;
#9265 = ORIENTED_EDGE ( 'NONE', *, *, #6647, .T. ) ;
#9266 = EDGE_CURVE ( 'NONE', #6899, #6298, #1907, .T. ) ;
#9267 = DIRECTION ( 'NONE',  ( 0.000000000000000000, -1.000000000000000000, 0.000000000000000000 ) ) ;
#9268 = ORIENTED_EDGE ( 'NONE', *, *, #232, .F. ) ;
#9269 = FACE_OUTER_BOUND ( 'NONE', #8403, .T. ) ;
#9270 = VERTEX_POINT ( 'NONE', #6979 ) ;
#9271 = ADVANCED_FACE ( 'NONE', ( #2659 ), #6018, .F. ) ;
#9272 = VECTOR ( 'NONE', #2989, 1000.000000000000000 ) ;
#9273 = ORIENTED_EDGE ( 'NONE', *, *, #8442, .F. ) ;
#9274 = FACE_OUTER_BOUND ( 'NONE', #2645, .T. ) ;
#9275 = EDGE_LOOP ( 'NONE', ( #774, #4123, #2034, #9790 ) ) ;
#9276 = DIRECTION ( 'NONE',  ( 0.000000000000000000, 0.000000000000000000, -1.000000000000000000 ) ) ;
#9277 = FACE_OUTER_BOUND ( 'NONE', #1997, .T. ) ;
#9278 = ORIENTED_EDGE ( 'NONE', *, *, #2128, .F. ) ;
#9279 = EDGE_CURVE ( 'NONE', #9747, #7812, #5657, .T. ) ;
#9280 = DIRECTION ( 'NONE',  ( 0.000000000000000000, -1.000000000000000000, 0.000000000000000000 ) ) ;
#9281 = LINE ( 'NONE', #4156, #1689 ) ;
#9282 = ORIENTED_EDGE ( 'NONE', *, *, #8965, .T. ) ;
#9283 = ADVANCED_FACE ( 'NONE', ( #9852 ), #790, .F. ) ;
#9284 = VERTEX_POINT ( 'NONE', #2369 ) ;
#9285 = PLANE ( 'NONE',  #3721 ) ;
#9286 = ORIENTED_EDGE ( 'NONE', *, *, #3402, .F. ) ;
#9287 = DIRECTION ( 'NONE',  ( -0.000000000000000000, -1.000000000000000000, -0.000000000000000000 ) ) ;
#9288 = CARTESIAN_POINT ( 'NONE',  ( 0.000000000000000000, 0.2000000000000000111, 0.000000000000000000 ) ) ;
#9289 = CARTESIAN_POINT ( 'NONE',  ( 2.100000000000001865, 0.1999999999999999833, 0.3699999999999996625 ) ) ;
#9290 = EDGE_CURVE ( 'NONE', #3697, #7278, #3964, .T. ) ;
#9291 = CARTESIAN_POINT ( 'NONE',  ( -2.100000000000001865, 0.000000000000000000, 0.8699999999999996625 ) ) ;
#9292 = EDGE_CURVE ( 'NONE', #7963, #5699, #1062, .T. ) ;
#9293 = PLANE ( 'NONE',  #5801 ) ;
#9294 = VERTEX_POINT ( 'NONE', #4464 ) ;
#9295 = EDGE_LOOP ( 'NONE', ( #5082, #3070, #6174, #7099 ) ) ;
#9296 = PLANE ( 'NONE',  #3950 ) ;
#9297 = DIRECTION ( 'NONE',  ( -5.421010862427520198E-16, 0.000000000000000000, -1.000000000000000000 ) ) ;
#9298 = FACE_OUTER_BOUND ( 'NONE', #8125, .T. ) ;
#9299 = EDGE_CURVE ( 'NONE', #3131, #318, #8770, .T. ) ;
#9300 = EDGE_LOOP ( 'NONE', ( #9397, #725, #4810, #4338 ) ) ;
#9301 = CARTESIAN_POINT ( 'NONE',  ( 2.500000000000002220, 0.6664761515876249653, 1.129999999999998117 ) ) ;
#9302 = DIRECTION ( 'NONE',  ( -1.000000000000000000, 0.000000000000000000, 3.614007241618325499E-15 ) ) ;
#9303 = AXIS2_PLACEMENT_3D ( 'NONE', #6518, #363, #293 ) ;
#9304 = DIRECTION ( 'NONE',  ( 0.000000000000000000, -0.000000000000000000, 1.000000000000000000 ) ) ;
#9305 = LINE ( 'NONE', #166, #1603 ) ;
#9306 = ORIENTED_EDGE ( 'NONE', *, *, #7614, .T. ) ;
#9307 = VECTOR ( 'NONE', #8490, 1000.000000000000000 ) ;
#9308 = VERTEX_POINT ( 'NONE', #557 ) ;
#9309 = ADVANCED_FACE ( 'NONE', ( #7805 ), #4396, .F. ) ;
#9310 = LINE ( 'NONE', #1149, #6573 ) ;
#9311 = DIRECTION ( 'NONE',  ( -0.000000000000000000, -1.000000000000000000, -0.000000000000000000 ) ) ;
#9312 = VERTEX_POINT ( 'NONE', #3660 ) ;
#9313 = CARTESIAN_POINT ( 'NONE',  ( 1.870000000000000329, 0.1999999999999999833, -2.500000000000000444 ) ) ;
#9314 = CARTESIAN_POINT ( 'NONE',  ( 1.630000000000000338, 0.1999999999999999833, 2.100000000000000977 ) ) ;
#9315 = PLANE ( 'NONE',  #9184 ) ;
#9316 = LINE ( 'NONE', #9833, #402 ) ;
#9317 = DIRECTION ( 'NONE',  ( 0.000000000000000000, -0.000000000000000000, 1.000000000000000000 ) ) ;
#9318 = EDGE_CURVE ( 'NONE', #7196, #2252, #1322, .T. ) ;
#9319 = ORIENTED_EDGE ( 'NONE', *, *, #1836, .F. ) ;
#9320 = CARTESIAN_POINT ( 'NONE',  ( 0.3700000000000009948, 0.000000000000000000, 2.500000000000000444 ) ) ;
#9321 = LINE ( 'NONE', #1602, #8730 ) ;
#9322 = VERTEX_POINT ( 'NONE', #6792 ) ;
#9323 = ADVANCED_FACE ( 'NONE', ( #9251 ), #7544, .T. ) ;
#9324 = ORIENTED_EDGE ( 'NONE', *, *, #9986, .T. ) ;
#9325 = DIRECTION ( 'NONE',  ( -0.000000000000000000, -1.000000000000000000, -0.000000000000000000 ) ) ;
#9326 = EDGE_CURVE ( 'NONE', #6034, #8309, #3121, .T. ) ;
#9327 = CLOSED_SHELL ( 'NONE', ( #6361, #2999, #5371, #8833, #5547, #2865 ) ) ;
#9328 = VECTOR ( 'NONE', #8711, 1000.000000000000000 ) ;
#9329 = LINE ( 'NONE', #1685, #7318 ) ;
#9330 = EDGE_CURVE ( 'NONE', #349, #7987, #7348, .T. ) ;
#9331 = UNCERTAINTY_MEASURE_WITH_UNIT (LENGTH_MEASURE( 1.000000000000000082E-05 ), #7846, 'distance_accuracy_value', 'NONE');
#9332 = ORIENTED_EDGE ( 'NONE', *, *, #9005, .T. ) ;
#9333 = CARTESIAN_POINT ( 'NONE',  ( 2.500000000000002220, 0.1999999999999999833, -0.6300000000000003375 ) ) ;
#9334 = CARTESIAN_POINT ( 'NONE',  ( 2.100000000000001865, 0.1999999999999999833, 1.869999999999999662 ) ) ;
#9335 = ORIENTED_EDGE ( 'NONE', *, *, #8831, .T. ) ;
#9336 = DIRECTION ( 'NONE',  ( -0.000000000000000000, -0.000000000000000000, 1.000000000000000000 ) ) ;
#9337 = FILL_AREA_STYLE ('',( #147 ) ) ;
#9338 = LINE ( 'NONE', #6728, #8503 ) ;
#9339 = AXIS2_PLACEMENT_3D ( 'NONE', #4186, #6557, #7909 ) ;
#9340 = FACE_OUTER_BOUND ( 'NONE', #3468, .T. ) ;
#9341 = LINE ( 'NONE', #2833, #3213 ) ;
#9342 = ORIENTED_EDGE ( 'NONE', *, *, #3662, .T. ) ;
#9343 = VERTEX_POINT ( 'NONE', #2716 ) ;
#9344 = EDGE_CURVE ( 'NONE', #499, #6062, #6983, .T. ) ;
#9345 = DIRECTION ( 'NONE',  ( 0.000000000000000000, 0.000000000000000000, 1.000000000000000000 ) ) ;
#9346 = PLANE ( 'NONE',  #9619 ) ;
#9347 = VECTOR ( 'NONE', #1994, 1000.000000000000000 ) ;
#9348 = CARTESIAN_POINT ( 'NONE',  ( -2.100000000000001865, 0.000000000000000000, 0.3699999999999996625 ) ) ;
#9349 = DIRECTION ( 'NONE',  ( -1.000000000000000000, 0.000000000000000000, 0.000000000000000000 ) ) ;
#9350 = LINE ( 'NONE', #8754, #4901 ) ;
#9351 = VERTEX_POINT ( 'NONE', #1162 ) ;
#9352 = CARTESIAN_POINT ( 'NONE',  ( 0.000000000000000000, 0.9000000000000000222, 0.000000000000000000 ) ) ;
#9353 = LINE ( 'NONE', #4682, #6355 ) ;
#9354 = DIRECTION ( 'NONE',  ( -1.000000000000000000, 0.000000000000000000, 0.000000000000000000 ) ) ;
#9355 = ORIENTED_EDGE ( 'NONE', *, *, #145, .T. ) ;
#9356 = EDGE_CURVE ( 'NONE', #8234, #8623, #812, .T. ) ;
#9357 = VECTOR ( 'NONE', #3796, 1000.000000000000000 ) ;
#9358 = AXIS2_PLACEMENT_3D ( 'NONE', #4882, #8647, #4046 ) ;
#9359 = DIRECTION ( 'NONE',  ( 0.000000000000000000, -0.000000000000000000, 1.000000000000000000 ) ) ;
#9360 = AXIS2_PLACEMENT_3D ( 'NONE', #3428, #5010, #4978 ) ;
#9361 = DIRECTION ( 'NONE',  ( 0.000000000000000000, -1.000000000000000000, 0.000000000000000000 ) ) ;
#9362 = VECTOR ( 'NONE', #5868, 1000.000000000000000 ) ;
#9363 = ORIENTED_EDGE ( 'NONE', *, *, #9956, .F. ) ;
#9364 = VECTOR ( 'NONE', #6055, 1000.000000000000000 ) ;
#9365 = ADVANCED_FACE ( 'NONE', ( #4930 ), #8981, .F. ) ;
#9366 = ORIENTED_EDGE ( 'NONE', *, *, #9979, .T. ) ;
#9367 = ORIENTED_EDGE ( 'NONE', *, *, #2468, .F. ) ;
#9368 = DIRECTION ( 'NONE',  ( 0.000000000000000000, 0.000000000000000000, -1.000000000000000000 ) ) ;
#9369 = VECTOR ( 'NONE', #5134, 1000.000000000000000 ) ;
#9370 = CARTESIAN_POINT ( 'NONE',  ( -1.870000000000000107, 0.04999999999999999584, -2.100000000000000089 ) ) ;
#9371 = CARTESIAN_POINT ( 'NONE',  ( -2.100000000000001865, 0.6664761515876249653, 1.129999999999998117 ) ) ;
#9372 = LINE ( 'NONE', #9333, #8057 ) ;
#9373 = ORIENTED_EDGE ( 'NONE', *, *, #8126, .T. ) ;
#9374 = LINE ( 'NONE', #5627, #2787 ) ;
#9375 = DIRECTION ( 'NONE',  ( 0.000000000000000000, 0.000000000000000000, -1.000000000000000000 ) ) ;
#9376 = EDGE_LOOP ( 'NONE', ( #2368, #1534, #5662, #2813 ) ) ;
#9377 = MECHANICAL_DESIGN_GEOMETRIC_PRESENTATION_REPRESENTATION (  '', ( #5279 ), #9898 ) ;
#9378 = ADVANCED_FACE ( 'NONE', ( #1787 ), #3638, .F. ) ;
#9379 = EDGE_CURVE ( 'NONE', #3453, #1329, #2903, .T. ) ;
#9380 = FACE_OUTER_BOUND ( 'NONE', #4360, .T. ) ;
#9381 = ORIENTED_EDGE ( 'NONE', *, *, #4582, .F. ) ;
#9382 = LINE ( 'NONE', #2226, #5323 ) ;
#9383 = ORIENTED_EDGE ( 'NONE', *, *, #8114, .F. ) ;
#9384 = FACE_OUTER_BOUND ( 'NONE', #6705, .T. ) ;
#9385 = CARTESIAN_POINT ( 'NONE',  ( 1.629999999999999893, 0.6664761515876257425, -2.500000000000000444 ) ) ;
#9386 = CARTESIAN_POINT ( 'NONE',  ( -0.3700000000000001066, 0.1999999999999999833, -2.100000000000000089 ) ) ;
#9387 = VERTEX_POINT ( 'NONE', #7403 ) ;
#9388 = DIRECTION ( 'NONE',  ( 0.000000000000000000, -1.000000000000000000, 0.000000000000000000 ) ) ;
#9389 = DIRECTION ( 'NONE',  ( -1.000000000000000000, 0.000000000000000000, 2.710505431213760691E-15 ) ) ;
#9390 = DIRECTION ( 'NONE',  ( 1.000000000000000000, -0.000000000000000000, 0.000000000000000000 ) ) ;
#9391 = VECTOR ( 'NONE', #1677, 1000.000000000000000 ) ;
#9392 = AXIS2_PLACEMENT_3D ( 'NONE', #4191, #9558, #8689 ) ;
#9393 = EDGE_LOOP ( 'NONE', ( #3684, #3578, #3090, #6354 ) ) ;
#9394 = ORIENTED_EDGE ( 'NONE', *, *, #3829, .F. ) ;
#9395 = VECTOR ( 'NONE', #9398, 1000.000000000000000 ) ;
#9396 = EDGE_CURVE ( 'NONE', #4715, #2977, #8530, .T. ) ;
#9397 = ORIENTED_EDGE ( 'NONE', *, *, #3241, .T. ) ;
#9398 = DIRECTION ( 'NONE',  ( 1.000000000000000000, -0.000000000000000000, -3.614007241618342065E-15 ) ) ;
#9399 = LINE ( 'NONE', #6745, #3771 ) ;
#9400 = VERTEX_POINT ( 'NONE', #2109 ) ;
#9401 = AXIS2_PLACEMENT_3D ( 'NONE', #6530, #6602, #8911 ) ;
#9402 = VECTOR ( 'NONE', #9784, 1000.000000000000000 ) ;
#9403 = ORIENTED_EDGE ( 'NONE', *, *, #4398, .T. ) ;
#9404 = MANIFOLD_SOLID_BREP ( 'LPattern3[9]', #4155 ) ;
#9405 = DIRECTION ( 'NONE',  ( -0.000000000000000000, -1.000000000000000000, -0.000000000000000000 ) ) ;
#9406 = LINE ( 'NONE', #3372, #4971 ) ;
#9407 = EDGE_CURVE ( 'NONE', #5978, #1743, #7098, .T. ) ;
#9408 = VERTEX_POINT ( 'NONE', #5897 ) ;
#9409 = ORIENTED_EDGE ( 'NONE', *, *, #5000, .F. ) ;
#9410 = VECTOR ( 'NONE', #1386, 1000.000000000000000 ) ;
#9411 = ADVANCED_FACE ( 'NONE', ( #566 ), #1967, .T. ) ;
#9412 = AXIS2_PLACEMENT_3D ( 'NONE', #4318, #2848, #5359 ) ;
#9413 = CARTESIAN_POINT ( 'NONE',  ( 0.000000000000000000, 0.05000000000000000278, 1.129999999999998117 ) ) ;
#9414 = DIRECTION ( 'NONE',  ( -1.000000000000000000, 0.000000000000000000, 0.000000000000000000 ) ) ;
#9415 = CARTESIAN_POINT ( 'NONE',  ( -2.100000000000001865, 0.1999999999999999833, -1.870000000000001883 ) ) ;
#9416 = EDGE_LOOP ( 'NONE', ( #3906, #4947, #1696, #2824 ) ) ;
#9417 = EDGE_CURVE ( 'NONE', #3566, #5517, #6977, .T. ) ;
#9418 = ORIENTED_EDGE ( 'NONE', *, *, #6109, .T. ) ;
#9419 = AXIS2_PLACEMENT_3D ( 'NONE', #4207, #2353, #178 ) ;
#9420 = EDGE_LOOP ( 'NONE', ( #7185, #9884, #7147, #9641 ) ) ;
#9421 = CARTESIAN_POINT ( 'NONE',  ( 0.8700000000000018829, 0.1999999999999999833, 2.100000000000000089 ) ) ;
#9422 = LINE ( 'NONE', #8187, #5360 ) ;
#9424 = ADVANCED_FACE ( 'NONE', ( #2394 ), #9671, .T. ) ;
#9423 = EDGE_LOOP ( 'NONE', ( #2843, #9363, #2168, #7829 ) ) ;
#9425 =( LENGTH_UNIT ( ) NAMED_UNIT ( * ) SI_UNIT ( .MILLI., .METRE. ) );
#9426 = ORIENTED_EDGE ( 'NONE', *, *, #1317, .F. ) ;
#9427 = LINE ( 'NONE', #5286, #156 ) ;
#9428 = CARTESIAN_POINT ( 'NONE',  ( 2.500000000000002220, 0.000000000000000000, 0.3699999999999996625 ) ) ;
#9429 = AXIS2_PLACEMENT_3D ( 'NONE', #1421, #9856, #630 ) ;
#9430 = ORIENTED_EDGE ( 'NONE', *, *, #4772, .F. ) ;
#9431 = EDGE_CURVE ( 'NONE', #7434, #1348, #6364, .T. ) ;
#9432 = DIRECTION ( 'NONE',  ( 0.000000000000000000, -1.000000000000000000, 0.000000000000000000 ) ) ;
#9433 = DIRECTION ( 'NONE',  ( -0.000000000000000000, -1.000000000000000000, -0.000000000000000000 ) ) ;
#9434 = CARTESIAN_POINT ( 'NONE',  ( 0.1300000000000003375, 0.1999999999999999833, 2.100000000000000977 ) ) ;
#9435 = FACE_OUTER_BOUND ( 'NONE', #6097, .T. ) ;
#9436 = VERTEX_POINT ( 'NONE', #9013 ) ;
#9437 = ORIENTED_EDGE ( 'NONE', *, *, #2278, .F. ) ;
#9438 = ORIENTED_EDGE ( 'NONE', *, *, #1715, .F. ) ;
#9439 = CARTESIAN_POINT ( 'NONE',  ( -2.500000000000002220, 0.000000000000000000, -0.1300000000000003375 ) ) ;
#9441 = LINE ( 'NONE', #1, #1869 ) ;
#9440 = PRESENTATION_LAYER_ASSIGNMENT (  '', '', ( #7539 ) ) ;
#9442 = DIRECTION ( 'NONE',  ( 1.000000000000000000, 0.000000000000000000, -0.000000000000000000 ) ) ;
#9443 = LINE ( 'NONE', #8701, #9705 ) ;
#9444 = ORIENTED_EDGE ( 'NONE', *, *, #7442, .T. ) ;
#9445 = EDGE_CURVE ( 'NONE', #2707, #5100, #2777, .T. ) ;
#9446 = CARTESIAN_POINT ( 'NONE',  ( -1.869999999999999662, 0.2000000000000000111, 2.100000000000000977 ) ) ;
#9447 = DIRECTION ( 'NONE',  ( 0.000000000000000000, -1.000000000000000000, 0.000000000000000000 ) ) ;
#9448 = PLANE ( 'NONE',  #6064 ) ;
#9449 = ORIENTED_EDGE ( 'NONE', *, *, #911, .T. ) ;
#9450 = AXIS2_PLACEMENT_3D ( 'NONE', #6791, #2949, #3522 ) ;
#9451 = LINE ( 'NONE', #6029, #423 ) ;
#9452 = VECTOR ( 'NONE', #822, 1000.000000000000000 ) ;
#9453 = UNCERTAINTY_MEASURE_WITH_UNIT (LENGTH_MEASURE( 1.000000000000000082E-05 ), #9727, 'distance_accuracy_value', 'NONE');
#9454 = LINE ( 'NONE', #8865, #6128 ) ;
#9455 = ORIENTED_EDGE ( 'NONE', *, *, #1695, .F. ) ;
#9456 = EDGE_CURVE ( 'NONE', #3396, #9913, #2517, .T. ) ;
#9457 = DIRECTION ( 'NONE',  ( -2.168404344971008079E-15, 0.000000000000000000, 1.000000000000000000 ) ) ;
#9458 = ORIENTED_EDGE ( 'NONE', *, *, #5562, .T. ) ;
#9459 = ADVANCED_FACE ( 'NONE', ( #9146 ), #405, .F. ) ;
#9460 = EDGE_CURVE ( 'NONE', #4618, #273, #316, .T. ) ;
#9461 = VECTOR ( 'NONE', #8109, 1000.000000000000000 ) ;
#9462 = CARTESIAN_POINT ( 'NONE',  ( 2.100000000000001865, 0.6664761515876249653, -1.630000000000000338 ) ) ;
#9463 = CARTESIAN_POINT ( 'NONE',  ( -2.500000000000002220, 0.04999999999999969746, 0.6299999999999982281 ) ) ;
#9464 = DIRECTION ( 'NONE',  ( 1.000000000000000000, 0.000000000000000000, -0.000000000000000000 ) ) ;
#9465 = DIRECTION ( 'NONE',  ( -0.000000000000000000, -1.000000000000000000, -0.000000000000000000 ) ) ;
#9466 = LINE ( 'NONE', #8189, #5397 ) ;
#9467 = ORIENTED_EDGE ( 'NONE', *, *, #625, .T. ) ;
#9468 = LINE ( 'NONE', #7124, #7339 ) ;
#9469 = VERTEX_POINT ( 'NONE', #7652 ) ;
#9470 = DIRECTION ( 'NONE',  ( -1.000000000000000000, 0.000000000000000000, 0.000000000000000000 ) ) ;
#9471 = DIRECTION ( 'NONE',  ( 1.000000000000000000, -0.000000000000000000, 0.000000000000000000 ) ) ;
#9472 = CARTESIAN_POINT ( 'NONE',  ( 1.130000000000000338, 0.000000000000000000, 2.100000000000000977 ) ) ;
#9473 = AXIS2_PLACEMENT_3D ( 'NONE', #1543, #9280, #41 ) ;
#9474 = VECTOR ( 'NONE', #7576, 1000.000000000000000 ) ;
#9475 = ADVANCED_FACE ( 'NONE', ( #2153 ), #4303, .F. ) ;
#9476 = EDGE_CURVE ( 'NONE', #9736, #3120, #201, .T. ) ;
#9477 = VECTOR ( 'NONE', #5679, 1000.000000000000000 ) ;
#9478 = ORIENTED_EDGE ( 'NONE', *, *, #8298, .F. ) ;
#9479 = VECTOR ( 'NONE', #800, 1000.000000000000000 ) ;
#9480 = ORIENTED_EDGE ( 'NONE', *, *, #4398, .F. ) ;
#9481 = CARTESIAN_POINT ( 'NONE',  ( -0.1299999999999986167, 0.1999999999999999833, -2.100000000000000089 ) ) ;
#9482 = PLANE ( 'NONE',  #3313 ) ;
#9483 = CARTESIAN_POINT ( 'NONE',  ( 0.8700000000000014388, 0.1999999999999999833, -2.100000000000000089 ) ) ;
#9484 = DIRECTION ( 'NONE',  ( 1.000000000000000000, -0.000000000000000000, 0.000000000000000000 ) ) ;
#9485 = CARTESIAN_POINT ( 'NONE',  ( 0.3700000000000009948, 0.1999999999999999833, 2.500000000000000444 ) ) ;
#9486 = DIRECTION ( 'NONE',  ( 0.000000000000000000, 0.000000000000000000, 1.000000000000000000 ) ) ;
#9487 = DIRECTION ( 'NONE',  ( 0.000000000000000000, 1.000000000000000000, 0.000000000000000000 ) ) ;
#9488 = VECTOR ( 'NONE', #2905, 1000.000000000000000 ) ;
#9489 = EDGE_LOOP ( 'NONE', ( #3592, #1399, #2536, #6113 ) ) ;
#9490 = DIRECTION ( 'NONE',  ( 0.000000000000000000, 0.000000000000000000, -1.000000000000000000 ) ) ;
#9491 = FACE_OUTER_BOUND ( 'NONE', #924, .T. ) ;
#9492 = ORIENTED_EDGE ( 'NONE', *, *, #65, .F. ) ;
#9493 = EDGE_CURVE ( 'NONE', #6802, #5467, #9735, .T. ) ;
#9494 = AXIS2_PLACEMENT_3D ( 'NONE', #6069, #6834, #7592 ) ;
#9495 = DIRECTION ( 'NONE',  ( 0.000000000000000000, 1.000000000000000000, 0.000000000000000000 ) ) ;
#9496 = LINE ( 'NONE', #324, #1913 ) ;
#9497 = ORIENTED_EDGE ( 'NONE', *, *, #8170, .T. ) ;
#9498 = LINE ( 'NONE', #2363, #3511 ) ;
#9499 = VERTEX_POINT ( 'NONE', #571 ) ;
#9500 = FACE_OUTER_BOUND ( 'NONE', #8921, .T. ) ;
#9501 = ORIENTED_EDGE ( 'NONE', *, *, #6499, .T. ) ;
#9502 = SURFACE_SIDE_STYLE ('',( #4367 ) ) ;
#9503 = DIRECTION ( 'NONE',  ( 5.421010862427520198E-16, 0.000000000000000000, 1.000000000000000000 ) ) ;
#9504 = DIRECTION ( 'NONE',  ( -2.710505431213760296E-15, 0.000000000000000000, -1.000000000000000000 ) ) ;
#9505 = ORIENTED_EDGE ( 'NONE', *, *, #2655, .F. ) ;
#9506 = LINE ( 'NONE', #2463, #5319 ) ;
#9507 = CARTESIAN_POINT ( 'NONE',  ( 2.499999999999998668, 0.8999999999999998002, -2.500000000000000444 ) ) ;
#9508 = EDGE_LOOP ( 'NONE', ( #1871, #7497, #7636, #6823 ) ) ;
#9509 = DIRECTION ( 'NONE',  ( -1.000000000000000000, 0.000000000000000000, 0.000000000000000000 ) ) ;
#9510 = ORIENTED_EDGE ( 'NONE', *, *, #7359, .F. ) ;
#9511 = LINE ( 'NONE', #949, #6178 ) ;
#9512 = CLOSED_SHELL ( 'NONE', ( #5461, #4457, #3857, #2741, #8414, #8708 ) ) ;
#9513 = EDGE_CURVE ( 'NONE', #4715, #4249, #4570, .T. ) ;
#9515 = ADVANCED_FACE ( 'NONE', ( #4453 ), #9110, .F. ) ;
#9514 = VECTOR ( 'NONE', #9236, 1000.000000000000000 ) ;
#9516 = ORIENTED_EDGE ( 'NONE', *, *, #7681, .T. ) ;
#9517 = CARTESIAN_POINT ( 'NONE',  ( -1.870000000000000773, 0.05000000000000000278, 1.013729031273946646E-15 ) ) ;
#9518 = CARTESIAN_POINT ( 'NONE',  ( 1.800000000000000044, 5.291168824543142968, 1.799999999999999822 ) ) ;
#9519 = PLANE ( 'NONE',  #2963 ) ;
#9520 = ORIENTED_EDGE ( 'NONE', *, *, #85, .F. ) ;
#9521 = CARTESIAN_POINT ( 'NONE',  ( 2.100000000000001865, 0.6664761515876249653, -1.370000000000001883 ) ) ;
#9522 = CARTESIAN_POINT ( 'NONE',  ( -2.100000000000001865, 0.1999999999999999833, 0.1299999999999981726 ) ) ;
#9523 = DIRECTION ( 'NONE',  ( 1.000000000000000000, -0.000000000000000000, 0.000000000000000000 ) ) ;
#9524 =( LENGTH_UNIT ( ) NAMED_UNIT ( * ) SI_UNIT ( .MILLI., .METRE. ) );
#9525 = CARTESIAN_POINT ( 'NONE',  ( -2.500000000000002220, 0.6664761515876249653, 0.3699999999999996625 ) ) ;
#9526 =( NAMED_UNIT ( * ) PLANE_ANGLE_UNIT ( ) SI_UNIT ( $, .RADIAN. ) );
#9527 = FACE_OUTER_BOUND ( 'NONE', #2602, .T. ) ;
#9528 = ORIENTED_EDGE ( 'NONE', *, *, #2586, .F. ) ;
#9529 = EDGE_CURVE ( 'NONE', #7040, #8560, #4201, .T. ) ;
#9530 = ADVANCED_FACE ( 'NONE', ( #3009 ), #9199, .T. ) ;
#9531 = CARTESIAN_POINT ( 'NONE',  ( 2.168404344971008868E-16, 0.05000000000000000278, -1.800000000000000044 ) ) ;
#9532 = DIRECTION ( 'NONE',  ( -1.000000000000000000, 0.000000000000000000, 0.000000000000000000 ) ) ;
#9533 = CARTESIAN_POINT ( 'NONE',  ( -0.1299999999999990330, 0.000000000000000000, 2.500000000000000444 ) ) ;
#9534 = ORIENTED_EDGE ( 'NONE', *, *, #795, .T. ) ;
#9535 = PRESENTATION_LAYER_ASSIGNMENT (  '', '', ( #9048 ) ) ;
#9536 = EDGE_LOOP ( 'NONE', ( #7153, #7885, #6200, #5315 ) ) ;
#9537 = CARTESIAN_POINT ( 'NONE',  ( 1.800000000000000044, 0.1999999999999996503, -1.799999999999999822 ) ) ;
#9538 = CARTESIAN_POINT ( 'NONE',  ( 0.000000000000000000, 0.2000000000000000111, 0.000000000000000000 ) ) ;
#9539 = DIRECTION ( 'NONE',  ( -1.000000000000000000, 0.000000000000000000, 0.000000000000000000 ) ) ;
#9540 = EDGE_CURVE ( 'NONE', #3547, #3714, #1188, .T. ) ;
#9541 = CARTESIAN_POINT ( 'NONE',  ( 0.6300000000000003375, 0.2000000000000000111, 2.100000000000000977 ) ) ;
#9542 = LINE ( 'NONE', #1744, #8233 ) ;
#9543 = DIRECTION ( 'NONE',  ( -2.168404344971008079E-15, 0.000000000000000000, 1.000000000000000000 ) ) ;
#9544 = VERTEX_POINT ( 'NONE', #6773 ) ;
#9545 = PLANE ( 'NONE',  #9559 ) ;
#9546 = CARTESIAN_POINT ( 'NONE',  ( 2.100000000000001865, 0.6664761515876249653, 1.369999999999999662 ) ) ;
#9547 = VECTOR ( 'NONE', #3157, 1000.000000000000000 ) ;
#9548 = ORIENTED_EDGE ( 'NONE', *, *, #5035, .T. ) ;
#9549 = CARTESIAN_POINT ( 'NONE',  ( -2.100000000000001865, 0.6664761515876249653, 0.8699999999999996625 ) ) ;
#9550 = DIRECTION ( 'NONE',  ( 0.000000000000000000, 0.000000000000000000, -1.000000000000000000 ) ) ;
#9551 = DIRECTION ( 'NONE',  ( 0.000000000000000000, 1.000000000000000000, 0.000000000000000000 ) ) ;
#9552 = DIRECTION ( 'NONE',  ( 1.000000000000000000, -0.000000000000000000, 0.000000000000000000 ) ) ;
#9553 = EDGE_CURVE ( 'NONE', #1990, #2330, #6255, .T. ) ;
#9554 = SURFACE_STYLE_USAGE ( .BOTH. , #3416 ) ;
#9555 =( NAMED_UNIT ( * ) SI_UNIT ( $, .STERADIAN. ) SOLID_ANGLE_UNIT ( ) );
#9556 = ORIENTED_EDGE ( 'NONE', *, *, #7916, .T. ) ;
#9557 = DIRECTION ( 'NONE',  ( 0.000000000000000000, 0.000000000000000000, -1.000000000000000000 ) ) ;
#9558 = DIRECTION ( 'NONE',  ( -3.614007241618342065E-15, 0.000000000000000000, -1.000000000000000000 ) ) ;
#9559 = AXIS2_PLACEMENT_3D ( 'NONE', #6470, #4074, #1841 ) ;
#9560 = VECTOR ( 'NONE', #3892, 1000.000000000000000 ) ;
#9561 = ORIENTED_EDGE ( 'NONE', *, *, #4147, .T. ) ;
#9562 = LINE ( 'NONE', #8952, #1388 ) ;
#9563 = DIRECTION ( 'NONE',  ( 1.000000000000000000, 0.000000000000000000, 0.000000000000000000 ) ) ;
#9564 = ORIENTED_EDGE ( 'NONE', *, *, #752, .F. ) ;
#9565 = CARTESIAN_POINT ( 'NONE',  ( 2.100000000000001865, 0.6664761515876249653, -1.630000000000000338 ) ) ;
#9566 = VERTEX_POINT ( 'NONE', #2182 ) ;
#9567 = CARTESIAN_POINT ( 'NONE',  ( -0.3699999999999994404, 0.2000000000000000111, 2.500000000000001332 ) ) ;
#9568 = AXIS2_PLACEMENT_3D ( 'NONE', #2347, #3207, #7026 ) ;
#9569 = EDGE_LOOP ( 'NONE', ( #3138, #4322, #1564, #8194 ) ) ;
#9570 = PLANE ( 'NONE',  #1844 ) ;
#9571 = CARTESIAN_POINT ( 'NONE',  ( 0.3700000000000013833, 0.000000000000000000, -2.100000000000000089 ) ) ;
#9572 = EDGE_CURVE ( 'NONE', #975, #2298, #803, .T. ) ;
#9573 = DIRECTION ( 'NONE',  ( 1.000000000000000000, -0.000000000000000000, 0.000000000000000000 ) ) ;
#9574 = DIRECTION ( 'NONE',  ( -5.421010862427520198E-16, 0.000000000000000000, -1.000000000000000000 ) ) ;
#9575 = LINE ( 'NONE', #6336, #3933 ) ;
#9576 = LINE ( 'NONE', #8580, #2249 ) ;
#9577 = ADVANCED_FACE ( 'NONE', ( #8905 ), #3057, .F. ) ;
#9578 = VECTOR ( 'NONE', #4642, 1000.000000000000000 ) ;
#9579 = ORIENTED_EDGE ( 'NONE', *, *, #9460, .T. ) ;
#9580 = ORIENTED_EDGE ( 'NONE', *, *, #9529, .F. ) ;
#9581 = CARTESIAN_POINT ( 'NONE',  ( 2.100000000000001865, 0.6664761515876249653, -0.1300000000000003375 ) ) ;
#9582 = AXIS2_PLACEMENT_3D ( 'NONE', #5983, #2333, #3043 ) ;
#9583 = DIRECTION ( 'NONE',  ( -0.000000000000000000, -1.000000000000000000, -0.000000000000000000 ) ) ;
#9584 = CARTESIAN_POINT ( 'NONE',  ( 2.000000000000000000, 0.2000000000000000111, 0.000000000000000000 ) ) ;
#9585 = VECTOR ( 'NONE', #7572, 1000.000000000000000 ) ;
#9586 = CARTESIAN_POINT ( 'NONE',  ( -2.100000000000001865, 0.1999999999999999833, -1.130000000000000338 ) ) ;
#9587 = DIRECTION ( 'NONE',  ( -0.000000000000000000, -1.000000000000000000, -0.000000000000000000 ) ) ;
#9588 = COLOUR_RGB ( '',0.7921568627450980005, 0.8196078431372548767, 0.9333333333333333481 ) ;
#9589 = EDGE_CURVE ( 'NONE', #8077, #6485, #7920, .T. ) ;
#9590 = CARTESIAN_POINT ( 'NONE',  ( -0.3700000000000001066, 0.000000000000000000, -2.100000000000000089 ) ) ;
#9591 = CARTESIAN_POINT ( 'NONE',  ( 2.500000000000002220, 0.1999999999999999833, 0.8699999999999996625 ) ) ;
#9592 = VECTOR ( 'NONE', #5172, 1000.000000000000000 ) ;
#9593 = ORIENTED_EDGE ( 'NONE', *, *, #353, .T. ) ;
#9594 = CARTESIAN_POINT ( 'NONE',  ( -2.100000000000001865, 0.05000000000000002359, -1.130000000000000338 ) ) ;
#9595 = LINE ( 'NONE', #498, #5284 ) ;
#9596 = ORIENTED_EDGE ( 'NONE', *, *, #3880, .F. ) ;
#9597 = SURFACE_STYLE_FILL_AREA ( #8790 ) ;
#9598 = LINE ( 'NONE', #963, #8752 ) ;
#9599 = ORIENTED_EDGE ( 'NONE', *, *, #2576, .F. ) ;
#9600 = VECTOR ( 'NONE', #2649, 1000.000000000000000 ) ;
#9601 = VERTEX_POINT ( 'NONE', #3735 ) ;
#9602 = EDGE_CURVE ( 'NONE', #3714, #3646, #9966, .T. ) ;
#9603 = CARTESIAN_POINT ( 'NONE',  ( -0.6299999999999982281, 0.2000000000000000111, 2.100000000000000089 ) ) ;
#9604 = DIRECTION ( 'NONE',  ( 0.000000000000000000, 1.000000000000000000, 0.000000000000000000 ) ) ;
#9605 = LINE ( 'NONE', #6111, #7914 ) ;
#9606 = DIRECTION ( 'NONE',  ( 1.000000000000000000, 0.000000000000000000, 0.000000000000000000 ) ) ;
#9607 = DIRECTION ( 'NONE',  ( 0.000000000000000000, -0.000000000000000000, -1.000000000000000000 ) ) ;
#9608 = VECTOR ( 'NONE', #4929, 1000.000000000000000 ) ;
#9609 = ORIENTED_EDGE ( 'NONE', *, *, #8138, .F. ) ;
#9610 = VECTOR ( 'NONE', #4341, 1000.000000000000000 ) ;
#9611 = CARTESIAN_POINT ( 'NONE',  ( -2.500000000000002220, 0.6664761515876249653, 0.3699999999999996625 ) ) ;
#9612 = DIRECTION ( 'NONE',  ( 1.000000000000000000, 0.000000000000000000, -5.421010862427520198E-16 ) ) ;
#9613 = DIRECTION ( 'NONE',  ( -0.000000000000000000, -1.000000000000000000, -0.000000000000000000 ) ) ;
#9614 = ORIENTED_EDGE ( 'NONE', *, *, #8463, .T. ) ;
#9615 = ORIENTED_EDGE ( 'NONE', *, *, #3680, .T. ) ;
#9616 = EDGE_CURVE ( 'NONE', #555, #6318, #2893, .T. ) ;
#9617 = VECTOR ( 'NONE', #4028, 1000.000000000000000 ) ;
#9618 = DIRECTION ( 'NONE',  ( -0.000000000000000000, -1.000000000000000000, -0.000000000000000000 ) ) ;
#9619 = AXIS2_PLACEMENT_3D ( 'NONE', #6927, #742, #2406 ) ;
#9620 = LINE ( 'NONE', #6712, #208 ) ;
#9621 = ORIENTED_EDGE ( 'NONE', *, *, #2931, .F. ) ;
#9622 = VECTOR ( 'NONE', #1953, 1000.000000000000000 ) ;
#9623 = CARTESIAN_POINT ( 'NONE',  ( -1.129999999999993676, 0.05000000000000000278, -2.450296909817225032E-15 ) ) ;
#9624 = CARTESIAN_POINT ( 'NONE',  ( 1.870000000000000329, 0.2000000000000000111, -2.500000000000000444 ) ) ;
#9625 = ORIENTED_EDGE ( 'NONE', *, *, #8482, .T. ) ;
#9626 = CARTESIAN_POINT ( 'NONE',  ( 1.370000000000006990, 0.05000000000000000278, -3.713392440762870830E-15 ) ) ;
#9627 = CARTESIAN_POINT ( 'NONE',  ( 2.100000000000001865, 0.1999999999999999833, 1.629999999999998117 ) ) ;
#9628 = DIRECTION ( 'NONE',  ( 1.000000000000000000, -0.000000000000000000, -3.614007241618342065E-15 ) ) ;
#9629 = LINE ( 'NONE', #2061, #3025 ) ;
#9630 = AXIS2_PLACEMENT_3D ( 'NONE', #7877, #7189, #123 ) ;
#9631 = VERTEX_POINT ( 'NONE', #9805 ) ;
#9632 = LINE ( 'NONE', #8436, #5548 ) ;
#9633 = EDGE_CURVE ( 'NONE', #8115, #7005, #931, .T. ) ;
#9634 = ORIENTED_EDGE ( 'NONE', *, *, #9802, .T. ) ;
#9635 = LINE ( 'NONE', #9929, #9756 ) ;
#9636 = ADVANCED_FACE ( 'NONE', ( #8641 ), #8354, .F. ) ;
#9637 = ORIENTED_EDGE ( 'NONE', *, *, #4388, .T. ) ;
#9638 = CARTESIAN_POINT ( 'NONE',  ( -1.800000000000000044, 0.1999999999999996503, -1.800000000000000266 ) ) ;
#9639 = EDGE_CURVE ( 'NONE', #7134, #5726, #6868, .T. ) ;
#9640 = LINE ( 'NONE', #8712, #9168 ) ;
#9641 = ORIENTED_EDGE ( 'NONE', *, *, #3680, .F. ) ;
#9642 = FACE_OUTER_BOUND ( 'NONE', #1610, .T. ) ;
#9643 = CARTESIAN_POINT ( 'NONE',  ( -2.100000000000001865, 0.000000000000000000, -1.130000000000000338 ) ) ;
#9644 = ORIENTED_EDGE ( 'NONE', *, *, #2133, .T. ) ;
#9645 = DIRECTION ( 'NONE',  ( 0.000000000000000000, 0.000000000000000000, -1.000000000000000000 ) ) ;
#9646 = CARTESIAN_POINT ( 'NONE',  ( 2.100000000000001865, 0.1999999999999999833, -1.630000000000000338 ) ) ;
#9647 = CARTESIAN_POINT ( 'NONE',  ( 1.370000000000001439, 0.6664761515876257425, -2.100000000000000089 ) ) ;
#9648 = LINE ( 'NONE', #3960, #5338 ) ;
#9649 = VERTEX_POINT ( 'NONE', #7684 ) ;
#9650 = UNCERTAINTY_MEASURE_WITH_UNIT (LENGTH_MEASURE( 1.000000000000000082E-05 ), #9425, 'distance_accuracy_value', 'NONE');
#9651 = LINE ( 'NONE', #1409, #2323 ) ;
#9652 = ORIENTED_EDGE ( 'NONE', *, *, #4546, .T. ) ;
#9653 = EDGE_CURVE ( 'NONE', #5663, #6513, #5909, .T. ) ;
#9654 = ORIENTED_EDGE ( 'NONE', *, *, #2815, .T. ) ;
#9655 = PLANE ( 'NONE',  #4022 ) ;
#9656 = LINE ( 'NONE', #6940, #7615 ) ;
#9657 = DIRECTION ( 'NONE',  ( -2.168404344971008079E-15, 0.000000000000000000, 1.000000000000000000 ) ) ;
#9658 = CARTESIAN_POINT ( 'NONE',  ( 0.1300000000000003375, 0.2000000000000000111, 2.100000000000000977 ) ) ;
#9659 = ORIENTED_EDGE ( 'NONE', *, *, #3371, .F. ) ;
#9660 = CARTESIAN_POINT ( 'NONE',  ( 1.629999999999999893, 0.2000000000000000111, -2.100000000000000089 ) ) ;
#9661 = ORIENTED_EDGE ( 'NONE', *, *, #2096, .F. ) ;
#9662 = PLANE ( 'NONE',  #3550 ) ;
#9663 = DIRECTION ( 'NONE',  ( 0.000000000000000000, 1.000000000000000000, 0.000000000000000000 ) ) ;
#9664 = DIRECTION ( 'NONE',  ( 8.673617379884035472E-17, -0.000000000000000000, 1.000000000000000000 ) ) ;
#9665 = CARTESIAN_POINT ( 'NONE',  ( -2.500000000000002220, 0.6664761515876249653, 1.129999999999998117 ) ) ;
#9666 = EDGE_CURVE ( 'NONE', #2090, #3612, #6632, .T. ) ;
#9667 = EDGE_CURVE ( 'NONE', #1505, #3697, #2643, .T. ) ;
#9668 = ORIENTED_EDGE ( 'NONE', *, *, #4805, .F. ) ;
#9669 = VERTEX_POINT ( 'NONE', #5441 ) ;
#9670 = CARTESIAN_POINT ( 'NONE',  ( 1.870000000000001883, 0.2000000000000000111, 2.100000000000000089 ) ) ;
#9671 = PLANE ( 'NONE',  #5775 ) ;
#9672 =( LENGTH_UNIT ( ) NAMED_UNIT ( * ) SI_UNIT ( .MILLI., .METRE. ) );
#9673 = ORIENTED_EDGE ( 'NONE', *, *, #7429, .F. ) ;
#9674 = DIRECTION ( 'NONE',  ( -0.000000000000000000, -1.000000000000000000, -0.000000000000000000 ) ) ;
#9675 = VECTOR ( 'NONE', #1292, 1000.000000000000000 ) ;
#9676 = AXIS2_PLACEMENT_3D ( 'NONE', #6184, #8502, #5456 ) ;
#9677 = VERTEX_POINT ( 'NONE', #6194 ) ;
#9678 = CARTESIAN_POINT ( 'NONE',  ( -0.6299999999999985612, 0.2000000000000000111, -2.100000000000000089 ) ) ;
#9679 = CARTESIAN_POINT ( 'NONE',  ( 0.3700000000000009948, 0.6664761515876257425, 2.500000000000000444 ) ) ;
#9680 = EDGE_CURVE ( 'NONE', #9817, #4247, #1540, .T. ) ;
#9681 = CARTESIAN_POINT ( 'NONE',  ( 0.5000000000000000000, 0.000000000000000000, 0.000000000000000000 ) ) ;
#9682 = DIRECTION ( 'NONE',  ( 0.000000000000000000, -0.000000000000000000, 1.000000000000000000 ) ) ;
#9683 = EDGE_CURVE ( 'NONE', #218, #2315, #3851, .T. ) ;
#9684 = DIRECTION ( 'NONE',  ( -1.000000000000000000, 0.000000000000000000, 0.000000000000000000 ) ) ;
#9685 = CARTESIAN_POINT ( 'NONE',  ( 1.370000000000000995, 0.000000000000000000, 2.500000000000000444 ) ) ;
#9686 = CARTESIAN_POINT ( 'NONE',  ( 2.100000000000001865, 0.000000000000000000, -1.630000000000000338 ) ) ;
#9687 = VECTOR ( 'NONE', #2238, 1000.000000000000000 ) ;
#9688 = ORIENTED_EDGE ( 'NONE', *, *, #3487, .F. ) ;
#9689 = LINE ( 'NONE', #7371, #7876 ) ;
#9690 = ADVANCED_FACE ( 'NONE', ( #1770 ), #1555, .F. ) ;
#9691 = VERTEX_POINT ( 'NONE', #2408 ) ;
#9692 =( NAMED_UNIT ( * ) SI_UNIT ( $, .STERADIAN. ) SOLID_ANGLE_UNIT ( ) );
#9693 = CARTESIAN_POINT ( 'NONE',  ( -2.500000000000002220, 0.1999999999999999833, -1.130000000000000338 ) ) ;
#9694 = ORIENTED_EDGE ( 'NONE', *, *, #2056, .T. ) ;
#9695 = EDGE_CURVE ( 'NONE', #273, #6848, #1310, .T. ) ;
#9696 =( LENGTH_UNIT ( ) NAMED_UNIT ( * ) SI_UNIT ( .MILLI., .METRE. ) );
#9697 = CARTESIAN_POINT ( 'NONE',  ( 2.500000000000002220, 0.6664761515876249653, 0.6299999999999982281 ) ) ;
#9698 = VERTEX_POINT ( 'NONE', #8550 ) ;
#9699 = DIRECTION ( 'NONE',  ( -1.000000000000000000, 0.000000000000000000, 0.000000000000000000 ) ) ;
#9700 = CARTESIAN_POINT ( 'NONE',  ( 0.6299999999999998934, 0.6664761515876257425, -2.100000000000000089 ) ) ;
#9702 = ADVANCED_FACE ( 'NONE', ( #7689 ), #5406, .F. ) ;
#9701 = ORIENTED_EDGE ( 'NONE', *, *, #2759, .F. ) ;
#9703 = FACE_OUTER_BOUND ( 'NONE', #5742, .T. ) ;
#9704 = VECTOR ( 'NONE', #6912, 1000.000000000000000 ) ;
#9705 = VECTOR ( 'NONE', #4804, 1000.000000000000000 ) ;
#9706 = ORIENTED_EDGE ( 'NONE', *, *, #3783, .T. ) ;
#9707 = CARTESIAN_POINT ( 'NONE',  ( -0.6299999999999982281, 0.6664761515876257425, 2.100000000000000089 ) ) ;
#9708 = ORIENTED_EDGE ( 'NONE', *, *, #1373, .T. ) ;
#9709 = DIRECTION ( 'NONE',  ( -2.168404344971008079E-15, 0.000000000000000000, 1.000000000000000000 ) ) ;
#9710 =( NAMED_UNIT ( * ) SI_UNIT ( $, .STERADIAN. ) SOLID_ANGLE_UNIT ( ) );
#9711 = FACE_OUTER_BOUND ( 'NONE', #8177, .T. ) ;
#9713 = VECTOR ( 'NONE', #7345, 1000.000000000000000 ) ;
#9712 = PRESENTATION_LAYER_ASSIGNMENT (  '', '', ( #7649 ) ) ;
#9714 = CARTESIAN_POINT ( 'NONE',  ( 2.100000000000001865, 0.6664761515876249653, 0.1299999999999981726 ) ) ;
#9715 = DIRECTION ( 'NONE',  ( 0.000000000000000000, 0.000000000000000000, -1.000000000000000000 ) ) ;
#9716 = VECTOR ( 'NONE', #8651, 1000.000000000000000 ) ;
#9717 = ORIENTED_EDGE ( 'NONE', *, *, #6744, .T. ) ;
#9718 = EDGE_CURVE ( 'NONE', #3787, #2957, #7220, .T. ) ;
#9719 = CLOSED_SHELL ( 'NONE', ( #7133, #1516, #6787, #9892, #9193, #6349 ) ) ;
#9720 = CARTESIAN_POINT ( 'NONE',  ( 2.100000000000001865, 0.1999999999999999833, 1.869999999999999662 ) ) ;
#9721 = LINE ( 'NONE', #2303, #789 ) ;
#9722 = VECTOR ( 'NONE', #5785, 1000.000000000000000 ) ;
#9723 = ORIENTED_EDGE ( 'NONE', *, *, #5751, .T. ) ;
#9724 = CARTESIAN_POINT ( 'NONE',  ( 2.100000000000001865, 0.6664761515876249653, 0.8699999999999996625 ) ) ;
#9725 = EDGE_LOOP ( 'NONE', ( #6813, #1040, #8366, #4994 ) ) ;
#9726 =( GEOMETRIC_REPRESENTATION_CONTEXT ( 3 ) GLOBAL_UNCERTAINTY_ASSIGNED_CONTEXT ( ( #4434 ) ) GLOBAL_UNIT_ASSIGNED_CONTEXT ( ( #1224, #1182, #2692 ) ) REPRESENTATION_CONTEXT ( 'NONE', 'WORKASPACE' ) );
#9727 =( LENGTH_UNIT ( ) NAMED_UNIT ( * ) SI_UNIT ( .MILLI., .METRE. ) );
#9728 = EDGE_CURVE ( 'NONE', #1348, #8221, #8760, .T. ) ;
#9729 =( NAMED_UNIT ( * ) PLANE_ANGLE_UNIT ( ) SI_UNIT ( $, .RADIAN. ) );
#9730 = VECTOR ( 'NONE', #6085, 1000.000000000000000 ) ;
#9732 = DIRECTION ( 'NONE',  ( 1.000000000000000000, 0.000000000000000000, 0.000000000000000000 ) ) ;
#9731 = DIRECTION ( 'NONE',  ( -0.000000000000000000, 0.000000000000000000, -1.000000000000000000 ) ) ;
#9733 = FACE_OUTER_BOUND ( 'NONE', #365, .T. ) ;
#9734 = ORIENTED_EDGE ( 'NONE', *, *, #4081, .F. ) ;
#9735 = LINE ( 'NONE', #6808, #4912 ) ;
#9736 = VERTEX_POINT ( 'NONE', #7751 ) ;
#9737 = ADVANCED_FACE ( 'NONE', ( #9843 ), #6159, .F. ) ;
#9738 = AXIS2_PLACEMENT_3D ( 'NONE', #2449, #3243, #8649 ) ;
#9739 = DIRECTION ( 'NONE',  ( -0.000000000000000000, -1.000000000000000000, -0.000000000000000000 ) ) ;
#9740 = VECTOR ( 'NONE', #3615, 1000.000000000000000 ) ;
#9741 = EDGE_CURVE ( 'NONE', #8906, #5991, #8892, .T. ) ;
#9742 = CARTESIAN_POINT ( 'NONE',  ( 1.130000000000000560, 0.1999999999999999833, 2.500000000000001332 ) ) ;
#9743 = ORIENTED_EDGE ( 'NONE', *, *, #9938, .T. ) ;
#9744 = CARTESIAN_POINT ( 'NONE',  ( 2.100000000000001865, 0.000000000000000000, 1.369999999999999662 ) ) ;
#9745 = FACE_OUTER_BOUND ( 'NONE', #9295, .T. ) ;
#9746 = EDGE_CURVE ( 'NONE', #1762, #169, #9353, .T. ) ;
#9747 = VERTEX_POINT ( 'NONE', #8481 ) ;
#9748 = CARTESIAN_POINT ( 'NONE',  ( -2.100000000000001865, 0.000000000000000000, -1.370000000000001883 ) ) ;
#9749 = CARTESIAN_POINT ( 'NONE',  ( 1.800000000000000044, 5.291168824543142968, -1.799999999999999822 ) ) ;
#9750 = ADVANCED_FACE ( 'NONE', ( #6146 ), #2377, .F. ) ;
#9751 = ORIENTED_EDGE ( 'NONE', *, *, #2237, .T. ) ;
#9752 = CARTESIAN_POINT ( 'NONE',  ( -2.100000000000001865, 0.1999999999999999833, 1.629999999999998117 ) ) ;
#9753 = CARTESIAN_POINT ( 'NONE',  ( 0.3700000000000009948, 0.2000000000000000111, 2.500000000000000444 ) ) ;
#9754 = AXIS2_PLACEMENT_3D ( 'NONE', #9901, #5353, #1364 ) ;
#9755 = EDGE_LOOP ( 'NONE', ( #1777, #7450, #7776, #6826 ) ) ;
#9756 = VECTOR ( 'NONE', #1429, 1000.000000000000000 ) ;
#9757 = VERTEX_POINT ( 'NONE', #55 ) ;
#9758 = EDGE_CURVE ( 'NONE', #9284, #2894, #8163, .T. ) ;
#9759 = ORIENTED_EDGE ( 'NONE', *, *, #4786, .F. ) ;
#9760 = MECHANICAL_DESIGN_GEOMETRIC_PRESENTATION_REPRESENTATION (  '', ( #7697 ), #4926 ) ;
#9761 = FACE_OUTER_BOUND ( 'NONE', #7713, .T. ) ;
#9762 = VERTEX_POINT ( 'NONE', #8683 ) ;
#9763 = DIRECTION ( 'NONE',  ( 0.000000000000000000, -1.000000000000000000, 0.000000000000000000 ) ) ;
#9764 = CARTESIAN_POINT ( 'NONE',  ( 2.100000000000001865, 0.000000000000000000, 0.6299999999999982281 ) ) ;
#9765 = VECTOR ( 'NONE', #3820, 1000.000000000000000 ) ;
#9766 = VERTEX_POINT ( 'NONE', #1741 ) ;
#9767 = DIRECTION ( 'NONE',  ( -2.168404344971008079E-15, 0.000000000000000000, 1.000000000000000000 ) ) ;
#9768 = PLANE ( 'NONE',  #1024 ) ;
#9769 = PLANE ( 'NONE',  #8408 ) ;
#9770 = ORIENTED_EDGE ( 'NONE', *, *, #2460, .T. ) ;
#9771 = VECTOR ( 'NONE', #3080, 1000.000000000000000 ) ;
#9772 = ORIENTED_EDGE ( 'NONE', *, *, #9130, .F. ) ;
#9773 = ORIENTED_EDGE ( 'NONE', *, *, #9821, .T. ) ;
#9774 = CARTESIAN_POINT ( 'NONE',  ( 2.499999999999998668, 0.05000000000000000278, -2.500000000000000444 ) ) ;
#9775 = CARTESIAN_POINT ( 'NONE',  ( 0.000000000000000000, 0.2000000000000000111, 0.000000000000000000 ) ) ;
#9776 = EDGE_CURVE ( 'NONE', #2894, #4954, #5518, .T. ) ;
#9777 = DIRECTION ( 'NONE',  ( 0.000000000000000000, 0.000000000000000000, -1.000000000000000000 ) ) ;
#9778 = VECTOR ( 'NONE', #8843, 1000.000000000000000 ) ;
#9779 = EDGE_LOOP ( 'NONE', ( #8332, #7391, #5200, #9940 ) ) ;
#9780 = UNCERTAINTY_MEASURE_WITH_UNIT (LENGTH_MEASURE( 1.000000000000000082E-05 ), #650, 'distance_accuracy_value', 'NONE');
#9781 = DIRECTION ( 'NONE',  ( -5.421010862427520198E-16, 0.000000000000000000, -1.000000000000000000 ) ) ;
#9782 = PLANE ( 'NONE',  #1138 ) ;
#9783 = DIRECTION ( 'NONE',  ( -3.614007241618342065E-15, 0.000000000000000000, -1.000000000000000000 ) ) ;
#9784 = DIRECTION ( 'NONE',  ( 0.000000000000000000, -1.000000000000000000, 0.000000000000000000 ) ) ;
#9785 = CARTESIAN_POINT ( 'NONE',  ( -0.3700000000000001066, 0.04999999999999999584, -2.100000000000000089 ) ) ;
#9786 = VECTOR ( 'NONE', #4672, 1000.000000000000000 ) ;
#9787 = AXIS2_PLACEMENT_3D ( 'NONE', #3285, #1717, #7985 ) ;
#9789 = ADVANCED_FACE ( 'NONE', ( #925 ), #5670, .F. ) ;
#9788 = ORIENTED_EDGE ( 'NONE', *, *, #9221, .T. ) ;
#9790 = ORIENTED_EDGE ( 'NONE', *, *, #685, .F. ) ;
#9791 = EDGE_CURVE ( 'NONE', #6062, #328, #7091, .T. ) ;
#9792 = DIRECTION ( 'NONE',  ( -0.000000000000000000, 0.000000000000000000, -1.000000000000000000 ) ) ;
#9793 = DIRECTION ( 'NONE',  ( -0.000000000000000000, -1.000000000000000000, -0.000000000000000000 ) ) ;
#9794 = DIRECTION ( 'NONE',  ( -5.421010862427520198E-16, 0.000000000000000000, -1.000000000000000000 ) ) ;
#9795 = CARTESIAN_POINT ( 'NONE',  ( -2.100000000000001865, 0.1999999999999999833, 0.3699999999999996625 ) ) ;
#9796 = CARTESIAN_POINT ( 'NONE',  ( 2.500000000000002220, 0.6664761515876249653, 0.1299999999999981726 ) ) ;
#9797 = EDGE_LOOP ( 'NONE', ( #211, #545, #4336, #8908 ) ) ;
#9798 = CARTESIAN_POINT ( 'NONE',  ( -0.6299999999999982281, 0.2000000000000005107, 2.499999999999999556 ) ) ;
#9799 = ADVANCED_FACE ( 'NONE', ( #2270 ), #5568, .F. ) ;
#9800 = VECTOR ( 'NONE', #3184, 1000.000000000000000 ) ;
#9801 = VERTEX_POINT ( 'NONE', #7085 ) ;
#9802 = EDGE_CURVE ( 'NONE', #3807, #4598, #5293, .T. ) ;
#9803 = DIRECTION ( 'NONE',  ( 0.000000000000000000, -0.000000000000000000, -1.000000000000000000 ) ) ;
#9804 = ORIENTED_EDGE ( 'NONE', *, *, #6079, .T. ) ;
#9805 = CARTESIAN_POINT ( 'NONE',  ( -2.100000000000001865, 0.000000000000000000, -1.130000000000000338 ) ) ;
#9806 = PLANE ( 'NONE',  #8697 ) ;
#9808 = LINE ( 'NONE', #3860, #9204 ) ;
#9807 = AXIS2_PLACEMENT_3D ( 'NONE', #4760, #879, #2421 ) ;
#9809 = VERTEX_POINT ( 'NONE', #8745 ) ;
#9810 = LINE ( 'NONE', #6195, #1614 ) ;
#9811 = EDGE_CURVE ( 'NONE', #8976, #9109, #9468, .T. ) ;
#9812 = DIRECTION ( 'NONE',  ( -1.000000000000000000, 0.000000000000000000, 0.000000000000000000 ) ) ;
#9813 = ORIENTED_EDGE ( 'NONE', *, *, #4069, .F. ) ;
#9814 = EDGE_CURVE ( 'NONE', #5100, #2417, #2510, .T. ) ;
#9815 = DIRECTION ( 'NONE',  ( -0.000000000000000000, -1.000000000000000000, -0.000000000000000000 ) ) ;
#9816 = ORIENTED_EDGE ( 'NONE', *, *, #5055, .F. ) ;
#9817 = VERTEX_POINT ( 'NONE', #1775 ) ;
#9818 = CARTESIAN_POINT ( 'NONE',  ( 1.629999999999999893, 0.2000000000000000111, -2.500000000000000444 ) ) ;
#9819 = CARTESIAN_POINT ( 'NONE',  ( -2.100000000000001865, 0.1999999999999999833, -0.1300000000000003375 ) ) ;
#9820 = DIRECTION ( 'NONE',  ( -1.000000000000000000, 0.000000000000000000, -0.000000000000000000 ) ) ;
#9821 = EDGE_CURVE ( 'NONE', #6837, #9677, #1303, .T. ) ;
#9822 = DIRECTION ( 'NONE',  ( -5.421010862427520198E-16, 0.000000000000000000, -1.000000000000000000 ) ) ;
#9823 = SURFACE_STYLE_USAGE ( .BOTH. , #629 ) ;
#9824 = ORIENTED_EDGE ( 'NONE', *, *, #9279, .F. ) ;
#9825 =( NAMED_UNIT ( * ) SI_UNIT ( $, .STERADIAN. ) SOLID_ANGLE_UNIT ( ) );
#9826 = AXIS2_PLACEMENT_3D ( 'NONE', #9040, #2070, #5888 ) ;
#9827 = ORIENTED_EDGE ( 'NONE', *, *, #2586, .T. ) ;
#9828 = VECTOR ( 'NONE', #1765, 1000.000000000000000 ) ;
#9829 = ADVANCED_FACE ( 'NONE', ( #3955 ), #8715, .F. ) ;
#9830 = DIRECTION ( 'NONE',  ( 1.000000000000000000, 0.000000000000000000, -0.000000000000000000 ) ) ;
#9831 = CARTESIAN_POINT ( 'NONE',  ( 0.000000000000000000, 0.2000000000000000111, 0.000000000000000000 ) ) ;
#9832 = VERTEX_POINT ( 'NONE', #3278 ) ;
#9833 = CARTESIAN_POINT ( 'NONE',  ( -0.6299999999999996714, 0.000000000000000000, -2.500000000000000444 ) ) ;
#9834 = VERTEX_POINT ( 'NONE', #6370 ) ;
#9835 = DIRECTION ( 'NONE',  ( 5.421010862427520198E-16, 0.000000000000000000, 1.000000000000000000 ) ) ;
#9836 = LINE ( 'NONE', #4855, #1756 ) ;
#9837 = CARTESIAN_POINT ( 'NONE',  ( -1.629999999999993676, 0.05000000000000000278, -3.534499082302729072E-15 ) ) ;
#9838 = CARTESIAN_POINT ( 'NONE',  ( 1.800000000000000044, 5.291168824543142968, 1.799999999999999822 ) ) ;
#9839 = EDGE_CURVE ( 'NONE', #5978, #10012, #3478, .T. ) ;
#9840 = MANIFOLD_SOLID_BREP ( 'LPattern3[14]', #5306 ) ;
#9841 = ADVANCED_FACE ( 'NONE', ( #4067 ), #9482, .T. ) ;
#9842 = CLOSED_SHELL ( 'NONE', ( #6577, #992, #4197, #1230, #8774, #117 ) ) ;
#9843 = FACE_OUTER_BOUND ( 'NONE', #6795, .T. ) ;
#9844 = DIRECTION ( 'NONE',  ( 1.000000000000000000, -0.000000000000000000, -0.000000000000000000 ) ) ;
#9845 = CARTESIAN_POINT ( 'NONE',  ( 2.100000000000001865, 0.1999999999999999833, 1.129999999999998117 ) ) ;
#9846 = ORIENTED_EDGE ( 'NONE', *, *, #3102, .T. ) ;
#9847 = COLOUR_RGB ( '',0.7921568627450980005, 0.8196078431372548767, 0.9333333333333333481 ) ;
#9848 = CARTESIAN_POINT ( 'NONE',  ( -1.869999999999999440, 0.6664761515876257425, 2.500000000000001332 ) ) ;
#9849 = EDGE_CURVE ( 'NONE', #1834, #9351, #2023, .T. ) ;
#9850 = LINE ( 'NONE', #3031, #7803 ) ;
#9851 = ORIENTED_EDGE ( 'NONE', *, *, #1682, .T. ) ;
#9852 = FACE_OUTER_BOUND ( 'NONE', #705, .T. ) ;
#9853 = ORIENTED_EDGE ( 'NONE', *, *, #5891, .T. ) ;
#9854 = EDGE_CURVE ( 'NONE', #6513, #1064, #3002, .T. ) ;
#9855 = DIRECTION ( 'NONE',  ( 0.000000000000000000, 0.000000000000000000, -1.000000000000000000 ) ) ;
#9856 = DIRECTION ( 'NONE',  ( -1.000000000000000000, 0.000000000000000000, 2.710505431213760691E-15 ) ) ;
#9857 = ORIENTED_EDGE ( 'NONE', *, *, #3613, .T. ) ;
#9858 = CARTESIAN_POINT ( 'NONE',  ( -2.500000000000002220, 0.04999999999999969746, 1.629999999999998117 ) ) ;
#9859 = VECTOR ( 'NONE', #5513, 1000.000000000000000 ) ;
#9860 = CARTESIAN_POINT ( 'NONE',  ( -2.500000000000002220, 0.1999999999999999833, -0.3700000000000018274 ) ) ;
#9861 = ORIENTED_EDGE ( 'NONE', *, *, #8951, .F. ) ;
#9862 = LINE ( 'NONE', #3620, #5797 ) ;
#9863 = VERTEX_POINT ( 'NONE', #8149 ) ;
#9864 = DIRECTION ( 'NONE',  ( 0.000000000000000000, -1.000000000000000000, 0.000000000000000000 ) ) ;
#9865 = CARTESIAN_POINT ( 'NONE',  ( -0.1299999999999990330, 0.2000000000000000111, 2.500000000000000444 ) ) ;
#9866 = DIRECTION ( 'NONE',  ( -1.000000000000000000, 0.000000000000000000, 3.614007241618325499E-15 ) ) ;
#9867 = CARTESIAN_POINT ( 'NONE',  ( -0.8700000000000001066, 0.000000000000000000, -2.100000000000000089 ) ) ;
#9868 = EDGE_CURVE ( 'NONE', #7670, #965, #1763, .T. ) ;
#9869 = FACE_OUTER_BOUND ( 'NONE', #969, .T. ) ;
#9870 = ORIENTED_EDGE ( 'NONE', *, *, #574, .T. ) ;
#9871 = EDGE_CURVE ( 'NONE', #1926, #8353, #7213, .T. ) ;
#9872 = LINE ( 'NONE', #7586, #2551 ) ;
#9873 = ORIENTED_EDGE ( 'NONE', *, *, #2457, .F. ) ;
#9874 = VECTOR ( 'NONE', #6704, 1000.000000000000000 ) ;
#9875 = CARTESIAN_POINT ( 'NONE',  ( -2.500000000000002220, 0.6664761515876249653, -0.1300000000000003375 ) ) ;
#9876 = ORIENTED_EDGE ( 'NONE', *, *, #3091, .F. ) ;
#9877 = DIRECTION ( 'NONE',  ( -0.000000000000000000, -1.000000000000000000, -0.000000000000000000 ) ) ;
#9878 = DIRECTION ( 'NONE',  ( 1.000000000000000000, 0.000000000000000000, -0.000000000000000000 ) ) ;
#9879 = FACE_OUTER_BOUND ( 'NONE', #8388, .T. ) ;
#9880 = AXIS2_PLACEMENT_3D ( 'NONE', #9584, #1219, #5104 ) ;
#9881 = EDGE_LOOP ( 'NONE', ( #875, #1009, #3764, #4405 ) ) ;
#9882 = ADVANCED_FACE ( 'NONE', ( #442 ), #5706, .F. ) ;
#9883 = EDGE_CURVE ( 'NONE', #2673, #2417, #7679, .T. ) ;
#9884 = ORIENTED_EDGE ( 'NONE', *, *, #6706, .F. ) ;
#9885 = CARTESIAN_POINT ( 'NONE',  ( 1.370000000000001439, 0.2000000000000000111, -2.100000000000000089 ) ) ;
#9886 = COLOUR_RGB ( '',0.7921568627450980005, 0.8196078431372548767, 0.9333333333333333481 ) ;
#9887 = ORIENTED_EDGE ( 'NONE', *, *, #3736, .F. ) ;
#9888 = CARTESIAN_POINT ( 'NONE',  ( -2.100000000000001865, 0.1999999999999999833, -0.6300000000000003375 ) ) ;
#9889 = VECTOR ( 'NONE', #7383, 1000.000000000000000 ) ;
#9890 = ORIENTED_EDGE ( 'NONE', *, *, #2039, .T. ) ;
#9891 = CARTESIAN_POINT ( 'NONE',  ( -2.500000000000002220, 0.1999999999999999833, -1.870000000000001883 ) ) ;
#9892 = ADVANCED_FACE ( 'NONE', ( #7451 ), #1075, .F. ) ;
#9893 = EDGE_LOOP ( 'NONE', ( #7110, #2371, #5796, #2075 ) ) ;
#9894 = CARTESIAN_POINT ( 'NONE',  ( -1.629999999999999671, 0.6664761515876257425, -2.500000000000000444 ) ) ;
#9895 = PRESENTATION_STYLE_ASSIGNMENT (( #210 ) ) ;
#9896 = VERTEX_POINT ( 'NONE', #6583 ) ;
#9897 = DIRECTION ( 'NONE',  ( 0.000000000000000000, 0.000000000000000000, -1.000000000000000000 ) ) ;
#9898 =( GEOMETRIC_REPRESENTATION_CONTEXT ( 3 ) GLOBAL_UNCERTAINTY_ASSIGNED_CONTEXT ( ( #3238 ) ) GLOBAL_UNIT_ASSIGNED_CONTEXT ( ( #5678, #9526, #8794 ) ) REPRESENTATION_CONTEXT ( 'NONE', 'WORKASPACE' ) );
#9899 = ORIENTED_EDGE ( 'NONE', *, *, #3687, .T. ) ;
#9900 = UNCERTAINTY_MEASURE_WITH_UNIT (LENGTH_MEASURE( 1.000000000000000082E-05 ), #598, 'distance_accuracy_value', 'NONE');
#9901 = CARTESIAN_POINT ( 'NONE',  ( 2.499999999999998668, 8.871067811865474440, -2.500000000000000444 ) ) ;
#9902 = EDGE_CURVE ( 'NONE', #4733, #2252, #3350, .T. ) ;
#9903 = DIRECTION ( 'NONE',  ( 1.000000000000000000, 0.000000000000000000, -3.614007241618325499E-15 ) ) ;
#9904 = PLANE ( 'NONE',  #2706 ) ;
#9905 = VECTOR ( 'NONE', #2397, 1000.000000000000000 ) ;
#9906 = ORIENTED_EDGE ( 'NONE', *, *, #6930, .F. ) ;
#9907 = ORIENTED_EDGE ( 'NONE', *, *, #1317, .T. ) ;
#9908 = CARTESIAN_POINT ( 'NONE',  ( 7.589415207398490017E-15, 0.05000000000000000278, 2.100000000000001421 ) ) ;
#9909 = ORIENTED_EDGE ( 'NONE', *, *, #9138, .F. ) ;
#9910 = AXIS2_PLACEMENT_3D ( 'NONE', #8941, #1150, #2724 ) ;
#9911 = VECTOR ( 'NONE', #6931, 1000.000000000000000 ) ;
#9912 = EDGE_CURVE ( 'NONE', #3017, #9499, #5399, .T. ) ;
#9913 = VERTEX_POINT ( 'NONE', #1879 ) ;
#9914 = CARTESIAN_POINT ( 'NONE',  ( 0.000000000000000000, 0.2000000000000000111, 0.000000000000000000 ) ) ;
#9915 = CARTESIAN_POINT ( 'NONE',  ( 0.000000000000000000, 0.2000000000000000111, 0.000000000000000000 ) ) ;
#9916 = ORIENTED_EDGE ( 'NONE', *, *, #212, .F. ) ;
#9917 = FACE_OUTER_BOUND ( 'NONE', #2240, .T. ) ;
#9918 = VERTEX_POINT ( 'NONE', #4153 ) ;
#9919 = DIRECTION ( 'NONE',  ( 0.000000000000000000, -0.000000000000000000, 1.000000000000000000 ) ) ;
#9920 = LINE ( 'NONE', #1337, #7051 ) ;
#9921 = DIRECTION ( 'NONE',  ( 5.421010862427520198E-16, 0.000000000000000000, 1.000000000000000000 ) ) ;
#9922 = ORIENTED_EDGE ( 'NONE', *, *, #8411, .T. ) ;
#9923 = EDGE_CURVE ( 'NONE', #9913, #3517, #5635, .T. ) ;
#9924 = ADVANCED_FACE ( 'NONE', ( #7569 ), #3412, .T. ) ;
#9925 = DIRECTION ( 'NONE',  ( 0.000000000000000000, 0.000000000000000000, -1.000000000000000000 ) ) ;
#9926 = LINE ( 'NONE', #8337, #2111 ) ;
#9927 = ORIENTED_EDGE ( 'NONE', *, *, #5252, .F. ) ;
#9928 = CARTESIAN_POINT ( 'NONE',  ( -2.500000000000002220, 0.6664761515876249653, -0.3700000000000018274 ) ) ;
#9929 = CARTESIAN_POINT ( 'NONE',  ( 2.500000000000002220, 0.6664761515876249653, -1.130000000000000338 ) ) ;
#9930 = CLOSED_SHELL ( 'NONE', ( #6980, #3655, #386, #1104, #3946, #171 ) ) ;
#9931 = DIRECTION ( 'NONE',  ( 2.710505431213760691E-15, -0.000000000000000000, 1.000000000000000000 ) ) ;
#9932 = CARTESIAN_POINT ( 'NONE',  ( 2.100000000000001865, 0.6664761515876249653, -1.130000000000000338 ) ) ;
#9933 = ORIENTED_EDGE ( 'NONE', *, *, #367, .F. ) ;
#9934 = LINE ( 'NONE', #4838, #3210 ) ;
#9935 = AXIS2_PLACEMENT_3D ( 'NONE', #7557, #3733, #1395 ) ;
#9936 = LINE ( 'NONE', #3932, #8373 ) ;
#9937 = ORIENTED_EDGE ( 'NONE', *, *, #7502, .F. ) ;
#9938 = EDGE_CURVE ( 'NONE', #1714, #2782, #1894, .T. ) ;
#9939 = ADVANCED_FACE ( 'NONE', ( #8157 ), #6624, .F. ) ;
#9940 = ORIENTED_EDGE ( 'NONE', *, *, #2800, .F. ) ;
#9941 = AXIS2_PLACEMENT_3D ( 'NONE', #1974, #6539, #9607 ) ;
#9942 = DIRECTION ( 'NONE',  ( 0.000000000000000000, -1.000000000000000000, 0.000000000000000000 ) ) ;
#9943 = DIRECTION ( 'NONE',  ( -2.710505431213760296E-15, 0.000000000000000000, -1.000000000000000000 ) ) ;
#9944 = VECTOR ( 'NONE', #614, 1000.000000000000000 ) ;
#9945 = LINE ( 'NONE', #5076, #1414 ) ;
#9946 = ORIENTED_EDGE ( 'NONE', *, *, #3692, .F. ) ;
#9947 = CARTESIAN_POINT ( 'NONE',  ( 2.100000000000001865, 0.1999999999999999833, 0.3699999999999996625 ) ) ;
#9948 = CARTESIAN_POINT ( 'NONE',  ( 2.100000000000001865, 0.6664761515876249653, 1.629999999999998117 ) ) ;
#9949 = ORIENTED_EDGE ( 'NONE', *, *, #4135, .T. ) ;
#9950 = CARTESIAN_POINT ( 'NONE',  ( 0.1300000000000005596, 0.6664761515876257425, 2.500000000000001332 ) ) ;
#9951 = FACE_OUTER_BOUND ( 'NONE', #6224, .T. ) ;
#9952 =( GEOMETRIC_REPRESENTATION_CONTEXT ( 3 ) GLOBAL_UNCERTAINTY_ASSIGNED_CONTEXT ( ( #5174 ) ) GLOBAL_UNIT_ASSIGNED_CONTEXT ( ( #5572, #4015, #940 ) ) REPRESENTATION_CONTEXT ( 'NONE', 'WORKASPACE' ) );
#9953 = VECTOR ( 'NONE', #6783, 1000.000000000000000 ) ;
#9954 = CLOSED_SHELL ( 'NONE', ( #3123, #9737, #9989, #2533, #780, #9789 ) ) ;
#9955 = VECTOR ( 'NONE', #4184, 1000.000000000000000 ) ;
#9956 = EDGE_CURVE ( 'NONE', #1505, #9408, #3948, .T. ) ;
#9957 = ORIENTED_EDGE ( 'NONE', *, *, #4515, .F. ) ;
#9958 = SURFACE_SIDE_STYLE ('',( #5855 ) ) ;
#9959 = CARTESIAN_POINT ( 'NONE',  ( 0.3700000000000013833, 0.2000000000000000111, -2.100000000000000089 ) ) ;
#9960 = DIRECTION ( 'NONE',  ( -0.000000000000000000, -1.000000000000000000, -0.000000000000000000 ) ) ;
#9961 = VECTOR ( 'NONE', #8245, 1000.000000000000000 ) ;
#9962 = DIRECTION ( 'NONE',  ( 0.000000000000000000, -1.000000000000000000, 0.000000000000000000 ) ) ;
#9963 = PLANE ( 'NONE',  #4898 ) ;
#9964 = FACE_OUTER_BOUND ( 'NONE', #680, .T. ) ;
#9965 = ORIENTED_EDGE ( 'NONE', *, *, #9923, .F. ) ;
#9966 = LINE ( 'NONE', #6900, #4073 ) ;
#9967 = CARTESIAN_POINT ( 'NONE',  ( 0.3700000000000003286, 0.000000000000000000, -2.500000000000000444 ) ) ;
#9968 = ORIENTED_EDGE ( 'NONE', *, *, #8977, .F. ) ;
#9969 = AXIS2_PLACEMENT_3D ( 'NONE', #8295, #9150, #3711 ) ;
#9970 = FILL_AREA_STYLE ('',( #7078 ) ) ;
#9971 = ORIENTED_EDGE ( 'NONE', *, *, #5630, .F. ) ;
#9972 = EDGE_CURVE ( 'NONE', #1826, #349, #2755, .T. ) ;
#9973 = LINE ( 'NONE', #7186, #7230 ) ;
#9974 = ORIENTED_EDGE ( 'NONE', *, *, #6782, .F. ) ;
#9975 = VECTOR ( 'NONE', #5429, 1000.000000000000000 ) ;
#9976 = ADVANCED_FACE ( 'NONE', ( #2260 ), #2689, .F. ) ;
#9977 = VERTEX_POINT ( 'NONE', #1141 ) ;
#9978 = DIRECTION ( 'NONE',  ( 0.000000000000000000, -0.000000000000000000, -1.000000000000000000 ) ) ;
#9979 = EDGE_CURVE ( 'NONE', #7005, #2853, #69, .T. ) ;
#9980 = VECTOR ( 'NONE', #3221, 1000.000000000000000 ) ;
#9981 = ORIENTED_EDGE ( 'NONE', *, *, #5072, .F. ) ;
#9982 = CARTESIAN_POINT ( 'NONE',  ( -1.129999999999998117, 0.000000000000000000, 2.100000000000000089 ) ) ;
#9983 = ORIENTED_EDGE ( 'NONE', *, *, #1435, .T. ) ;
#9984 = VECTOR ( 'NONE', #4027, 1000.000000000000000 ) ;
#9985 = ORIENTED_EDGE ( 'NONE', *, *, #3425, .T. ) ;
#9986 = EDGE_CURVE ( 'NONE', #4883, #649, #4903, .T. ) ;
#9987 = CARTESIAN_POINT ( 'NONE',  ( 1.129999999999999893, 0.2000000000000000111, -2.100000000000000089 ) ) ;
#9988 = ORIENTED_EDGE ( 'NONE', *, *, #6677, .T. ) ;
#9989 = ADVANCED_FACE ( 'NONE', ( #678 ), #2952, .F. ) ;
#9990 = ORIENTED_EDGE ( 'NONE', *, *, #1536, .T. ) ;
#9991 = LINE ( 'NONE', #6310, #5331 ) ;
#9992 = ORIENTED_EDGE ( 'NONE', *, *, #807, .F. ) ;
#9993 = PLANE ( 'NONE',  #3461 ) ;
#9994 = AXIS2_PLACEMENT_3D ( 'NONE', #6148, #2265, #3816 ) ;
#9995 = LINE ( 'NONE', #1657, #6866 ) ;
#9996 = EDGE_LOOP ( 'NONE', ( #8122, #10001, #6132, #7461 ) ) ;
#9997 = VECTOR ( 'NONE', #5003, 1000.000000000000000 ) ;
#9998 = DIRECTION ( 'NONE',  ( 0.000000000000000000, 0.000000000000000000, -1.000000000000000000 ) ) ;
#9999 = PLANE ( 'NONE',  #1500 ) ;
#10000 = CARTESIAN_POINT ( 'NONE',  ( -2.100000000000001865, 0.1999999999999999833, 1.869999999999999662 ) ) ;
#10001 = ORIENTED_EDGE ( 'NONE', *, *, #6918, .F. ) ;
#10002 = DIRECTION ( 'NONE',  ( 1.000000000000000000, -0.000000000000000000, -0.000000000000000000 ) ) ;
#10003 = EDGE_CURVE ( 'NONE', #5991, #3756, #4776, .T. ) ;
#10004 = DIRECTION ( 'NONE',  ( 0.000000000000000000, 0.000000000000000000, -1.000000000000000000 ) ) ;
#10005 = VERTEX_POINT ( 'NONE', #6695 ) ;
#10006 = EDGE_CURVE ( 'NONE', #3713, #431, #9595, .T. ) ;
#10007 = CARTESIAN_POINT ( 'NONE',  ( -0.1299999999999996991, 0.04999999999999969746, -2.500000000000000444 ) ) ;
#10008 = LINE ( 'NONE', #7049, #7960 ) ;
#10009 = EDGE_LOOP ( 'NONE', ( #3759, #2263, #3086, #9853 ) ) ;
#10010 = VECTOR ( 'NONE', #3003, 1000.000000000000000 ) ;
#10011 = ORIENTED_EDGE ( 'NONE', *, *, #5192, .T. ) ;
#10012 = VERTEX_POINT ( 'NONE', #3585 ) ;
#10013 = CARTESIAN_POINT ( 'NONE',  ( 0.1300000000000003375, 0.2000000000000000111, 2.100000000000000977 ) ) ;
ENDSEC;
END-ISO-10303-21;
